Date,Close,High,Low,Open,Volume
2021-06-01,322.9786071777344,325.8607862429022,321.62969489713447,325.3852552757995,31145400
2021-06-02,323.6093444824219,324.45361397756494,321.891693772137,323.39584866403806,22047900
2021-06-03,320.24200439453125,322.04699056764895,318.572863065807,320.77572922244894,37057800
2021-06-04,325.6763610839844,326.1227506563772,321.9693108395276,322.03724805700716,38736500
2021-06-07,326.6468200683594,326.7050435127181,324.4536382802467,325.1426354486117,32611900
2021-06-08,326.8020324707031,329.25721930775677,325.12317782604936,328.39352234967527,27282800
2021-06-09,326.8796691894531,328.9466900273445,326.6952851024466,328.17035779849925,21485300
2021-06-10,330.28582763671875,330.39256071213316,326.7728760813205,327.21926555016654,33702100
2021-06-11,331.1495666503906,331.1592804285053,329.6454118014749,330.2955834012602,21222800
2021-06-14,334.3228759765625,334.3325601390325,330.392616387702,331.5765422686303,27827700
2021-06-15,332.13946533203125,334.28410788253154,331.4213268119727,333.9735630962998,35963800
2021-06-16,330.9263916015625,333.6726958677757,327.47166267150703,332.60521679047145,55399500
2021-06-17,335.1283264160156,336.1375820099637,329.86861187050766,329.9171215293265,59722700
2021-06-18,332.4985046386719,334.61403537004617,331.7512544298912,333.46893484005597,55414900
2021-06-21,334.56488037109375,334.885510330673,330.4746394968715,332.68978513309554,32992600
2021-06-22,337.68365478515625,338.1305621489894,334.0597409959635,334.3609209204521,28941600
2021-06-23,337.8488464355469,338.9953049558193,337.0133225753747,337.6254075494483,27188500
2021-06-24,339.93768310546875,341.46300322274897,339.2381617228856,339.78223061494685,32581600
2021-06-25,339.5198669433594,340.74403668648523,338.9175071172272,340.50114774694623,28682800
2021-06-28,343.64898681640625,343.7850188574494,340.74404452058076,340.802335495448,39130300
2021-06-29,344.892578125,344.9217236125262,342.63859124073826,343.47411498284237,29426000
2021-06-30,344.34857177734375,345.1258343350431,343.76563227145294,344.737188231426,32724000
2021-07-01,344.4845886230469,344.98978702607894,342.648333708053,343.99881066452366,29290000
2021-07-02,348.43878173828125,348.7593821022505,346.1458946628319,346.37905856390046,32727200
2021-07-06,349.9447326660156,350.22649218747836,346.3499638665646,349.0411927673463,38842400
2021-07-07,350.68310546875,352.44161923318353,348.73026866921117,352.1404392834429,35265200
2021-07-08,348.5649719238281,349.41994554665996,344.338729026115,345.6211598108406,50890000
2021-07-09,350.74139404296875,351.2174469313186,347.39923947890736,347.9821789306915,35184500
2021-07-12,352.111328125,352.56796061744143,350.5665280392146,352.1404736181543,25717700
2021-07-13,352.111328125,355.07456197731983,351.2563541264259,351.7324070644584,39723000
2021-07-14,352.7427978515625,355.09394645998833,351.9169694297803,354.45271602599973,35336400
2021-07-15,350.26531982421875,352.8593871039803,348.263917056866,352.65536866834645,53391600
2021-07-16,347.4283752441406,352.1015564750905,347.0785997230479,351.12027558621315,47262000
2021-07-19,344.58172607421875,345.0771993956187,342.0265294469521,343.9793365421211,64404600
2021-07-20,348.5845031738281,350.0321117839169,343.7364197177112,345.5143833813313,42183700
2021-07-21,351.2757568359375,351.2757568359375,347.9336020918231,348.1570706277468,30259900
2021-07-22,353.5977478027344,353.6074431991234,351.4797336099196,351.4797336099196,30252200
2021-07-23,357.72686767578125,358.0085975181968,353.5686099185459,354.91905710150735,31960800
2021-07-26,358.0085754394531,358.3972214662514,356.1723504558063,357.03701967151557,28438100
2021-07-27,354.0640869140625,357.74629184182237,349.9155541597789,357.74629184182237,57933100
2021-07-28,355.4242248535156,356.9981700647173,352.90789903399076,355.2007860080486,42066200
2021-07-29,356.0556945800781,357.22154346982165,354.8606705598062,354.8606705598062,25672500
2021-07-30,354.2000732421875,354.78301259962615,352.10150934512467,352.1306548305202,36484600
2021-08-02,354.229248046875,356.4443940688661,353.520001644176,355.86145466317794,27334100
2021-08-03,356.37640380859375,356.4929857682527,351.70322247856217,354.88992452387834,35558500
2021-08-04,356.891357421875,357.8434929221903,355.23000505712656,356.33756341711404,29602200
2021-08-05,359.1550598144531,359.38822372781095,356.99820466729994,357.70742145360697,21443900
2021-08-06,357.58111572265625,358.8635765497484,356.47355748073585,357.8920207079267,33332100
2021-08-09,358.2417907714844,358.76640957041377,356.9399095212192,358.03774270014765,25960200
2021-08-10,356.4055480957031,359.0481812206712,355.2202487606175,358.75672632250746,35130800
2021-08-11,355.7934265136719,358.164024939674,354.46239986659873,357.66855166382885,34249800
2021-08-12,357.0758972167969,357.43536811406886,353.93776135089763,355.28823812662705,25969200
2021-08-13,358.32916259765625,358.65948796131124,356.9301200871612,357.42562295740646,19336200
2021-08-16,358.4847106933594,358.523551582133,353.3548966695648,357.2119748219875,34856900
2021-08-17,355.3271179199219,356.7067105697037,352.89822838907884,355.7351547573665,44793900
2021-08-18,351.9072265625,356.1917913024979,351.57690114042134,354.79274854455855,38541900
2021-08-19,353.6074523925781,355.27852960997615,349.7212290637019,349.9738430679288,48499400
2021-08-20,357.270263671875,357.6686051509274,354.3652913538164,354.67619635934994,39486000
2021-08-23,362.61383056640625,363.30362697510054,358.30011986359386,358.30981526121445,34034700
2021-08-24,363.7213439941406,364.3237038526615,362.7400631377907,363.2064206006118,21732900
2021-08-25,364.1391296386719,364.7123736957995,363.2258647453417,363.9739817438647,20441900
2021-08-26,361.8268127441406,363.96421764744815,361.3896007880284,363.2841463984758,29133300
2021-08-27,365.3438720703125,365.8490704411561,361.97257206698066,362.4583499945528,27104700
2021-08-30,369.4438781738281,369.92965615295554,366.1114187033676,366.130868798235,27295700
2021-08-31,369.1426086425781,369.7546638421812,367.5978089521397,369.68667747524375,29628200
2021-09-01,369.754638671875,371.82405696395887,369.5506202858955,370.20157562148347,28138300
2021-09-02,369.5798645019531,371.43553985938416,368.36541960700094,371.10521440590117,25453400
2021-09-03,370.7165222167969,371.1148636188877,368.4139399104051,368.4333603509238,24605400
2021-09-07,371.2411804199219,371.8921358655914,369.66726473429577,370.8234185329037,23970200
2021-09-08,369.9490966796875,371.0663801624214,367.68538421987137,371.0663801624214,32949200
2021-09-09,368.67633056640625,371.2800933473203,368.4334415834956,370.1725350030054,29399000
2021-09-10,365.87823486328125,371.10521037835343,365.54790941338325,370.38626849619504,40249400
2021-09-13,365.6255798339844,368.63740873289976,363.57561133523944,368.20992181049735,48741800
2021-09-14,364.5860595703125,367.84074796435834,363.6339241587504,367.1120810732379,41826600
2021-09-15,367.29669189453125,367.64646743225006,362.7498174509155,365.04270476619996,34097900
2021-09-16,367.54931640625,368.12253083905205,364.0420137793934,365.96567551839905,35193100
2021-09-17,363.1967468261719,367.12184115613655,362.15720449594147,367.0732752185729,60912300
2021-09-20,355.6919250488281,359.14476056928754,351.052446315012,357.40373906547455,76203200
2021-09-21,356.1295166015625,358.71672357721854,355.0012589193847,357.5203744709026,41927500
2021-09-22,359.4559326171875,360.9148819048465,355.944712563374,357.04379244259434,46972900
2021-09-23,362.7727355957031,363.8037243959848,359.9715472770477,360.6134887402737,44652000
2021-09-24,363.113037109375,363.53129182607177,360.13678273117716,360.50638799214573,36056800
2021-09-27,360.21466064453125,361.0900244643273,357.6663667698871,360.06877162163283,43338100
2021-09-28,350.02142333984375,360.16597812722546,349.51566487941074,355.66271239422485,97701600
2021-09-29,349.4475402832031,353.4256052044323,348.82507067423813,351.2858306757652,58076600
2021-09-30,348.1637268066406,352.7545561025401,347.3272766106787,351.09136185731893,61384600
2021-10-01,350.3229675292969,351.36369202460725,344.68170766871515,348.7862203586933,56375500
2021-10-04,342.9698486328125,349.0390691415434,340.73280457366985,348.70837747868603,76766000
2021-10-05,347.5995788574219,349.8463586647929,343.8063161750035,344.0300027634827,47232900
2021-10-06,349.8269348144531,350.0992708754434,343.4853484647592,344.3898900585049,56806500
2021-10-07,353.0365905761719,355.68215344387613,352.3362936499442,352.87122991088916,39411200
2021-10-08,351.276123046875,354.3496467593131,350.74115710996455,354.11619466511115,41822300
2021-10-11,348.5820007324219,353.2603637000325,348.4944376304484,349.73940684606686,34847200
2021-10-12,347.3662414550781,350.46891411027804,346.724299969806,350.03124697196307,43905100
2021-10-13,350.1478576660156,350.81897676780096,347.648183891679,349.6712770247832,40120800
2021-10-14,356.596435546875,356.81041599057534,353.0755088952258,353.736892200335,43433900
2021-10-15,358.8431396484375,358.9598508326656,356.7811629073501,357.8121512778938,40419900
2021-10-18,362.4516296386719,362.6656100553427,356.94652408468585,357.5495517091947,34513500
2021-10-19,365.1945495605469,365.24316934236003,362.5003665716349,363.52161944896375,29091000
2021-10-20,364.7179260253906,366.2644089038195,363.23950489702867,365.6516453763961,31390300
2021-10-21,366.9451904296875,367.1397288757198,363.6188026522911,363.92031646596155,25469300
2021-10-22,363.8619079589844,366.6533591274825,362.1987143121334,365.69046222915745,36275800
2021-10-25,367.5871887207031,368.5014661306031,363.33678718872363,365.28205322129304,32597800
2021-10-26,368.7446594238281,372.23640872219755,367.56778167336654,369.8242976093445,47191300
2021-10-27,369.6004638671875,372.66425124960705,368.92934486083686,369.1919450310794,45760500
2021-10-28,373.7050476074219,373.9579416825158,370.7287930405598,371.49718141168137,38007000
2021-10-29,375.54327392578125,375.7086345786651,370.28135606914276,370.6314896648021,37310100
2021-11-01,376.8271789550781,376.95362598852097,373.8995739420506,375.98099303268674,30765300
2021-11-02,378.40283203125,378.8794423541163,376.1657881505037,376.2144079243628,25135300
2021-11-03,382.4197998046875,382.8380248315274,377.8484429446031,378.88913759797674,33748900
2021-11-04,387.3218688964844,388.2750598100501,383.1395593613044,383.6842314026562,40265300
2021-11-05,387.69146728515625,390.0160444058111,386.2908735800523,389.0920609902603,43383800
2021-11-08,387.1662292480469,388.683534116914,386.524288006234,387.6622814990838,29256300
2021-11-09,384.5013122558594,388.6350028022809,383.13963189469575,388.23621968179623,50490700
2021-11-10,378.85028076171875,384.540159937135,376.92445677960063,381.72926606554546,54937400
2021-11-11,379.9007873535156,382.0016785683842,379.5603598065973,381.82661172108067,32243000
2021-11-12,383.8982238769531,384.43316010787464,379.45328432637615,381.0483868740119,34730600
2021-11-15,383.8106689453125,385.3960653814899,381.3693804579635,385.07510957260075,33716900
2021-11-16,386.543701171875,387.0397236654597,382.88659271699,383.0811014477937,27872900
2021-11-17,386.7480773925781,388.78087686824887,385.78518018894584,386.86478860727243,28703300
2021-11-18,390.7553405761719,391.26109909299385,386.5730301977901,388.790632436788,45721500
2021-11-19,392.9339904785156,394.2081373154626,391.5625744064973,392.3893183809995,45191700
2021-11-22,388.3723449707031,397.5248250612639,388.26536958827234,394.4707728765568,61715400
2021-11-23,386.6021423339844,389.2768828543448,382.16693860936056,387.2148761381592,70098700
2021-11-24,387.84716796875,388.12921018442887,381.7973891566023,384.12196673194364,46954400
2021-11-26,380.49395751953125,386.6604458170487,379.1030700777945,385.26955837531193,51533300
2021-11-29,388.75164794921875,389.76319448090595,384.3261801069884,385.0556547853165,54447100
2021-11-30,383.0423583984375,390.2106592936949,381.02900084263916,387.86661005974304,81332700
2021-12-01,376.525634765625,389.5200254430795,376.0587899811894,387.3802212397502,77766500
2021-12-02,379.2392883300781,381.01919343331065,373.8217160857389,375.24175177395284,84416600
2021-12-03,372.6448669433594,381.60280810324537,368.53061887852476,380.60099735187833,105349100
2021-12-06,375.6308288574219,376.9925089483325,368.91963826221985,373.1311552405075,67588800
2021-12-07,386.9425048828125,387.5552683136043,382.2349655574257,382.2738791816152,56005300
2021-12-08,388.6738586425781,388.87813294378265,385.37664820946287,387.27329443125376,39204000
2021-12-09,382.9548034667969,389.24774019188266,382.7602649929764,387.4483631974559,49973700
2021-12-10,387.11761474609375,387.38021493306354,382.59484819370726,385.76564082091,52545800
2021-12-13,381.5250244140625,387.4288840777842,381.15541913036526,387.1079282528068,50166400
2021-12-14,377.57611083984375,379.41437162098543,373.13117127846147,376.70071746726086,75199200
2021-12-15,386.18402099609375,386.5439202327106,373.3744576840154,377.32334631420366,73858000
2021-12-16,376.2532653808594,387.5747253178257,374.66786918204116,387.1467645151117,82591400
2021-12-17,374.3761901855469,378.5390584450025,371.32210816631004,372.8394133470758,80492500
2021-12-20,370.7445983886719,371.5334350211833,367.6087186657355,369.6538627842273,65336800
2021-12-21,379.0419006347656,379.35354778425284,370.26730662680666,374.01670180043914,48899500
2021-12-22,383.658203125,383.86270862526777,378.08763497623073,378.7498630763565,37042200
2021-12-23,386.5505676269531,388.0210990078146,383.84319568856364,384.0087378335423,29595500
2021-12-27,392.9391784667969,392.9391784667969,387.81658537729174,387.84580044463326,32820700
2021-12-28,391.1180114746094,394.010422056736,390.2415297237283,393.8351316506224,33113700
2021-12-29,391.0595397949219,392.52035246463817,388.6832821412253,391.25432670567466,32248500
2021-12-30,389.8909912109375,393.026870937428,389.3066600735181,390.8453700057501,23850100
2021-12-31,387.4562683105469,390.5823994941913,386.9595824300405,389.21898010882563,34752900
2022-01-03,391.18621826171875,391.4394353469124,386.51162877090127,388.62492150092214,40575900
2022-01-04,386.1123046875,391.7705172651739,383.01538866067614,391.73155393518823,58027200
2022-01-05,374.2505798339844,385.54754023833226,373.9973627235107,384.4275597698944,75739800
2022-01-06,373.9875793457031,377.2306007150052,370.199219910222,372.42940265304225,70814300
2022-01-07,369.936279296875,375.68216768645874,368.1638487324076,373.9973526174732,72652300
2022-01-10,370.1797180175781,370.69590044692626,359.6618768929974,365.0279391905365,91770500
2022-01-11,375.7405090332031,375.90605116159617,367.3651769879985,369.4492543074424,68295700
2022-01-12,377.23052978515625,380.0060797925901,374.95166559429856,378.3115168914577,54576400
2022-01-13,367.7937927246094,379.29525899592204,366.85888064807847,378.6135343174255,77994000
2022-01-14,370.08233642578125,370.4134504382263,365.06685520469034,365.27139040203764,80121200
2022-01-18,360.8695373535156,366.3914242509939,360.1099156887095,364.26838289555127,75450900
2022-01-19,356.9057312011719,364.9012368647518,356.64276592243806,362.42758597027944,81791500
2022-01-20,352.2701416015625,364.1027194405778,351.73452212502156,360.1293216669016,88610700
2022-01-21,342.502197265625,352.7181393726713,342.21976511466244,350.07894570355364,143388900
2022-01-24,344.07012939453125,344.7323871817224,325.4204234632394,336.87320642826637,198685800
2022-01-25,336.09405517578125,341.85940942247294,332.75367038091014,337.61332782671474,124398400
2022-01-26,335.5682067871094,347.55660890710044,331.87721121554597,343.69032292092504,146559500
2022-01-27,332.1888122558594,342.0931056687476,331.16622553880836,340.27196393380945,95255700
2022-01-28,342.60931396484375,342.8235677167253,329.12116502061934,334.0684383999999,108167900
2022-01-31,353.56536865234375,354.149699698525,342.3365891287706,343.9727220021404,94326400
2022-02-01,355.97088623046875,356.6233957534103,349.7575868291186,354.9093657280363,74433000
2022-02-02,358.8633117675781,360.43126650749025,354.7730532032093,360.10015246087346,78777100
2022-02-03,344.3135681152344,352.4746471186195,343.25204770428917,349.1634773534148,95384800
2022-02-04,348.65716552734375,351.9585879066283,342.77494938368886,344.8298123537539,86318300
2022-02-07,345.852294921875,351.6176193023127,344.5959876270935,349.2511097649402,58198100
2022-02-08,349.7380676269531,350.8288031286312,343.5831690442686,344.71286787681044,64720900
2022-02-09,357.1492919921875,357.22718893761805,352.6597114986028,354.2568812229211,55766400
2022-02-10,349.0660705566406,356.91550206060344,347.22546193723235,350.12759092704323,112468500
2022-02-11,337.9931945800781,350.66332306833533,336.76610206327547,349.0661531435878,101569100
2022-02-14,338.41192626953125,341.8107713545148,334.905998885152,337.4380509471334,80254400
2022-02-15,346.8261413574219,347.0598618690624,342.62874208745905,343.6902623715719,55128800
2022-02-16,346.7386169433594,347.7611742582783,341.547844250229,344.5766122966764,58947100
2022-02-17,336.4252624511719,344.22598404772407,336.00647344965546,343.52479258418157,61801400
2022-02-18,332.58819580078125,337.749723508386,330.2801158688841,337.36017929428124,80001500
2022-02-22,329.2477722167969,335.0520908242243,325.615236105448,329.64706468518256,85967100
2022-02-23,320.81396484375,333.24059154227604,320.5023176630174,332.40307317940693,86215400
2022-02-24,331.5948181152344,332.1304674056006,309.9455874721652,310.5104221147557,130614100
2022-02-25,336.7368469238281,336.94138213250466,328.57579699262675,332.39337147017665,78842100
2022-02-28,337.73992919921875,339.43449236604516,332.40311178089286,333.5620257210726,77515500
2022-03-01,332.5686340332031,338.9864680636294,330.0463008202966,336.7173519143617,67407000
2022-03-02,338.14898681640625,339.4831912377867,331.35132644345447,334.11712876141945,70609000
2022-03-03,333.3185729980469,340.89532171846434,331.4584675901399,340.78817997983646,71089400
2022-03-04,328.4880676269531,332.3933163869497,326.1702697955539,330.96171876502984,76936300
2022-03-07,316.3731689453125,329.63737772905665,316.16866341957774,328.4784635493588,89933800
2022-03-08,314.902587890625,324.5049841954412,311.58166951225644,315.5842827764271,116153900
2022-03-09,326.2383728027344,327.5920733021461,320.49251631613174,323.08302735130843,64723400
2022-03-10,322.6156311035156,323.8232565774196,318.1747625099664,322.1774050898638,69362700
2022-03-11,315.92510986328125,325.8976121503663,315.43817226185195,325.58596495257655,66228400
2022-03-14,309.8578796386719,318.0578920252177,309.15668831903486,314.6882922182204,79802600
2022-03-15,319.5771789550781,320.356297039955,310.8902277809926,312.49711610809675,76471000
2022-03-16,331.4292907714844,331.5461510668816,319.8206826634784,323.49221202568384,105243000
2022-03-17,335.4415588378906,335.4999889692299,328.2348886763728,329.5301295481416,67810000
2022-03-18,342.307373046875,342.5995534292545,332.6270515062005,333.7859653329229,85446300
2022-03-21,341.3556823730469,343.6958960470586,336.96782636985427,341.47271686238986,73799100
2022-03-22,348.06427001953125,348.9321048086692,341.47275472750243,341.85302014961167,63345900
2022-03-23,343.0621643066406,348.7468937416505,343.0036619245531,345.1878599650433,70615500
2022-03-24,350.6872863769531,350.73605819925956,342.8281491046148,344.9830661613371,53555300
2022-03-25,350.39471435546875,351.6818260333896,346.0946115385893,350.62872383979783,57584200
2022-03-28,355.81622314453125,355.9137370347705,349.1466836996103,350.3850238101714,56833900
2022-03-29,361.939697265625,362.56373256036494,356.93753556395194,359.7067572779281,68073000
2022-03-30,357.9418640136719,361.73493685192096,356.45975415978955,360.07729010507074,68757700
2022-03-31,353.5052490234375,358.43914777902,352.6666653724775,358.08810376601923,67011400
2022-04-01,352.8324279785156,354.5485472014141,349.65366014256847,353.7684957143745,54527800
2022-04-04,360.0968322753906,360.10659259224013,353.40780147060735,353.6710622119722,45950200
2022-04-05,352.1011657714844,359.355758650696,350.9603098177033,358.6439399994428,62738700
2022-04-06,344.45648193359375,347.88874994745345,341.82375623495386,346.78690570881565,90077100
2022-04-07,345.275634765625,347.4695634999712,340.0004514379718,343.4619715382261,63777400
2022-04-08,340.4488525390625,344.2906664689678,339.8150570927389,343.53986629496006,61956100
2022-04-11,332.394775390625,337.1336461991477,332.05349170625715,336.2170693357857,66107400
2022-04-12,330.99066162109375,339.0253050777088,329.61579631478435,337.14340927653535,72790200
2022-04-13,337.71868896484375,338.77176141426696,330.6103532208054,331.33190231102026,61367800
2022-04-14,329.99603271484375,338.323217066601,329.78151410953205,337.8064263024939,73519400
2022-04-18,330.24957275390625,332.541014798433,327.4218490584937,328.9429702120827,58560600
2022-04-19,337.6309509277344,338.2062441148995,328.5822166699637,329.60603798055195,56515700
2022-04-20,332.7067565917969,338.89851529742356,331.48790762443156,338.440226895412,65500000
2022-04-21,325.82281494140625,339.20090711672395,324.89650725367875,336.5877011505557,75801000
2022-04-22,317.290771484375,327.1975799069353,316.86173424802763,325.97873088482487,82562100
2022-04-25,321.3666076660156,321.6786401692086,314.3947969464285,315.6624178317536,101755900
2022-04-26,309.2366943359375,319.4945188827533,308.9636435379206,319.30925141670565,105819600
2022-04-27,308.86614990234375,314.83363086897674,307.15000069366886,309.33416895411995,111204200
2022-04-28,319.83575439453125,321.6689081461176,309.6071528246811,313.8292626421862,99450000
2022-04-29,305.4435119628906,319.0751277743634,304.8097165327338,315.6330999232121,91977900
2022-05-02,310.54327392578125,310.77728344136193,301.9333068279768,305.03405193765815,115511800
2022-05-03,310.8747253417969,313.1661671748028,308.1055042727577,310.5626928885679,78185500
2022-05-04,321.3861083984375,322.058915423081,306.0676225876862,311.3525351569356,116083400
2022-05-05,305.19976806640625,317.14448742363777,301.90399584181296,317.06649418624517,154607400
2022-05-06,301.54327392578125,307.2377334745027,297.5064313350277,303.2009206408079,139572800
2022-05-09,289.7448425292969,301.64082330799135,288.3504861060333,295.91711189687913,113387300
2022-05-10,293.264892578125,298.14028962320856,289.17930747378006,296.92144036193764,124124600
2022-05-11,284.5671081542969,296.51182827022683,283.69930314607365,291.00263678041307,140326100
2022-05-12,283.8943176269531,288.37968812743026,277.83908381769044,280.28654225693896,120910900
2022-05-13,294.41546630859375,295.4490480565435,286.7513270140495,288.35047145853673,83684900
2022-05-16,291.002685546875,294.7274958305589,289.7253339703702,292.67006291458443,59190400
2022-05-17,298.5400390625,298.9203045116113,293.0600684613582,296.8629014948216,62715300
2022-05-18,283.8846435546875,294.71776189204365,282.62678274019294,294.0254638189151,79477100
2022-05-19,282.3634338378906,287.0535923689451,280.4132753536652,282.0806822827589,79920700
2022-05-20,281.4859313964844,286.4783334710043,273.22700717925716,285.82504689670105,91764200
2022-05-23,286.166259765625,286.54652518718103,280.130517022383,282.5292035679818,63648400
2022-05-24,280.0817565917969,281.6613802288879,275.2161206158338,280.9495914149474,73491100
2022-05-25,284.0015869140625,286.07851044139545,278.38512100995723,278.58987931690285,67144500
2022-05-26,291.8704528808594,293.4208550430776,282.9192326893722,283.2020139981043,59462200
2022-05-27,301.3970031738281,301.54325911042497,294.88348090288605,295.0004856521635,66985600
2022-05-31,300.59747314453125,303.5714533810643,296.745897651391,301.36779419457156,60968300
2022-06-01,298.3742980957031,304.85857019114184,296.1608785576662,302.7329042287562,65341700
2022-06-02,306.54547119140625,306.72097834437847,295.83908850416947,297.2529655584795,59291300
2022-06-03,298.5692138671875,302.73279065428295,297.3211138866192,301.3286744565122,60914700
2022-06-06,299.5638732910156,304.56603502069134,298.0037404098427,303.00590213951847,51785000
2022-06-07,302.1478271484375,302.92790846647307,295.14676470252834,296.2388487907185,44900300
2022-06-08,299.9734191894531,303.9517297604242,299.1250751769183,301.34825485773797,38342100
2022-06-09,291.9386901855469,301.34819798738135,291.77294339477675,298.28646494444945,55900500
2022-06-10,281.64190673828125,287.52163383758494,281.19337858382175,286.33203587892865,85963500
2022-06-13,268.54656982421875,275.303861633674,267.6884953550074,272.77841004096007,94442000
2022-06-14,269.0341491699219,271.715617403757,266.5281880787887,270.7405380459988,64697500
2022-06-15,275.7524108886719,279.6819792310972,269.71666771221135,272.45666788942674,86051400
2022-06-16,264.6267395019531,269.1803423773034,262.56930706299113,268.72205399569987,81910300
2022-06-17,267.8445129394531,270.2822109859682,263.76868894737345,265.397054578494,82703400
2022-06-21,274.6021423339844,276.9175477266973,272.2184026530174,272.3258532528724,51633700
2022-06-22,274.2015686035156,278.6076088822081,271.5051672393198,272.10109459964207,67472900
2022-06-23,278.28521728515625,279.1351620807887,273.8498399380309,276.68299919489084,57457800
2022-06-24,287.82025146484375,288.24036412158455,280.8741265079586,281.10858580343864,58422300
2022-06-27,285.71002197265625,289.74481430428483,284.5767524976835,289.1781944739237,54151500
2022-06-28,277.00543212890625,288.8363259156391,276.81980855974086,286.24740483814566,61609800
2022-06-29,277.2594299316406,278.76394687885903,274.36765551748465,276.868654440148,57302700
2022-06-30,273.820556640625,277.39621043122844,269.4242653952654,274.2797260299329,79313600
2022-07-01,275.6279296875,276.01870517279946,270.645460260721,272.5212243301203,56675100
2022-07-05,280.34661865234375,280.4638483232388,270.3719299635599,271.89597531371504,61829300
2022-07-06,282.1441650390625,284.24463896136103,279.0081525835329,280.72760032166383,63194700
2022-07-07,288.1817932128906,288.8852010207753,282.9550853168003,282.9550853168003,56620100
2022-07-08,288.543212890625,289.9109417837041,284.4106889856484,285.34855596743785,59895500
2022-07-11,282.3786926269531,286.3548713416814,281.4994403008102,286.13019108228656,55273900
2022-07-12,279.6431579589844,285.5439653975893,278.0507189970314,283.6291449016066,55797100
2022-07-13,279.06683349609375,281.41151653972287,273.566579098107,274.13322897066035,73939400
2022-07-14,280.0633544921875,280.93282785688643,273.3516569493791,276.46814190675576,63741800
2022-07-15,285.1434326171875,285.2509130128908,281.44077025302914,283.05276748878146,63818100
2022-07-18,282.7303771972656,289.33459333825147,281.55805071888204,287.92777771278395,59519600
2022-07-19,291.4252014160156,291.7183053387697,284.75262248895035,286.3548106391774,55172600
2022-07-20,296.0462341308594,297.2283395826278,291.06376504505164,291.84534577642216,67769400
2022-07-21,300.2960510253906,300.35466586575325,293.84815025713857,296.50546567254037,55049400
2022-07-22,295.03021240234375,301.43902572615195,293.20331391412896,299.36788883439493,57127700
2022-07-25,293.3498229980469,295.52844008286405,291.3470802058321,295.05949165968326,40582400
2022-07-26,287.5858459472656,291.9039942701177,286.7749875225989,291.64997677634415,50074100
2022-07-27,299.7391052246094,301.42924553684514,291.5815374204187,292.1481871544827,69304400
2022-07-28,302.66998291015625,303.24638193831424,295.7726930962561,299.5241912245391,55139900
2022-07-29,308.1897277832031,309.098317152877,302.78717638335104,304.21354989028913,57501000
2022-08-01,308.0041809082031,311.4626053389517,305.32733732256594,306.4215206914611,46358800
2022-08-02,307.0858154296875,311.20856086070916,304.65321047884163,305.7083370747142,48676500
2022-08-03,315.4486083984375,316.2692459648729,308.7076037201072,308.7662185595481,53735700
2022-08-04,316.92376708984375,317.2363994221369,313.37742046943487,315.5267304861252,38973700
2022-08-05,314.3348388671875,316.36688935371126,311.0522888933584,311.8338398925769,53894000
2022-08-08,313.3187561035156,318.94601793817696,311.8533258185939,315.25313481274435,43878500
2022-08-09,309.7723693847656,311.6774404308173,308.15065298552094,311.42342300754336,39764200
2022-08-10,318.41845703125,318.71156097894493,314.63765163860506,317.1093428781285,51459600
2022-08-11,316.6111145019531,322.74638201295915,315.907706706425,320.7436390274632,45897700
2022-08-12,322.7757263183594,322.9710991571308,317.6076332325729,318.6627300418637,40928400
2022-08-15,325.3841857910156,325.8824417015116,321.80853179378624,321.82808994824325,38266600
2022-08-16,324.6221618652344,326.7128570143591,321.57407120774315,324.4072308668595,41186900
2022-08-17,320.9195251464844,323.7917715329037,318.8386089058885,321.4861750127914,47842200
2022-08-18,321.6912841796875,322.8733897022626,319.2586792262726,320.8706467232856,41937200
2022-08-19,315.4192199707031,319.307505970021,314.6571973673879,318.6529637644111,51770600
2022-08-22,307.1151123046875,311.39417374431594,306.30425395365506,311.15971442628387,51098900
2022-08-23,306.86114501953125,309.6943046194441,306.1088716338093,306.88067335924467,39497100
2022-08-24,307.7502136230469,309.5673333066563,305.7767479457897,306.3824545069928,38057100
2022-08-25,313.1917724609375,313.2113306140932,308.482878760388,309.52819645519156,38098300
2022-08-26,300.3546447753906,314.10039034621394,300.2667225210204,312.8987265746336,69047700
2022-08-29,297.3944396972656,300.1396768426791,296.2904773933453,297.599591598888,48321900
2022-08-30,294.08258056640625,299.66100744201606,291.56205323702653,299.0455218647492,51184500
2022-08-31,292.37286376953125,297.8828958308832,292.2654131951686,296.98408549089675,50044000
2022-09-01,292.4999084472656,292.8711555938858,286.1985754742801,289.88167989587697,57990700
2022-09-02,288.3673400878906,296.7495869059259,286.75534317181575,295.3720790729488,64666800
2022-09-06,286.29632568359375,289.7645298834079,284.16657335774056,288.8461908412021,57005400
2022-09-07,292.079833984375,293.0763159744167,286.5111862526931,286.77498281936545,49260400
2022-09-08,293.59417724609375,294.91307098271255,288.6410435990181,290.00877310525465,55649800
2022-09-09,300.0126953125,300.51095121873436,293.5941026228412,295.8508631880941,56125200
2022-09-12,303.57861328125,303.9107739944549,301.07761394654864,301.39024631695224,45905700
2022-09-13,286.9312744140625,296.0364589952393,286.04224309081405,294.84457445150866,79562200
2022-09-14,289.20758056640625,290.08683286651126,286.3060271060787,288.07431078310657,54907200
2022-09-15,284.3911437988281,289.6959936631581,282.78892589454506,287.2926966209855,65299400
2022-09-16,282.6522216796875,283.04299715541504,279.0374814471277,281.08908996251955,79920400
2022-09-19,284.8533630371094,285.00996012751204,279.9500491824205,280.0087693578414,52613800
2022-09-20,282.582763671875,284.87293998532556,280.2827907071365,282.3478531158375,51271100
2022-09-21,277.5228271484375,287.6916318605769,277.3858233676275,283.42444346717195,82931000
2022-09-22,274.10711669921875,277.0040878206803,272.88373009260727,275.9960184515459,62757100
2022-09-23,269.64422607421875,271.9344023987878,266.2285100882772,271.64077166927524,74815200
2022-09-26,268.5284423828125,273.53942878181266,267.7356903085554,269.1743940484729,71176700
2022-09-27,268.63616943359375,274.2441552338092,266.3166030444239,271.895258624913,69780100
2022-09-28,273.9798583984375,275.26196507299517,267.1386905841971,268.6165211798836,79652100
2022-09-29,266.0816345214844,270.3683850984595,263.11614718461993,269.9866742182322,81216000
2022-09-30,261.56988525390625,269.3310436707133,261.41328816489596,265.25960895996843,78482400
2022-10-03,267.7063293457031,269.3016301388179,261.8340740784838,263.34129462673053,61267400
2022-10-04,276.1232604980469,276.8279323910832,273.0500989493547,273.0500989493547,66696900
2022-10-05,275.9764709472656,277.7674959008721,269.55614005462246,272.3552344355478,55766300
2022-10-06,273.8036804199219,278.129558122056,273.4806896755464,274.9781134751825,53489400
2022-10-07,263.3706970214844,269.29187675342655,262.0396367491258,269.16463975667466,71354700
2022-10-10,260.7379150390625,263.957876589574,258.026901375244,263.5663690250921,60393000
2022-10-11,257.15582275390625,261.9319280657339,255.47244186314455,259.0643174959777,66522500
2022-10-12,257.0677490234375,259.7102458087687,256.3728738896596,257.79198423701354,50580200
2022-10-13,263.0965881347656,264.4178513968698,248.8465710561196,249.72741820882763,112894100
2022-10-14,255.1885986328125,266.0229154301057,254.60139707293033,265.4259172216151,77244300
2022-10-17,263.6153869628906,264.4864228111585,261.0609398578909,261.158816772981,64576500
2022-10-18,265.7000732421875,271.30805971858354,263.01838882706596,270.64254440825624,69781000
2022-10-19,264.7310485839844,267.85313339964506,262.3625889866223,264.18297380767734,53115400
2022-10-20,263.38037109375,268.98838455329815,262.2157348336738,263.84036552971116,60605500
2022-10-21,269.5560607910156,270.0943388235766,261.1391569531592,262.27446303992406,77897700
2022-10-24,272.5215759277344,273.4513317035027,266.17952985624714,269.82032910449914,63963600
2022-10-25,278.15899658203125,278.5407075933375,271.9833425160097,273.461203301568,59014500
2022-10-26,272.0126647949219,277.93387389821464,271.5233101517326,272.53137952198904,63492400
2022-10-27,267.0604248046875,272.3552461557025,266.54171002593654,270.89697873140716,57760300
2022-10-28,275.2326354980469,275.70242672293,266.2676545644342,266.43404829027975,62651300
2022-10-31,272.03216552734375,273.80362634345886,270.11387447396646,272.9815144067944,47742000
2022-11-01,269.2526550292969,276.06449209440797,268.89053742922755,275.5066207207611,45895900
2022-11-02,260.0235595703125,272.28678967353073,259.9550427299738,269.2234238441942,79803100
2022-11-03,254.94398498535156,258.8686189743919,254.5623038761739,257.4103516237001,70038900
2022-11-04,259.04473876953125,260.9336403199302,253.5639613842532,259.87664754666133,78313200
2022-11-07,261.892822265625,262.43113031008943,257.9584215680072,260.09200070845395,47333800
2022-11-08,263.80133056640625,267.040856174654,259.866899804266,263.40985279403156,63213800
2022-11-09,257.7137756347656,262.8422035172977,257.4299415355734,262.05924791630594,64862100
2022-11-10,276.7300720214844,277.02367288285944,268.0195646758968,270.1335804813157,99256700
2022-11-11,281.8291320800781,282.49467712823,275.20328062663947,276.54410763833613,66961800
2022-11-14,279.36279296875,283.0525163828222,278.3840836407675,279.77383416051316,55290700
2022-11-15,283.2286376953125,287.0162370921338,279.88143946798726,285.98857462764755,73985400
2022-11-16,279.36279296875,283.316787016794,278.5406807173853,281.2712881054512,48859800
2022-11-17,278.74615478515625,280.22401518143465,274.7432378860125,274.89983493649123,55462100
2022-11-18,278.7560119628906,281.8585039624073,276.30923852006174,281.76065691896605,53588600
2022-11-21,275.88836669921875,278.5210671212513,275.05645785748214,277.3661973666616,40083500
2022-11-22,279.8619079589844,280.01847514744213,274.4887741356376,276.62238289326433,41873400
2022-11-23,282.67083740234375,283.2971958456879,279.7053493109649,279.8815098230456,46390000
2022-11-25,280.81121826171875,281.7801306790189,280.32186372888754,281.0754589570287,15498800
2022-11-28,276.69091796875,280.8504327963469,275.76116198681456,278.8342938811036,38714200
2022-11-29,274.59649658203125,277.31730745051124,273.2263094302499,276.91603302251815,35618900
2022-11-30,287.1141357421875,287.22180929264937,274.0092342106235,274.8607064926113,74718100
2022-12-01,287.46649169921875,289.4532703483162,284.68696092058923,287.43713161545224,51547300
2022-12-02,286.3214111328125,287.20227345050546,282.22061652767866,282.39680691192086,53583200
2022-12-05,281.5159606933594,285.4699248069331,280.05766350911045,284.19761464913205,41482100
2022-12-06,275.6827697753906,281.49630416938044,274.29301959119425,281.3593004278178,53937600
2022-12-07,274.5572814941406,276.55385655832555,272.84454045145185,274.4985613335323,45614300
2022-12-08,277.806640625,278.77555327375643,273.83308325862356,275.9079421946226,42594900
2022-12-09,276.03515625,279.5585154089067,275.5947251546985,276.7887515955548,47860500
2022-12-12,279.49981689453125,279.55856693685723,275.1739380789546,276.2113676519847,35732500
2022-12-13,282.5044250488281,290.5592131001037,279.82277120448714,290.33409921539373,80667700
2022-12-14,280.4100646972656,285.2057352103251,277.16074203192096,281.91725580250164,64984400
2022-12-15,270.9948425292969,276.9845388900271,269.8008159440126,276.31899384162705,60554100
2022-12-16,268.4110412597656,271.8560874452993,266.80594357710976,270.31953645378024,68300400
2022-12-19,264.63885498046875,268.7690767344981,263.40271951563386,268.6807856212014,44167900
2022-12-20,264.432861328125,266.17913333023336,261.89193931007276,263.4714192377774,51064200
2022-12-21,268.2688293457031,269.5736160520832,264.6291028618082,265.4728236156343,46394700
2022-12-22,261.7055358886719,265.3844822211629,257.48699279714367,265.25694062467517,60278400
2022-12-23,262.2941589355469,262.96129733071217,258.5367413646793,260.4399854422568,39373600
2022-12-27,258.5857238769531,261.7937837094785,258.0461571464976,261.68585239978523,38009000
2022-12-28,255.17176818847656,260.4400154666826,254.80878354388466,258.18360663095893,47139000
2022-12-29,261.3916015625,262.3334034752378,257.2809896473435,257.97752846222875,45893600
2022-12-30,261.23468017578125,261.36222180165817,257.3202899566144,258.62507671655374,37858300
2023-01-03,259.4687194824219,265.0312691802193,257.16324062153893,263.55969075063524,42335300
2023-01-04,260.704833984375,262.38245500821034,257.55566441960866,261.5878050240108,47754900
2023-01-05,256.6236877441406,259.20386048845717,256.3097737127626,259.0370983373102,45396700
2023-01-06,263.706787109375,264.825200851375,255.40709489618297,258.3600712373581,54659700
2023-01-09,265.413818359375,270.0738153926703,264.8055709053221,265.6983018850892,45568700
2023-01-10,267.6604919433594,267.76842326727916,263.8736443498317,264.38378077930986,35247800
2023-01-11,272.29107666015625,272.3990079906392,267.94502179315026,268.7298816623899,44077000
2023-01-12,273.7626647949219,274.7927877956512,268.5532788594756,272.8502932331982,60600000
2023-01-13,275.6462707519531,275.89153383124483,270.9274115015277,271.2609656966435,44802900
2023-01-17,276.2055358886719,277.4907122994927,274.2826513860073,275.45010628428685,36269700
2023-01-18,272.6148376464844,279.2958018979134,272.4088250315882,277.74572238568624,47754500
2023-01-19,269.9365539550781,272.12431152107627,268.7004483260857,270.98628717773255,44150400
2023-01-20,277.3238525390625,277.65740672300205,270.48591691995296,271.54547015302177,60613600
2023-01-23,283.4848937988281,284.7112093017604,277.3729564933935,278.1676065441461,52799900
2023-01-24,282.9061279296875,284.06376278956606,281.3462579189666,281.8662145892069,44875100
2023-01-25,282.27825927734375,282.89629723104247,275.8523471502151,278.39326964657994,50872000
2023-01-26,287.7819519042969,287.95853417814794,283.053271419966,285.7021252851234,51596300
2023-01-27,290.6465759277344,292.60868060840096,286.34956188677984,286.4672833773252,56441900
2023-01-30,284.77008056640625,288.8022216574002,284.3973057887979,287.37968364573163,49405800
2023-01-31,289.03765869140625,289.13576992110575,284.70142376852044,284.80932516364925,46705100
2023-02-01,295.21832275390625,297.680744097422,286.7616253046277,288.8316615869483,67562200
2023-02-02,305.8135986328125,307.7364525973312,300.9181576449358,301.7422379154438,83070600
2023-02-03,300.37860107421875,306.4709577187037,298.769690790087,299.1621057418746,76170800
2023-02-06,297.8376770019531,300.1137256214991,296.49364008331565,297.7592059878805,40802300
2023-02-07,304.00848388671875,305.13668801554405,296.59173107995235,297.7101151054352,67584000
2023-02-08,298.6029357910156,303.63573975725507,297.9162170249619,302.69393776816526,56720900
2023-02-09,295.9638977050781,303.1353887624289,294.51195923155336,302.98823688191555,49137800
2023-02-10,294.0214538574219,295.8560172897448,291.61786319429524,293.80562110424586,50050100
2023-02-13,298.7304382324219,299.31907562567426,294.2470218426378,295.4242966291426,39636700
2023-02-14,300.9377746582031,301.8893965286975,295.2084331685964,297.1509273822048,64079100
2023-02-15,303.24322509765625,303.409987196878,298.43607555773957,299.12279409810736,43100600
2023-02-16,297.5531921386719,302.5859959303086,297.4060402610044,298.61274553656614,59498600
2023-02-17,295.4537048339844,296.20910430272016,292.45168728691385,295.36541372252225,58230700
2023-02-21,288.4587707519531,293.0697279651219,288.3214390154632,291.6275800656275,46526700
2023-02-22,288.6746520996094,290.7446581736878,287.016671243805,289.0376366764408,51389200
2023-02-23,291.1960144042969,292.48119080254816,287.00690100814256,292.3242188075793,69294400
2023-02-24,286.32012939453125,287.4189032172758,284.5542172313994,286.23183827727587,74332000
2023-02-27,288.3705139160156,290.87218529190994,287.7818765512934,289.4791077993854,48995000
2023-02-28,287.99774169921875,290.5092334615913,287.40910426818135,287.74265849325576,48243100
2023-03-01,285.6824645996094,288.36071843177893,284.70141222109334,287.70343010420504,58287000
2023-03-02,288.0467834472656,288.85125360812066,282.90607840448746,283.1905919861252,53565900
2023-03-03,294.001708984375,294.23718186541674,289.2828504119004,289.79301670471045,60511500
2023-03-06,294.3353576660156,298.23995735961194,294.13916513136036,295.2379391313372,56736300
2023-03-07,290.7250671386719,295.3065950596229,290.11681943570414,294.3844034004965,65955800
2023-03-08,292.177001953125,292.7754294827464,289.2927058080047,291.14687907881626,50876300
2023-03-09,287.11474609375,295.27710774378676,286.3004559856999,292.6772954111653,71456700
2023-03-10,283.08270263671875,288.77282541665835,281.9348879139421,287.28160637257514,98593600
2023-03-13,285.18212890625,288.890505837308,279.7863406238493,281.29716972593775,97123600
2023-03-14,291.735595703125,292.28498274294475,287.8898864243868,288.7335772571999,73602500
2023-03-15,293.2659912109375,293.599545439294,287.6838005748125,289.12594882234004,83631500
2023-03-16,300.9967041015625,301.35968872296763,291.5589841876488,292.3536342883857,98198100
2023-03-17,299.5740966796875,303.29229304043884,297.6218123089048,300.9083432902864,89923700
2023-03-20,300.6373291015625,300.96156442309575,296.74635531468806,298.95714064586366,56359500
2023-03-21,304.9311218261719,305.383096151372,301.05978916317935,302.5729571040387,49757000
2023-03-22,300.78466796875,309.75554713715763,300.61764766949733,304.8623321401105,75791900
2023-03-23,304.3514099121094,308.6747169209865,301.6591745901483,304.51846019922783,74576000
2023-03-24,305.47161865234375,305.56985179790354,301.6002851692418,303.92897445012494,57195200
2023-03-27,303.378662109375,307.24999463812065,302.52383005099284,306.16916043212996,50287400
2023-03-28,301.76727294921875,302.8284666751966,299.45822454941873,302.7989907375691,48585900
2023-03-29,307.2696533203125,307.8886779467395,304.646175138239,305.4617259902813,53274300
2023-03-30,310.17803955078125,310.80689945176334,307.35806527422386,309.7457058652787,58354800
2023-03-31,315.3365478515625,315.57238531475065,310.0994568842144,310.4040515378781,62138100
2023-04-03,314.5701599121094,314.8354733237728,311.88775975910704,313.21420687465223,47126800
2023-04-04,313.50897216796875,316.0243518179642,312.290563597787,315.01230477117457,45875400
2023-04-05,310.41387939453125,313.4991370985997,308.5961168372781,312.55587722556044,62795700
2023-04-06,312.5067443847656,312.99802996310086,307.36791642622194,308.76315067670646,46916500
2023-04-10,312.3298645019531,312.3790110473827,307.79039090860914,309.5786774713476,45134700
2023-04-11,310.3254089355469,312.34953293369824,309.8144827721986,312.2905510824566,40113600
2023-04-12,307.5840759277344,312.87031342197184,307.1222662957105,312.2807647449235,62813300
2023-04-13,313.6072082519531,314.0788231546302,308.1637563599467,309.3428236023274,54613800
2023-04-14,313.0177001953125,314.7764809739093,310.10926798541686,312.05476966810073,56278300
2023-04-17,313.282958984375,313.6367001650962,310.5317719596086,312.6049825415416,43007000
2023-04-18,313.3026428222656,315.81805271629645,312.1039347277602,315.39552430525794,46746900
2023-04-19,313.1552734375,314.2164671752397,310.7676325061279,310.8953715658276,38960100
2023-04-20,310.767578125,313.70545604121475,309.4804124167507,310.18786478954866,62462100
2023-04-21,311.09185791015625,311.86809756580624,308.6256245513953,310.40407605124466,59002300
2023-04-24,310.443359375,312.2021401015281,308.2718555959959,310.86585776277883,44043100
2023-04-25,304.5872497558594,309.4804653365715,304.489016620201,308.8123240884824,57121600
2023-04-26,306.4344482421875,309.4509487559447,305.91368675167655,307.9770920863072,55400500
2023-04-27,314.7666931152344,315.2677840420541,309.5590477109076,310.19774298595155,65430400
2023-04-28,316.93817138671875,317.02659919853187,313.4009089857231,314.53085989537186,59712600
2023-05-01,316.5745849609375,317.98948974313606,315.493750754301,316.47632185384504,41013400
2023-05-02,313.8135986328125,316.83009945162763,312.07442839591636,316.5058341595277,56519400
2023-05-03,311.7599792480469,316.8496901296234,311.6518808391574,314.17709565364254,59882100
2023-05-04,310.6595458984375,312.68364014813113,309.62782815897486,311.5340186637454,50224500
2023-05-05,317.2624206542969,318.1172527776651,310.6988224251613,312.91944287304113,51806100
2023-05-08,318.0484619140625,318.3923678179955,315.71977305719315,316.8006073328287,36465800
2023-05-09,316.0341491699219,317.2525276080899,315.7197192550117,316.3878603349305,31768800
2023-05-10,319.4731750488281,320.32800708992704,315.9948650328523,318.47093335731375,60446600
2023-05-11,320.5147399902344,321.0551421602665,318.470975085948,320.0234543863166,44278500
2023-05-12,319.3650817871094,321.4677983234003,317.31151179697923,321.045269963454,48432800
2023-05-15,321.09442138671875,321.3302288576638,318.3137283538319,319.8367315655272,33375600
2023-05-16,321.45794677734375,323.16761080073854,320.3378013925757,320.37711263038034,40019200
2023-05-17,325.34893798828125,325.9286513392728,321.3400610920875,322.5191284212314,47486100
2023-05-18,331.3917541503906,331.6079209983727,325.72232952633465,325.7419701540816,64213500
2023-05-19,330.6450500488281,332.3154031274269,329.58385634177114,331.6079506512869,61554900
2023-05-22,331.75531005859375,332.76735706001745,330.37968657373955,330.389521879848,43015900
2023-05-23,327.5498962402344,331.1854214014878,327.1961850279305,330.0358299758091,48216700
2023-05-24,325.86968994140625,327.107739087204,323.81611999977775,325.59457124075004,62891200
2023-05-25,333.7991027832031,335.0666280785355,330.8022724961006,333.2292246578266,66862800
2023-05-26,342.3277893066406,343.1629807974881,334.722698053465,334.82096116751046,63007000
2023-05-30,343.8802185058594,347.7613560675024,342.4554785237535,346.56261821624497,72652200
2023-05-31,341.9248962402344,344.4894223193903,340.47071025093595,342.2982780436562,65105400
2023-06-01,345.8748779296875,347.20132498528426,340.6181163131397,341.6694746335876,50488600
2023-06-02,348.4688415527344,349.62826827724246,345.8748693896707,347.6336501039752,53372100
2023-06-05,348.7144775390625,351.26916839727164,347.6827898779061,348.2526679224413,47266200
2023-06-06,348.65557861328125,349.6185092327491,346.778863928243,348.10534111235535,41390400
2023-06-07,342.74041748046875,350.89574464494757,342.1115576582304,348.94043798423246,69225900
2023-06-08,346.9949951171875,347.4568047564389,342.809262414588,343.03523458791426,47153900
2023-06-09,348.32147216796875,351.4264005957321,346.87709138014355,348.4492112149935,53196900
2023-06-12,354.2071228027344,354.30538593111123,349.00934214997096,349.9820781537995,44606500
2023-06-13,356.9287414550781,357.7639027940649,353.7550264155944,356.95821738485785,57097800
2023-06-14,359.5227355957031,359.8076895917558,354.13826551644587,356.93856897675994,69525600
2023-06-15,363.8067932128906,365.2904552167826,357.63624776639995,358.2552423852553,71138800
2023-06-16,361.5174255371094,366.35168918348165,361.0752864749284,366.2239501258424,80932000
2023-06-20,360.9998474121094,362.39702549677264,358.03827186745264,360.0651424498802,49204700
2023-06-21,356.08026123046875,360.2914331262993,355.1553750173207,359.85850638708854,53378300
2023-06-22,360.2816467285156,360.4390473507144,354.42731645188564,354.8307268599819,47603000
2023-06-23,356.7099914550781,359.01235823948906,355.01764962720034,356.38528138026277,48922900
2023-06-26,351.92816162109375,358.9730256828377,351.8396125090522,356.1786991600499,52685500
2023-06-27,357.979248046875,358.70736854848366,352.7448216192728,353.4729120940555,49428100
2023-06-28,358.6777648925781,360.62590488384245,356.0802048684675,356.15893518685675,46498000
2023-06-29,357.95953369140625,359.02218292164616,356.3164059384481,358.38261161325084,46151000
2023-06-30,363.4793701171875,364.5321406265844,361.32458510548383,361.6394163650322,58712500
2023-07-03,364.33538818359375,364.965080752573,363.0366078498649,364.11892479463893,19432900
2023-07-05,364.32550048828125,366.0276910481875,362.73155662470873,362.7709217894503,34460900
2023-07-06,361.5508117675781,361.9935872602602,358.6580879500002,360.61610687732315,49374700
2023-07-07,360.3504638671875,364.5223006013329,360.1241817275953,361.32456403843355,47133700
2023-07-10,360.4685363769531,361.14744286263704,357.565993456182,360.0749747976582,48498800
2023-07-11,362.2493896484375,362.7019838787339,358.7564599710215,360.8915769307301,38214100
2023-07-12,366.82464599609375,368.17261006456084,364.34515118816057,366.35235412152997,61975400
2023-07-13,373.05279541015625,373.8792835732286,369.4221327489491,370.002641219673,46960000
2023-07-14,372.9741516113281,376.70318269282194,372.0984493610609,373.48577863924965,55148500
2023-07-17,376.457275390625,377.33297780937045,373.21035434589106,373.6924651000872,40868900
2023-07-18,379.5368957519531,380.9045575398771,373.8892104448696,375.8176832280745,55262000
2023-07-19,379.4483337402344,381.74088168868525,378.12003716399835,380.59953211345845,54093000
2023-07-20,370.7013244628906,377.923286171888,369.6780403163192,376.45722647364715,71941700
2023-07-21,369.5894470214844,373.81046734793506,369.1565203199602,373.0823469716512,60499600
2023-07-24,370.1798095703125,371.50807603161047,368.32018848158145,370.5635223180503,40380100
2023-07-25,372.68878173828125,374.3516070011046,370.8685258558439,370.88822345005843,38894400
2023-07-26,371.4490661621094,373.14140793425514,369.14669945351966,371.6458619601726,47075700
2023-07-27,370.56353759765625,378.52343803042015,369.27460621894454,376.9098266210042,63940200
2023-07-28,377.313232421875,378.3364864635538,374.1056471836481,374.6172742044875,56902900
2023-07-31,377.510009765625,378.69072449832686,376.19156199597427,377.61825646242045,44019900
2023-08-01,376.63433837890625,377.3919451508952,374.56810260541835,376.1620464793932,41060600
2023-08-02,368.3694763183594,373.1611574017235,367.1297286772393,373.1611574017235,72687100
2023-08-03,367.7790832519531,369.90435184798616,365.7915476989131,365.95882713700206,47666400
2023-08-04,366.0572204589844,372.0197669898347,365.55541217782184,369.70755141474365,61702800
2023-08-07,369.1565246582031,369.25492255094605,365.5357104091049,367.8675933356882,37230400
2023-08-08,366.01788330078125,366.6672734711469,362.8890279564225,366.6476058999817,44726500
2023-08-09,361.99359130859375,366.4605913395506,361.2359845962108,366.3031607187657,51150900
2023-08-10,362.66265869140625,368.3398598555968,361.137596428398,365.0043904450485,72035300
2023-08-11,360.3504638671875,362.0821708144487,358.82540151714943,360.10448413157985,48707200
2023-08-14,364.3944091796875,364.5124746558894,358.83527281179767,359.5535144676342,42130800
2023-08-15,360.527587890625,364.21728388168873,359.8585001971934,363.42028192294197,45539900
2023-08-16,356.7099914550781,361.5213395998945,356.6115935528061,359.9864284102872,53190500
2023-08-17,352.81365966796875,358.45152631342546,352.40043050549747,358.10714866014956,62604300
2023-08-18,352.37091064453125,353.6303257433368,349.0058945064905,349.54706796393924,61191400
2023-08-21,358.048095703125,358.72700217281374,353.3744807454022,353.83692384755506,50696500
2023-08-22,357.5364685058594,360.6653235223592,356.84771323850873,360.6554747243955,44530200
2023-08-23,363.1742858886719,364.26645146695137,358.5006711764388,358.7171345326046,51770600
2023-08-24,355.41119384765625,366.7459290080147,355.20457928175483,366.6475611373719,66842500
2023-08-25,358.1661376953125,359.8584793596251,352.813616618734,356.24751390715073,69960500
2023-08-28,360.8620910644531,361.7967959662991,358.39244511479126,361.08837318531505,40910000
2023-08-29,368.7432861328125,369.0975125611246,360.3406401002619,360.66532013496044,58492400
2023-08-30,370.7996826171875,371.38022122369233,367.8479257549835,368.8515423053,41731500
2023-08-31,371.9114990234375,373.6136895466663,370.8095146489998,370.8783961791077,35730700
2023-09-01,371.5179443359375,374.7058320533503,370.0322171464116,374.28275412084383,39801200
2023-09-05,371.99029541015625,373.2103454661114,369.7862962430672,370.7111825844614,32344200
2023-09-06,368.7137756347656,371.5573157971025,366.70660260739953,371.2129381611802,42998700
2023-09-07,366.0768737792969,366.85417813956576,363.2136660969296,364.2566177579788,52060700
2023-09-08,366.5885009765625,368.82201616025327,365.6242796443045,366.0276900079968,35800100
2023-09-11,370.90789794921875,371.4195249524105,367.65112888881737,369.61896663053767,39936600
2023-09-12,366.795166015625,370.88827258740463,366.5098211030943,369.23526587586855,41391000
2023-09-13,368.19232177734375,369.79611455684034,365.8998037117071,367.031304560014,46300700
2023-09-14,371.203125,372.18704403891024,367.87750387101744,369.943709831268,48039400
2023-09-15,364.84698486328125,370.26838790740453,363.9122498464243,369.86497753312017,69811200
2023-09-18,365.2273254394531,366.3407681012067,363.6212111624308,363.9069691189676,36903500
2023-09-19,364.44891357421875,365.24703922410754,361.4239024926307,363.9069867992095,37621700
2023-09-20,359.1969909667969,365.86775309327976,359.1181466774896,365.51304400225433,45514200
2023-09-21,352.6148986816406,356.3001026510691,352.44740717910935,355.5118100588146,69734800
2023-09-22,352.6642150878906,356.49718479026586,352.3488980230887,354.359006723338,51589700
2023-09-25,354.33929443359375,354.4280017936402,350.71323825781116,351.698581571032,39168000
2023-09-26,349.0184326171875,352.29964255853133,348.03308934331926,351.75768571572956,53657700
2023-09-27,349.8362731933594,351.74784148919474,346.21018720799054,350.171286287333,56066000
2023-09-28,352.7627258300781,354.89107073347196,348.0626195587254,348.91986332461573,56453300
2023-09-29,353.0189514160156,357.6303811505316,351.78727222768936,356.24104341766446,64829600
2023-10-02,355.96514892578125,357.3643196460992,352.67410573890834,353.2850138058325,51625100
2023-10-03,349.7180480957031,355.7187850269011,348.1020706923418,353.52145870022036,60478500
2023-10-04,354.47723388671875,355.3246146472607,350.0924443998235,350.5555569297421,54786700
2023-10-05,353.4327697753906,354.87136248860946,349.93481329542783,354.4673681510727,45897400
2023-10-06,359.3547058105469,360.54696275822704,349.64906850019884,350.4373310951315,75049100
2023-10-09,361.1874084472656,361.7293351903447,355.4921258364322,356.98983670606606,45304800
2023-10-10,363.1876220703125,365.83819750579465,361.01988521817543,361.522389768607,46968800
2023-10-11,365.77911376953125,365.9663313882023,362.7935249958405,364.51787564233524,38215100
2023-10-12,364.50799560546875,368.26215071816847,362.1136188933288,366.2816313728331,49587900
2023-10-13,359.92620849609375,365.7200320574214,358.5270077438873,365.13868310419866,52469900
2023-10-16,363.9956359863281,365.0499604297053,361.0987245658137,361.2465200321077,44201100
2023-10-17,362.8034362792969,364.49822805710056,358.3299690163222,360.44845122100355,50999100
2023-10-18,358.0442199707031,362.5176873454726,356.71400039070437,360.31052779188826,54280500
2023-10-19,354.69403076171875,360.655345729828,353.8959050901614,359.46308875026443,72274200
2023-10-20,349.4027404785156,354.76301044050285,349.17610069402633,354.1914944866745,72559700
2023-10-23,350.4570617675781,353.99444057612124,345.9737317484537,348.08238082629725,60665200
2023-10-24,353.86627197265625,354.63483838710295,350.57522963026736,352.27002096344273,47082100
2023-10-25,345.20513916015625,351.64929222134697,344.6237902703507,351.47193765909213,71190500
2023-10-26,338.623046875,344.9391003796654,337.3322496918458,344.00301231388727,78621400
2023-10-27,340.2488708496094,343.7271312742948,339.03688784248624,341.35245046408454,63476700
2023-10-30,344.0818786621094,345.4022350230032,341.37218469520366,342.73193313591645,55298500
2023-10-31,345.7274169921875,346.10185227707217,341.5397077475539,344.111469531987,47671900
2023-11-01,351.72808837890625,352.28974120081546,346.4663594769629,346.5648998076941,58992700
2023-11-02,358.1131591796875,358.3496319411529,355.0191668891615,356.2410129874096,58162400
2023-11-03,362.320556640625,363.6113538875242,359.17730927962293,359.40394905155324,53280500
2023-11-06,363.798583984375,364.3602368708374,361.53230646852074,363.08913561997264,38848700
2023-11-07,367.2374572753906,368.10453411405916,363.640930200235,364.84305022033044,50777400
2023-11-08,367.4739074707031,368.3114552322413,365.1879039548286,367.611839886679,35663400
2023-11-09,364.6459655761719,369.30661967147313,364.15329397571884,368.1636480202756,53859400
2023-11-10,372.84405517578125,372.991850652543,365.8382488743715,366.3703426610041,58309800
2023-11-13,371.6813049316406,372.7356293863506,369.74017759934657,371.26747762156936,40733500
2023-11-14,379.68231201171875,380.5987041135127,377.56382997846237,378.0860607128957,67792600
2023-11-15,379.9680480957031,382.066833967817,378.6082696393877,381.5741623572847,54141400
2023-11-16,380.29327392578125,380.5297467047787,377.9382889105267,379.1995271823335,45343500
2023-11-17,380.38189697265625,381.3967992648441,378.6575463743563,379.5640452781013,46571900
2023-11-20,385.0130310058594,385.6732242470782,380.39176852820106,380.39176852820106,44429600
2023-11-21,382.77630615234375,383.52517666953037,381.0322593676381,383.3083999445706,43337000
2023-11-22,384.3429870605469,387.30887987612056,383.3379477672656,384.8455217423324,44121000
2023-11-24,383.8009948730469,384.530139133859,382.80578873415556,383.9389272684752,15718800
2023-11-27,383.4660339355469,385.4169942650287,382.58906403651775,383.30837541200384,34139700
2023-11-28,384.4710693359375,385.05241822113135,382.362420433784,382.71715962576826,35491100
2023-11-29,384.0966491699219,388.36320227393117,383.7517730189987,386.93444253594504,38811700
2023-11-30,383.1309814453125,384.82577294425124,380.16511887488576,384.36266043959097,52834400
2023-12-01,384.2247314453125,384.8159433818808,380.4114580563647,382.0668274225255,40490100
2023-12-04,380.6578369140625,380.93373183962944,377.0514767703932,380.43119712616084,51186900
2023-12-05,381.6136169433594,382.8058739225098,378.57874272515113,378.75612737344005,42933000
2023-12-06,379.40643310546875,384.64846678152765,379.0615869999134,384.54992643552964,41994100
2023-12-07,384.70758056640625,385.5352653367791,381.28843808447164,382.3821847930193,49593500
2023-12-08,386.422119140625,386.8655056109294,382.7861997326639,382.97341737689004,46687500
2023-12-11,389.7229309082031,389.9889928166888,385.7914211700645,385.998334821996,41198000
2023-12-12,392.8268127441406,392.9450491247109,388.629240812153,389.76237955300553,39221200
2023-12-13,397.822509765625,398.43341782409794,392.9943334222213,393.7629000232505,55408100
2023-12-14,397.4776306152344,400.3449530293757,394.47231564117436,399.04432278440584,55447800
2023-12-15,399.3990173339844,400.58144122653687,397.6549706592437,398.25601558992724,62896600
2023-12-18,401.9147033691406,402.8131603407083,399.4661904298243,399.7919899279148,46610000
2023-12-19,403.9682922363281,404.0867647706254,402.1812612065287,402.36885276261586,35711900
2023-12-20,397.9654541015625,405.2616995946524,397.78774528609546,403.16860430932405,54042400
2023-12-21,402.595947265625,402.96127778271716,399.3378317905533,401.8949646280869,45568900
2023-12-22,403.1982727050781,404.76809436475725,401.3223868927144,403.8104010104473,34314000
2023-12-26,405.66650390625,406.33786841215897,403.95844437499267,404.0571815388857,22722500
2023-12-27,406.4923095703125,406.77878889770113,405.08957679300846,405.94901477517436,31980500
2023-12-28,406.2947692871094,407.8950804007767,405.9391646926511,407.6481227170023,27029200
2023-12-29,404.53643798828125,406.6306645016134,402.620043921107,406.2750297554996,42662100
2024-01-02,397.69073486328125,401.1481421130462,395.369326823485,400.90118445234873,58026900
2024-01-03,393.48260498046875,396.1201263177863,393.0479871898376,395.06314019202443,47002800
2024-01-04,391.4575500488281,394.72726726631595,391.2402260881703,391.61560657896115,39432800
2024-01-05,391.9218444824219,394.69764643870457,390.52899952720855,391.62550732012187,44922800
2024-01-08,400.0220947265625,400.3085439534449,392.99860205888314,393.14677064971954,42473800
2024-01-09,400.812255859375,401.7408190116938,396.82141189491097,397.01899006841586,39132900
2024-01-10,403.52886962890625,404.5364461618828,400.23940642845145,401.1284480923958,33962800
2024-01-11,404.3684997558594,406.1959925651025,399.32066924425925,404.8031476719886,54536200
2024-01-12,404.575927734375,406.24536398225337,403.18308286889186,405.40570188156073,39595000
2024-01-16,404.53643798828125,406.1169732179159,401.8791708584222,403.34117122141964,43903000
2024-01-17,402.2544860839844,402.6298665315489,398.01671455845167,401.2271639757204,54386000
2024-01-18,407.9642333984375,408.5470499542549,404.1808546899271,405.5242901108884,59562500
2024-01-19,416.05450439453125,416.2125609154911,409.58422571941946,410.167042183222,70325100
2024-01-22,416.59783935546875,419.5613313657799,415.9952469706817,418.2573876461551,44880600
2024-01-23,418.3265075683594,418.54383150320854,415.4519169444807,417.2892673649532,33003800
2024-01-24,420.6479187011719,424.6190172669874,420.1540033688027,422.2383417474242,46948000
2024-01-25,421.1615905761719,423.8188573538376,418.820436831776,423.14710962158966,44367200
2024-01-26,418.65252685546875,421.02331450792843,418.0005549754572,419.274865020307,37137000
2024-01-29,422.9396667480469,423.137244927174,418.4549073684011,419.1068791840833,38694700
2024-01-30,420.1243591308594,422.47540087743624,419.2155718239364,421.90247237056735,36739000
2024-01-31,411.895751953125,417.7239468242111,411.7179496692199,415.72853974147705,64010600
2024-02-01,416.74603271484375,417.23994807927374,412.72555441329524,413.6936393802105,51008600
2024-02-02,423.7892150878906,425.00422743156474,417.64490755388323,418.6425959598453,59602400
2024-02-05,423.236083984375,424.3819410907607,419.8280559423624,423.84853420729877,39889200
2024-02-06,422.38653564453125,424.98453527196295,420.04538165211596,424.38194285431695,35846100
2024-02-07,426.7330017089844,427.56277593245227,423.8682985252067,425.1722423676001,37712700
2024-02-08,427.5232849121094,428.28390374796925,426.16996158844313,426.8515370812875,29889900
2024-02-09,431.7313537597656,432.52163633130664,427.8689626237374,428.6592150490808,36943900
2024-02-12,430.04217529296875,433.7959497087528,429.3605697585453,431.62271030244636,33203300
2024-02-13,423.3348083496094,426.0217088939476,420.15399248569577,422.08027429051936,64491700
2024-02-14,427.947998046875,428.3727579939155,423.66081661689094,426.0118584018304,45092700
2024-02-15,429.2223205566406,429.6866021844067,426.0809960674444,428.6395040700747,38796100
2024-02-16,425.33026123046875,429.6964559347723,424.6190219381849,429.59769698417165,53716500
2024-02-20,422.1197814941406,424.8461734653688,418.346261346787,423.3347938450996,53999500
2024-02-21,420.43060302734375,420.51953431757676,416.49905619784107,419.3835049137998,49779000
2024-02-22,432.7389831542969,433.7761932856845,428.43202581368143,429.2025325203063,53887800
2024-02-23,431.4646911621094,435.22832371062657,430.48674841765705,434.29976044260496,39853900
2024-02-26,431.2374267578125,433.2624975303855,431.04973653630094,432.27466695240753,33043200
2024-02-27,432.27471923828125,432.6599575342669,429.7359871107177,432.34387462219166,33713200
2024-02-28,429.9730224609375,431.35600944379297,429.0148255551466,430.13107897744095,32938800
2024-02-29,433.6576843261719,434.73441618907316,429.7261072238398,432.89706552748044,42495200
2024-03-01,440.18719482421875,441.1453917460865,434.48742291248533,434.54669033889377,43853000
2024-03-04,438.6165466308594,440.6119838022622,438.36958897271137,440.18719371913676,34325700
2024-03-05,430.7435302734375,435.58392443380023,428.3727428120302,435.5740364808058,57917100
2024-03-06,433.4502258300781,436.61126586958386,431.5733535962779,434.9616055413098,46234500
2024-03-07,440.0292053222656,441.2837394812956,435.4950357987029,437.03607945304515,44526700
2024-03-08,433.6774597167969,443.18041717681746,433.0057420191099,440.3848391776564,72096000
2024-03-11,432.06732177734375,433.32185602240395,430.1410396869711,432.1858566482215,45860000
2024-03-12,438.2609558105469,438.6165603792511,431.14856297446795,434.3787885378619,55300900
2024-03-13,434.8924255371094,437.2829888748034,433.7761721257406,437.2632129690602,37928700
2024-03-14,433.7959899902344,436.6508050498592,431.079455553198,436.12725598238745,52195200
2024-03-15,428.63946533203125,433.52920869281746,427.4738023180454,430.76329508345543,73069800
2024-03-18,432.7275695800781,436.24889410361027,432.490156226249,433.96399055564586,47323800
2024-03-19,433.8057556152344,434.2113053461235,428.6226579939233,430.71965347253405,43004100
2024-03-20,438.9492492675781,439.28555217441175,433.3012863034724,435.00260289372903,43653500
2024-03-21,441.0264892578125,444.45879569880725,440.82867997846824,444.0038011516447,39345700
2024-03-22,441.53094482421875,442.6288723201985,439.66146154914395,440.5121350002659,28253900
2024-03-25,439.9284973144531,441.4122025295857,437.73261238861454,438.7316200402831,27789200
2024-03-26,438.5041809082031,442.371709837362,438.2766685525834,441.4517895723345,34142000
2024-03-27,439.99774169921875,441.68918748510794,437.12925080626644,441.5902677606485,41359200
2024-03-28,439.1866455078125,440.79894334096645,438.83054055878017,439.94826998598796,36839600
2024-04-01,440.1164245605469,442.668384183983,438.2073676240903,440.1361964292656,38729000
2024-04-02,436.3181457519531,436.63467679175466,433.2716175055322,435.2993359937669,44259700
2024-04-03,437.29742431640625,439.17677836679945,434.18164915574613,434.19151999810595,39949800
2024-04-04,430.61083984375,442.09473456067286,430.38332749747076,441.48144434714544,57267700
2024-04-05,435.68511962890625,438.35580126025417,431.22410267243185,432.03520215289296,54744600
2024-04-08,435.8137512207031,437.6931054101099,434.4289655119857,436.6149497445348,28144900
2024-04-09,437.4259948730469,438.4250025532192,432.68802096544243,438.14804544593466,39443600
2024-04-10,433.6079406738281,434.46848495231853,431.54064816251855,432.2528279423145,61502200
2024-04-11,440.5318603515625,441.48142324592834,433.20235289872653,435.47738569459614,45474600
2024-04-12,433.509033203125,437.43590803860127,432.1341485615993,436.30830763057895,53665000
2024-04-15,426.3773498535156,437.3468744561604,425.5365774509986,437.2578557574557,63453600
2024-04-16,426.4169006347656,429.0480082692235,425.03211508664594,426.2190611910081,47619000
2024-04-17,421.21405029296875,428.4149656563119,420.2842591999878,428.3951937854625,56880500
2024-04-18,418.8104248046875,423.5879423660009,418.23670854458396,421.85695293006614,46549400
2024-04-19,410.1455993652344,418.1576140935352,408.58277638390166,417.63337275699286,75231000
2024-04-22,414.2702941894531,416.6046426178408,409.44330163156485,412.7766879173197,47807700
2024-04-23,420.452392578125,421.6492396704174,414.31973225972354,416.19908616824654,44384700
2024-04-24,421.87677001953125,425.06179190259485,419.5918662975575,423.5484137206893,48440300
2024-04-25,419.839111328125,420.6996554825722,413.5976607655309,414.68568705649824,57392200
2024-04-26,426.31793212890625,427.8510819913737,422.28226753818234,422.9746451399823,41874900
2024-04-29,428.0489807128906,429.04801861164475,425.30908244856215,428.42485755345405,30022200
2024-04-30,419.9776611328125,427.86108396605516,419.8985434573329,426.4663972204679,43665900
2024-05-01,416.9409484863281,425.4673333739,416.0903052961823,418.5532463597159,52251700
2024-05-02,422.26251220703125,423.1626303564194,416.0606350688799,420.67988722114075,36559000
2024-05-03,430.74932861328125,431.73846546858186,427.92038151036974,429.7206178316715,48515300
2024-05-06,435.467529296875,435.55654799740194,431.7780377160311,432.5495633066614,30227200
2024-05-07,435.5367431640625,437.1688129223332,434.80476137168813,435.9126199952162,30996100
2024-05-08,435.27960205078125,436.6841897959982,432.79685865672997,432.9155804465462,24896700
2024-05-09,436.2291259765625,436.8028422580396,433.69693803654405,435.54661913008255,24580100
2024-05-10,437.25787353515625,439.48343165144723,435.7148223227463,437.73267013361465,27116600
2024-05-13,438.2667541503906,439.26579205563456,436.85229566102873,439.16687233072867,22994200
2024-05-14,441.08575439453125,441.61989670459906,437.65344858123603,437.8413869831847,34478300
2024-05-15,447.9801025390625,448.22738676768705,442.04528105207277,443.5586593238126,41464700
2024-05-16,447.0700988769531,449.75065137557704,446.90193232511433,447.7921494818684,34780400
2024-05-17,446.8525085449219,447.80207154432486,444.65662335588394,447.1986823210974,35803700
2024-05-20,449.9682312011719,450.6309359616545,446.88212917453916,447.07006758388434,24474200
2024-05-21,450.8486022949219,451.0365407272053,447.92076542333984,448.1186048845004,23167700
2024-05-22,450.7595520019531,451.85750961813636,448.15811721893635,451.1057559416888,25120000
2024-05-23,448.73187255859375,455.5766833514374,446.94153709318385,455.54701045036677,40899200
2024-05-24,452.9752502441406,454.24134425420493,448.6428258419646,450.34414249793184,29669500
2024-05-28,454.6864013671875,454.7457471608754,451.7288919661858,454.19183296241476,26216800
2024-05-29,451.48162841796875,453.26206268217703,450.3935718404809,450.53206548946173,29739200
2024-05-30,446.6447448730469,450.69034126496246,445.31930507978444,450.5518476128299,30536800
2024-05-31,445.8138732910156,447.5646648820336,438.2469822206981,446.8722569938479,55941300
2024-06-03,448.20758056640625,450.63094770967405,443.03438403283286,449.63194002907153,32997500
2024-06-04,449.4341125488281,450.63095970345694,446.22931876556424,447.9504072512339,23767400
2024-06-05,458.4946594238281,458.5737770997196,449.47373506895633,453.00496130365275,33817400
2024-06-06,458.3363342285156,459.4936376169888,457.16915999813136,459.17710658249314,21966800
2024-06-07,457.9308166503906,460.6806160602475,456.8229881379394,457.97039057899616,25829700
2024-06-10,459.7804870605469,460.1365920375163,456.5163473996493,456.8032055496993,20660800
2024-06-11,462.9358215332031,463.0545433124852,457.0109014117994,458.50450772730306,22053300
2024-06-12,468.999267578125,471.3237453921932,466.17035045815595,466.862728194943,34532600
2024-06-13,471.54132080078125,473.1931926237643,469.26631811797995,472.530457651749,25859000
2024-06-14,473.9844970703125,474.05374389556346,470.87859282283176,471.3434883571342,23372600
2024-06-17,479.79071044921875,481.57114467660335,472.94590045979214,474.2515381397125,37054500
2024-06-18,479.9390869140625,480.6215937616727,478.1784245124455,479.7412776538949,24438600
2024-06-20,476.23968505859375,481.5513447194067,474.4097759845892,481.13592417740887,33918700
2024-06-21,474.9637451171875,477.2981238769037,473.4701689381695,475.96278303672466,37456800
2024-06-24,469.55645751953125,475.47099181592733,469.41777397286,473.73725096126896,37751000
2024-06-25,474.9261169433594,475.2233175695722,470.70568664689,471.64687235329933,29014700
2024-06-26,475.90692138671875,476.45182952740066,473.6877426969305,474.10382358424476,22737100
2024-06-27,477.1353759765625,478.611553035427,474.84684046619515,475.65922915173917,26222100
2024-06-28,474.6585998535156,482.67346269795496,474.0146450158968,477.92795786872324,34881600
2024-07-01,477.4425354003906,478.0072166007963,471.8351183529178,475.57999748371265,24898300
2024-07-02,482.45550537109375,482.51494549553286,475.8177426243462,475.94653963864454,26723600
2024-07-03,486.4777526855469,486.6065496921619,481.7025280801993,481.7025280801993,18064900
2024-07-05,491.5502014160156,491.9861158127836,487.02265384242645,487.31988469515403,28495900
2024-07-08,492.71917724609375,493.27397183000386,490.8962764369552,491.91670542886527,22109400
2024-07-09,493.145263671875,495.35455587533437,491.6294799402582,494.2350497416093,25614500
2024-07-10,498.2869873046875,498.8417819227691,493.7594701786326,495.06718307323126,28046900
2024-07-11,487.3594970703125,498.6040508659988,486.1706643474196,498.3960104304496,49966600
2024-07-12,490.2226867675781,494.97807837966167,487.4685166640549,487.9341511529331,37109400
2024-07-15,491.540283203125,496.3551448499589,489.49942500337625,491.99600089511654,31151400
2024-07-16,491.7285461425781,493.80904127855604,488.56818172649724,492.9966525685197,25950600
2024-07-17,477.2939147949219,484.2585985960934,477.22458813542045,483.74344074557246,56268800
2024-07-18,475.03509521484375,481.197307007146,471.8450107133488,481.0189866258677,49347400
2024-07-19,470.8245849609375,477.2146707760449,469.53667521921534,474.69826118608114,42042900
2024-07-22,477.8387451171875,478.8591741201267,473.2715611637346,476.6895191140848,40300000
2024-07-23,476.154541015625,479.929139778085,475.67902005911884,476.93720956859266,23282500
2024-07-24,459.07476806640625,469.7843305630981,458.2128560235188,469.4177730491382,58818600
2024-07-25,454.0122375488281,463.5924076204099,451.39678130888416,459.4116141087208,59256800
2024-07-26,458.6685485839844,461.60103876896824,455.4982676790012,458.35151444667815,39992100
2024-07-29,459.5899353027344,463.56268838097253,457.3311198139349,461.383116315446,28218500
2024-07-30,453.2791442871094,462.2252464673246,449.93054261059604,461.5218514548279,41317200
2024-07-31,466.6933288574219,468.39734966717026,462.076620963173,463.5230477398301,44552100
2024-08-01,455.3893127441406,471.1316633842162,451.74351079884156,467.37689795882113,56653900
2024-08-02,444.5807189941406,449.35594422368536,440.3404851566056,446.7008510299297,66323200
2024-08-05,431.32501220703125,438.18073242125257,419.5157767707517,420.7640496665403,87483500
2024-08-06,435.4463806152344,442.91633588521086,430.52255505334097,433.1677617207585,63164400
2024-08-07,430.7305603027344,444.8283608872693,430.33428273182557,442.34167151120243,54929200
2024-08-08,443.9070129394531,444.8184483377776,433.08845677026795,436.96213279824934,47890100
2024-08-09,446.2252502441406,447.8599140690418,441.4698288405631,442.58933486287685,33574000
2024-08-12,447.1863098144531,450.1485205566825,444.3825859334017,447.19622658104345,27795000
2024-08-13,458.2821960449219,458.5497068481307,451.4463093931689,451.5850231776538,40084500
2024-08-14,458.4307861328125,460.7886481545662,454.1409992347584,459.2035379429091,34733700
2024-08-15,470.0121765136719,470.408454066384,464.0282856953889,464.4047599523792,38280600
2024-08-16,470.61651611328125,471.9836994318874,467.267914706038,468.22890368838864,38383600
2024-08-19,476.7985534667969,476.8381902959791,468.9719576926455,470.7552521973401,23737700
2024-08-20,475.7979736328125,478.4530668293287,474.10383926202763,475.88713382589964,29209300
2024-08-21,478.0171203613281,479.86974146186225,474.86667281387304,476.58058013398335,25658800
2024-08-22,470.4382019042969,481.0288841455253,469.4078560191765,480.33537571180096,37739600
2024-08-23,475.540283203125,478.25481597818435,470.86413587559946,474.7873347464949,36061500
2024-08-26,470.92364501953125,475.91682719058724,468.8431499287544,474.9954750129997,27452600
2024-08-27,472.3304443359375,473.400396779738,467.32734562030106,469.28896037364865,27510000
2024-08-28,466.9706726074219,472.5879754586852,463.5428280840913,471.86477727035714,37372400
2024-08-29,466.2871398925781,473.4895840302983,465.00911671200544,468.8827928484705,41081500
2024-08-30,471.84503173828125,472.4691833346091,466.1385676448057,470.6264788445398,33466500
2024-09-03,457.5193176269531,468.9322743417684,455.1416220906215,468.8035075692745,44985200
2024-09-04,456.3304748535156,460.1348241601613,453.477258224592,454.40852713775496,32505100
2024-09-05,456.7565002441406,461.0363402813741,453.6852962003829,454.70572529323357,34452400
2024-09-06,444.5212097167969,456.9347918889345,444.0258552322997,456.05304639419114,50624400
2024-09-09,450.2376708984375,451.22838004635804,445.64079617378894,448.8506841381575,32981200
2024-09-10,454.39862060546875,454.90389190042566,448.02836861259885,452.0010913798349,29680300
2024-09-11,464.26605224609375,465.00908400490187,447.0871616105351,455.6369852193334,57843000
2024-09-12,468.8233337402344,469.635722410282,462.51252198450715,464.29578616525714,40067800
2024-09-13,470.92364501953125,472.1025912298367,467.86235762577684,468.0902315957997,29111800
2024-09-16,468.8431396484375,469.4573744200276,465.524288528779,468.79361628971213,22585600
2024-09-17,469.0908203125,473.16265024621885,466.59424438062723,471.86482380417743,30084400
2024-09-18,467.05987548828125,474.38119962315574,466.4555272479723,470.2895966560615,39909200
2024-09-19,478.869140625,481.71250116567927,476.0258103183634,478.1261087929225,52782500
2024-09-20,477.9576721191406,479.19605842028795,473.8561221774012,478.0071954775703,34577700
2024-09-23,479.224609375,480.315926835132,477.7959811138323,479.135323893243,24843000
2024-09-24,481.53619384765625,482.48860259985565,476.3772853530918,480.6333780488886,25952600
2024-09-25,481.9826354980469,483.93707616737726,480.732578237264,480.91114919551086,26549900
2024-09-26,485.6037902832031,489.80038938586057,481.96276544725106,489.47297902508933,32020200
2024-09-27,482.9053039550781,486.7645925142839,481.7247009952947,486.6256838006488,22851100
2024-09-30,484.21484375,484.55215452746376,479.10552858521237,481.942923506745,30281100
2024-10-01,477.46856689453125,484.1454193353246,473.62913982724353,483.8478010651969,42735400
2024-10-02,478.1432189941406,480.05796717810114,473.9466197241842,476.5657513321326,23744000
2024-10-03,477.7860107421875,480.722621801194,475.2065415805555,475.9506174766113,25337200
2024-10-04,483.47076416015625,484.0263384101603,478.57971250941176,483.5997421604296,30686600
2024-10-07,478.2919921875,482.72668574042143,477.0716968180428,481.55601359663206,24975100
2024-10-08,485.43511962890625,486.11967189958807,480.02818609243036,480.8317856664436,28272000
2024-10-09,489.2547302246094,489.83016591016013,484.0958218394654,485.1375160516646,24995000
2024-10-10,488.69915771484375,490.5643129343177,485.663330270901,486.972911204982,25750400
2024-10-11,489.4630432128906,490.48493653463544,486.298268176488,486.86374286155046,20644500
2024-10-14,493.57037353515625,494.8898548804224,491.34807641617016,491.85402746733337,26060100
2024-10-15,486.972900390625,494.5624688319381,484.82002737514097,493.8977476785361,34784500
2024-10-16,487.03240966796875,487.8062474023501,483.718795252719,487.30026609568785,22996800
2024-10-17,487.3697204589844,492.5683211220585,487.31019680837863,492.5187281720624,27210700
2024-10-18,490.5643310546875,491.65564854006584,489.40355921193753,490.15756588847694,25335000
2024-10-21,491.5068054199219,492.3104049952959,487.4292536147581,489.35393242594535,30336500
2024-10-22,492.0425109863281,493.5207623873369,488.0840368199485,488.8380434331737,26685800
2024-10-23,484.5025634765625,490.34605451121007,481.2187106828383,489.6912640374047,39346600
2024-10-24,488.4312744140625,489.1058959697234,485.5740180882913,488.2229113611023,22024900
2024-10-25,491.4075622558594,496.32837561633085,490.52457767560117,491.2289913103662,38762100
2024-10-28,491.4869689941406,494.58232014940006,491.1893507201843,494.52279649460877,20477800
2024-10-29,496.2093200683594,497.3899228714751,489.9491641677327,491.80438849362184,28014100
2024-10-30,492.4592590332031,496.39790249240116,491.97313907393766,495.44549370075856,29756000
2024-10-31,480.0281677246094,488.54038262888133,479.92895155012076,488.4907896798999,41245200
2024-11-01,483.5799255371094,486.8737090932154,481.36755903272683,481.6651773097424,33655800
2024-11-04,482.171142578125,485.5145189767317,480.4250346737851,482.97474217579787,23291600
2024-11-05,488.3221740722656,488.98689526722075,483.669216537167,483.7585020212901,24353600
2024-11-06,501.5865478515625,502.4100088623021,495.6538016210877,496.6062103649232,43082200
2024-11-07,509.4836730957031,510.2674718663417,504.32476456953594,504.38428822463,32853100
2024-11-08,510.0788879394531,510.85269533088444,508.3625118137687,508.9875403679869,22924500
2024-11-11,509.78131103515625,511.5075574474809,506.8843621879825,511.29919439483575,24167500
2024-11-12,508.858642578125,510.59481982391384,505.80298394720904,509.711895702093,25835300
2024-11-13,508.203857421875,510.9122744153452,505.9220366929146,508.35269682828596,24567400
2024-11-14,504.6719970703125,508.739588052962,503.75925058094214,507.8665643683169,28679500
2024-11-15,492.64776611328125,499.3543505352196,490.5841783861233,498.9674467592087,51461100
2024-11-18,496.0704650878906,498.17374520817333,492.80647371552027,494.1954094353085,27080800
2024-11-19,499.4832763671875,499.96942655752554,493.1536656807539,493.49100674201975,24523000
2024-11-20,499.1955871582031,499.5031361161102,492.6377823112046,499.1856564574556,29565500
2024-11-21,500.99127197265625,502.9556129602977,493.62986778963904,502.2412988893756,34526700
2024-11-22,501.7948913574219,502.5290365817057,498.8086569561695,500.4357175118036,23826600
2024-11-25,502.58856201171875,507.41018976726633,500.2769794512125,505.87241468402135,26375200
2024-11-26,505.28704833984375,506.11050927210346,503.22349121211295,504.0667529918503,26557100
2024-11-27,501.3087463378906,504.2255264165309,497.96536999082,504.1561023396317,24957400
2024-11-29,505.7136535644531,506.308920336892,501.31865253598164,501.93375043277575,15334000
2024-12-02,511.2198486328125,512.1822183655047,506.586752593205,506.97368662654696,25147200
2024-12-03,512.7872924804688,513.0651098548883,509.3149386184986,509.89037421333506,18597900
2024-12-04,519.126953125,519.3849091600352,515.4958283369896,516.2101727842456,26086200
2024-12-05,517.6882934570312,519.9006596223231,517.3013594796879,519.1764451670765,18169600
2024-12-06,522.3214721679688,522.5595667910787,518.2240889616199,518.3530669746475,23762600
2024-12-09,518.2537841796875,522.1923965322766,517.1029129790646,521.3987277525985,20674400
2024-12-10,516.4879150390625,521.2301883413037,515.0592867380795,519.4840803564292,24350000
2024-12-11,525.7341918945312,526.418744067759,520.4463366907022,520.8530714936718,32168600
2024-12-12,522.34130859375,524.7818994700399,521.8651193703002,523.511980803434,23577500
2024-12-13,526.3394775390625,528.958578680959,523.1349494940644,526.2700231888497,28780400
2024-12-16,533.9191284179688,534.8914288475645,528.7899817598816,528.8693668170654,31979900
2024-12-17,531.5678100585938,533.234532805748,529.911018011913,532.1233843076452,28579100
2024-12-18,512.3904418945312,532.6392598813255,510.9420129976954,530.922944302232,54703200
2024-12-19,510.1086730957031,517.6387480839205,509.7713925868022,517.0732431157651,46441800
2024-12-20,514.563232421875,520.674610325421,505.2672783831969,506.4081888202465,60530000
2024-12-23,519.5764770507812,519.9540883119314,512.8789414988543,516.2773821985058,29672800
2024-12-24,526.621826171875,526.7112253012842,520.8881517500126,521.5241349732042,17558200
2024-12-26,526.2640380859375,527.8937223215758,522.994783551006,524.9921323134935,19090500
2024-12-27,519.2683715820312,523.1338828752066,514.5979649367405,522.6966520264838,33839600
2024-12-30,512.3621215820312,516.088500066774,508.60593328242436,512.2627757493814,34584000
2024-12-31,508.009765625,514.3992253569596,507.04587445625845,513.6440635547258,29117000
2025-01-02,507.01611328125,513.3857408470585,502.52456498862887,511.0604536321022,36389800
2025-01-03,515.3134765625,516.3767439002675,509.3015977009679,510.11637914045036,29059500
2025-01-06,521.2359619140625,524.5946765405293,518.7418230577623,520.719278575862,36109700
2025-01-07,511.9348449707031,522.676749747613,510.0468495678178,522.2793057604914,36690300
2025-01-08,512.0242919921875,513.6638621182858,507.35388554228564,511.8354863915311,30777800
2025-01-10,503.9952087402344,508.3575403275065,500.7458174123479,508.25819448854884,40532500
2025-01-13,502.3755187988281,502.83261280745984,496.55244498887237,498.0429966184263,31694200
2025-01-14,501.89849853515625,506.94651670595886,498.4304916746537,505.5354479124467,33737200
2025-01-15,513.4453735351562,514.5880934164899,508.2383591191385,509.7985074587959,34957600
2025-01-16,509.8481140136719,515.790426445023,509.7189280346691,515.710913384707,28229000
2025-01-17,518.45361328125,520.7689538758897,509.8779677530645,519.5566069696355,51837900
2025-01-21,521.4943237304688,522.6569370321079,516.784190233401,521.1763321012501,23628000
2025-01-22,528.162109375,530.4575566117059,525.926281781428,526.2343267127363,33593000
2025-01-23,529.284912109375,529.404151376624,525.1213025176294,525.7075521398207,23096600
2025-01-24,526.2938232421875,530.4275923841087,524.8231652884439,529.6624839179889,19878300
2025-01-27,510.97100830078125,514.7271665075501,506.936554378914,507.7812062861425,60771700
2025-01-28,518.5230712890625,519.7055778022501,508.55625233887065,511.9745555822676,33194200
2025-01-29,517.5493774414062,519.2983011374322,513.6441392716389,519.169115138246,26649000
2025-01-30,519.7553100585938,522.7860860608997,514.9458310521527,520.4111867008249,27431300
2025-01-31,519.0001220703125,528.1720244019145,517.9070751282055,523.6009629833273,38755200
2025-02-03,514.8463745117188,517.5691053570011,507.8308483688725,510.23558763833256,40580800
2025-02-04,521.1663818359375,521.8023650900426,514.9656967351663,515.3632014316573,26046800
2025-02-05,523.5313720703125,523.6903982021383,517.3406339590531,518.533087344952,21134100
2025-02-06,526.2640380859375,526.4727371352427,522.4283666892038,524.0381574961376,19434500
2025-02-07,519.6260986328125,528.748266336267,518.9007163268166,526.8006512350846,29605500
2025-02-10,525.9161987304688,527.0191921678618,523.4319464927245,523.8989568010895,20852800
2025-02-11,524.6641845703125,526.5820202342347,522.5178170831823,522.6470030660466,19325500
2025-02-12,524.9722900390625,525.8566985928285,518.662312181656,519.0100833136883,25009400
2025-02-13,532.5243530273438,532.8422839525621,525.856597948036,526.6415998490472,28714800
2025-02-14,534.76025390625,535.445910069072,532.2958340155867,532.6337190649526,17862600
2025-02-18,535.9725341796875,536.5985706975572,532.6634926781901,536.3302520039847,20565000
2025-02-19,536.1216430664062,537.4034956659445,533.0809200913482,535.177614880373,19666900
2025-02-20,533.845947265625,535.7041632085364,529.106034929491,535.3364987054381,26550800
2025-02-21,522.7662353515625,535.0086388627485,522.3985708362279,534.9887454346671,47093800
2025-02-24,516.5952758789062,525.7373361801731,516.2574515413156,524.5548296972278,39268400
2025-02-25,510.0865478515625,516.0487531882743,506.23098354843376,515.9692401349251,48940000
2025-02-26,511.3188171386719,516.3866683055141,508.14890831803217,512.2827387092531,34457600
2025-02-27,497.11883544921875,515.800434214296,496.9002199954935,514.8663527597747,52448000
2025-02-28,504.96905517578125,505.5751982352111,493.7998352114138,496.9796905709141,47654000
2025-03-03,493.9190368652344,509.8083050877629,490.4708934129811,508.29789058596987,44587200
2025-03-04,492.42852783203125,500.5669416036149,484.6677252997208,491.0671622880661,67875400
2025-03-05,498.84783935546875,500.4576300932126,488.1655538058739,493.07443907980854,46323700
2025-03-06,485.1248779296875,495.4394696358265,483.13747577565414,490.580287138397,57574300
2025-03-07,488.6922302246094,490.172835031535,477.5031471015196,484.0913896771833,54714700
2025-03-10,469.7523193359375,480.9215096966139,465.7079486891979,480.4047960555825,76668000
2025-03-11,468.62939453125,475.7939702022416,464.0683106107926,469.37467027626616,68760800
2025-03-12,473.9158935546875,478.0297999193566,468.8182025802525,476.1417740872487,46971100
2025-03-13,465.38995361328125,473.27994250338116,463.4919809381716,473.25013268441506,46563300
2025-03-14,476.638671875,477.5329967973217,470.13985820885455,470.7460316472692,43563000
2025-03-17,479.7290344238281,482.77970385821135,474.7903391011045,476.58893553595675,41744400
2025-03-18,471.5508728027344,476.5889137375583,469.4342848576123,476.39019173623467,39072300
2025-03-19,477.86090087890625,482.27290553437547,471.8788012950444,473.80658371122826,40430300
2025-03-20,476.2411193847656,481.4977754919485,473.18050352551893,473.87610630953293,36780500
2025-03-21,477.8111572265625,478.5762960346407,469.9311160359985,471.09372915573624,42234900
2025-03-24,488.29644775390625,489.1423592971704,482.0665930507614,485.39050030859886,34567200
2025-03-25,491.08294677734375,491.2421796862816,488.05761261924056,489.022941249908,26035200
2025-03-26,482.04669189453125,490.7843964317407,480.49420901971564,489.92852335581483,34627100
2025-03-27,479.29998779296875,484.2360865180512,477.9365920668743,480.08619079487124,33469800
2025-03-28,466.68109130859375,478.2052964153207,465.79536391222956,477.49872503017417,46363800
2025-03-31,466.6611633300781,467.5966072840796,455.12696717610356,459.6948832614754,53000300
2025-04-01,470.4229736328125,471.3484864500327,462.18286035410387,465.04896162318204,41156200
2025-04-02,473.8563232421875,477.24990051464846,463.6158828815237,463.87464014945493,49894500
2025-04-03,448.4891052246094,457.8537794541511,447.9716210778618,454.24126086225453,70456300
2025-04-04,420.63397216796875,438.24869137872236,420.63397216796875,436.0294529358994,117088400
2025-04-07,421.6490783691406,441.00539943904226,400.45169308643915,406.6914794249544,161557000
2025-04-08,414.0557861328125,441.0053554988176,407.81600041600757,436.0493338288811,101248100
2025-04-09,463.7552490234375,465.57642043659325,413.42884056901664,413.5681807581863,142876900
2025-04-10,444.0306701660156,453.39534429067385,430.54595489590434,451.37512434983404,108384100
2025-04-11,452.21112060546875,453.5944394661005,439.2040723268698,442.5080869674275,52483800
2025-04-14,455.2762756347656,462.80978696729005,450.4496325846052,462.2226327115798,43941200
2025-04-15,455.7837829589844,460.152650240748,453.9526501626425,456.33115174787315,35404200
2025-04-16,442.04034423828125,450.4396905530406,435.6512868687369,446.86698749756175,48980600
2025-04-17,441.96075439453125,445.5931660897692,439.23393245815055,445.0159733415272,44837000
2025-04-21,431.02362060546875,436.9648633110088,425.86858083880827,436.1189822025886,44149300
2025-04-22,442.33892822265625,445.42397106891866,435.5119573980011,436.7061890853483,52304400
2025-04-23,452.3703308105469,461.14785116525866,450.6984308488603,455.9629568263105,55801100
2025-04-24,465.0987243652344,465.4072286279397,453.6341981671536,454.28109133466916,45956100
2025-04-25,470.28363037109375,470.81107609503925,463.1481859616907,464.72056158591084,38697100
2025-04-28,470.1343688964844,472.5228018406058,463.7850969803822,470.75137745023704,33550800
2025-04-29,473.23931884765625,474.1250461983433,467.32793004665405,467.9051531308386,30613100
2025-04-30,473.1795959472656,474.90127322951986,460.2024029412006,464.87977453427817,46810600
2025-05-01,479.35968017578125,484.83318599096134,478.4242058431775,481.08135748377987,43316500
2025-05-02,486.4752197265625,488.54521706431206,482.49448832227375,484.1962728644179,39218100
2025-05-05,483.5892333984375,486.67430655244186,481.7680620014255,482.2656534659239,28309500
2025-05-06,479.0910339355469,482.7134841287223,475.88654357937395,477.2499393796006,32786300
2025-05-07,480.97186279296875,483.4598199362607,474.4832814966688,479.75773849221946,38006300
2025-05-08,485.9378662109375,490.32662643958486,481.8377175267332,486.1767003880921,39577600
2025-05-09,485.6194152832031,489.17222563016486,483.8579524315384,487.8486153265174,27767400
2025-05-12,505.40362548828125,505.44344130675324,499.0643154796623,504.5477524292731,45090600
2025-05-13,513.1063842773438,514.8977013705513,505.97090943590337,506.707335072133,53269600
2025-05-14,516.1814575195312,516.7287959644325,513.2655789214306,514.2806849131285,47014500
2025-05-15,516.7487182617188,519.4158011315517,512.6883550423395,514.0318883953613,50153300
2025-05-16,518.9978637695312,519.1869509574169,514.6090729974479,518.1519218274547,48394600
2025-05-19,519.4954223632812,520.0129368955124,511.76283198638407,511.76283198638407,52536200
2025-05-20,517.7638549804688,518.4206490040874,514.171198352801,516.96766002425,42517600
2025-05-21,510.568603515625,520.4806468794133,508.77728647765286,513.7830855259509,71292800
2025-05-22,511.5240173339844,515.2161678084017,509.8321942334835,511.18562841742636,55607200
2025-05-23,506.78692626953125,509.37440786318274,503.14455323986806,503.74166904926017,58368100
2025-05-27,518.709228515625,519.1969191841325,512.1112214329714,513.6637044067394,47226300
2025-05-28,516.4102783203125,521.1573196978349,515.8928245699911,519.6645455027536,46637200
2025-05-29,517.4254150390625,523.943850597734,514.8280023627366,523.7946096140164,58513300
2025-05-30,516.609375,518.1718194248762,509.46396914496165,516.937802360934,67662800
2025-06-02,520.689697265625,520.9285314569356,513.4845216279213,514.7484234216115,44762800
2025-06-03,524.7598876953125,526.192953382638,520.172109482974,521.0379136751978,44070300
2025-06-04,526.2228393554688,527.2876922621837,523.4362788655679,525.4664906934179,41359300
2025-06-05,522.261962890625,530.4821825867151,520.1422186545674,527.6260127928042,61031200
2025-06-06,527.3672485351562,529.2381970448477,525.6655248338539,527.446880166096,42467000
2025-06-09,528.1436157226562,529.7856311828058,526.4617540692666,527.5863156876297,33688700
2025-06-10,531.6366577148438,532.3233363181573,526.342277608641,528.6112629449328,40664800
2025-06-11,529.8452758789062,534.1942808270467,527.5563674659288,533.039834702878,53701000
2025-06-12,531.0892333984375,532.0645538594068,528.282871317245,528.5316670205602,34104900
2025-06-13,524.4215698242188,529.3078908293887,523.1974536303323,525.1380723113464,55814400
2025-06-16,531.7162475585938,532.7910620936354,527.8947792535579,527.9445262501218,37622100
2025-06-17,526.5313720703125,530.7608992855103,525.366964373918,529.1487078886557,42180900
2025-06-18,526.4417724609375,529.9846210200801,524.8594657253662,527.5464108599048,43983500
2025-06-20,524.292236328125,530.989797962704,522.3516174800588,529.6960723110417,61643500
2025-06-23,529.6832275390625,530.2012624901581,521.7128229011945,524.8611059770333,50666100
2025-06-24,537.7831420898438,538.6997215726698,534.2861174166954,534.9038188952696,45442000
2025-06-25,539.157958984375,541.3000294115662,537.3845756916884,540.0546537700266,44804200
2025-06-26,544.1992797851562,544.6476272131085,539.5167156535897,541.339901952907,43811400
2025-06-27,546.0623779296875,547.9553124291843,542.5254624415982,545.2354314727291,57577100
2025-06-30,549.5992431640625,550.7549250315776,546.9789678853869,549.2206440950201,45548700
2025-07-01,544.9664306640625,548.6727003482655,542.6450333450836,547.6962844543337,56166700
2025-07-02,548.7623291015625,548.9616013728256,544.099649838931,544.1394799694398,36538300
2025-07-03,554.1622314453125,555.1386472795501,551.1334998356798,551.1334998356798,26443500
2025-07-07,549.9878540039062,552.2893059767699,547.5469053516296,551.4723321808171,45349300
2025-07-08,550.2966918945312,551.9604968449189,549.0612280892235,551.3328226115977,36153300
2025-07-09,554.1921997070312,555.5670993773455,551.0538285444961,552.4287282148103,43045500
2025-07-10,553.3951416015625,555.2382732584896,550.7051180084419,554.8298167972696,34710900
2025-07-11,552.1497802734375,553.733864104168,550.0077097543851,551.2530854493318,39618600
2025-07-14,554.1524047851562,554.8896575344722,549.5893307950605,551.9405857278426,36453300
2025-07-15,554.660400390625,558.7253235687808,554.6006247913591,558.177370440617,43277700
2025-07-16,555.228271484375,558.1375126628243,549.5194892045199,555.2183595594536,52314700
2025-07-17,559.7216186523438,560.229741645841,555.1486333295833,555.9556343165032,40423800
2025-07-18,559.1836547851562,562.6407884950407,557.9083608963978,561.0367592084838,50484700
2025-07-21,562.0828857421875,563.9659084478778,559.9807060956166,560.0106243017523,39595200
2025-07-22,559.1737060546875,562.2622135594852,556.5434579032301,562.212410691865,43270600
2025-07-23,561.7242431640625,561.7640732969975,557.5099110527195,560.2597104593184,40215300
2025-07-24,562.9197387695312,564.1451688896942,561.2060703387892,563.0392899612859,42275500
2025-07-25,564.2747192382812,565.5998159531918,562.1825124752501,562.8400440606903,30630800
2025-07-28,566.0382080078125,566.9348420155121,564.7728868526946,565.6396634648174,31498700
2025-07-29,565.1614990234375,569.9935327032099,564.434219030358,568.6485511909246,45463300
2025-07-30,565.9186401367188,568.508997161805,562.9595959750744,566.0780214636062,43433800
2025-07-31,562.9197387695312,572.5041444344463,561.7839416385068,572.4144506359528,64613600
2025-08-01,551.8309936523438,556.951993446216,549.6391201209816,556.7626938955674,69400800
2025-08-04,562.0131225585938,562.2323403030458,556.8822111512052,556.9818168836358,47669800
2025-08-05,558.1973266601562,564.4640352064246,557.6592854470431,563.2983805936119,48666600
2025-08-06,565.2212524414062,565.6596271290572,558.5559991276681,559.0342039471559,41823700
2025-08-07,567.1340942382812,571.1990173575662,563.0193682552224,569.5550971875249,44463000
2025-08-08,572.4244995117188,572.6437172653317,568.0408133424522,568.3396913615944,35255500
2025-08-11,570.7307739257812,574.6661734544787,569.4555407796788,572.5639937844218,33112900
2025-08-12,577.904052734375,578.2029307017501,570.3720239097617,573.0321290334282,42143300
2025-08-13,578.1930541992188,581.1620102059526,576.7982091868794,580.604084362888,41209300
2025-08-14,577.7448120117188,579.7274406220099,575.7720953282917,576.1407825220163,45425000
2025-08-15,575.2041625976562,577.6949138700501,573.4406912378071,577.6550229317031,49480200
2025-08-18,574.9749755859375,575.6325679790418,573.1118984877381,574.3074712675442,29831000
2025-08-19,567.1739501953125,574.4269858610731,566.1477315418194,574.2576318109441,53752600
2025-08-20,563.8065185546875,566.3470728538312,556.7726389420532,566.2275216498264,76781100
2025-08-21,561.1962280273438,564.3943140175195,558.9046880126308,562.2622161511607,46436900
2025-08-22,569.85400390625,571.8665505027725,561.186237654488,562.5810219572568,51502100
2025-08-25,568.2101440429688,571.1691275247927,567.0544013373471,568.2898651145814,34044700
2025-08-26,570.4916381835938,570.8004889189272,566.6957355547859,567.7219543005008,34103000
2025-08-27,571.3684692382812,572.285048840458,568.2600159705794,569.4755344252939,36927100
2025-08-28,574.9451904296875,575.8617699919798,570.3422863370614,571.9861459076477,46787900
2025-08-29,568.2898559570312,572.9027323513419,566.4366907257225,572.5340452045847,56030400
2025-09-02,563.527587890625,563.8762688061983,557.4700627066655,559.2335343759405,65876800
2025-09-03,567.9610595703125,569.585034325084,564.6333889904666,567.1241403555323,54230200
2025-09-04,573.1019897460938,573.470616113036,566.9249745111877,568.6286096639848,47526300
2025-09-05,573.9288940429688,578.9701724080204,569.4156841594208,578.3424981949754,68342500
2025-09-08,576.728515625,578.6912594012136,575.6326093036281,576.2303653317651,46371400
2025-09-09,578.3624877929688,578.7908897662577,574.9052929899314,577.5255685086003,44007600
2025-09-10,578.5517578125,581.6104078841153,576.4096872460331,581.5804896782814,49308000
2025-09-11,581.919189453125,582.7162176589113,579.4682684312116,581.0822703109691,44745800
2025-09-12,584.4896240234375,585.6851967841828,581.9390971782137,582.875622079706,50745900
2025-09-15,589.4910888671875,589.6006673309763,586.1136154844122,586.263084887294,44360300
2025-09-16,588.9929809570312,590.666758666618,588.3055311111864,590.4176835168099,36942100
2025-09-17,587.8173217773438,589.560847731768,582.2081448420756,588.9132280535239,69384800
2025-09-18,593.11767578125,595.9272507480725,590.7664209781601,592.7091584852494,61069300
2025-09-19,597.1326904296875,597.83011295333,593.6456386208329,595.1202047360832,58196100
2025-09-22,600.667724609375,601.3360027595129,596.1990824942005,596.2190510860968,57154800
2025-09-23,596.6779174804688,601.0367933292055,595.4609900615409,600.8372900448078,64635500
2025-09-24,594.583251953125,598.3736318933126,591.8502333814113,598.0544387994095,49850300
2025-09-25,592.0198364257812,593.6057566967052,587.0026056631178,590.6932034651784,70920200
2025-09-26,594.4535522460938,594.7827296224774,589.5560723046866,592.8376791327265,54337400
2025-09-29,597.20654296875,600.5181027058711,595.8898943349653,597.5855809487724,48332900
2025-09-30,598.8424072265625,599.1815689140329,594.5832523790604,596.9073409482912,46533800
2025-10-01,601.7150268554688,602.2536309055715,594.8226361779185,595.6504804045827,46899600
2025-10-02,604.188720703125,605.6150748101588,601.3958573858611,605.5153536087707,43765400
2025-10-03,601.645263671875,605.7847287787447,599.859840058186,604.9668078782124,46482100
2025-10-06,606.1636962890625,607.8094613156995,604.4280726015548,606.9018036091138,41962100
2025-10-07,602.9718627929688,608.1586438162234,601.4956480641417,607.4703970532165,58209500
2025-10-08,609.88427734375,610.1934861561377,603.7200088104369,603.8695906281247,50629800
2025-10-09,609.1461181640625,610.0537759298148,605.9342796270852,609.9241018375851,45551000
2025-10-10,588.0000610351562,611.6198017284072,587.5511938507611,609.8443624637231,97614800
2025-10-13,600.4782104492188,601.415821078074,595.7103438165695,598.1541220292103,65872600
2025-10-14,596.4783935546875,601.1564623206032,588.6284235801336,593.7952358040048,69203200
2025-10-15,600.6876220703125,605.1562641092269,594.4136488911962,602.4731063786636,62805500
2025-10-16,598.4633178710938,606.7621549667239,593.9847524006545,603.5702851791965,70982000
2025-10-17,602.393310546875,603.9693073296388,594.8525491800316,596.4285459627954,72024900
2025-10-20,609.98388671875,611.2406903321764,605.5252900595317,605.5951192469275,45761700
2025-10-21,609.8244018554688,611.1609582497778,607.7696457807522,610.0837500489531,44538200
2025-10-22,603.9493408203125,609.8542605281881,598.2139715066553,609.2657958565487,61478800
2025-10-23,609.0264282226562,609.8143961922938,602.9818500103868,603.3708114071275,42844300
2025-10-24,615.52978515625,616.8464337655934,613.5648269782704,614.4226241256162,47632500
2025-10-27,626.4918823242188,626.9506729134798,622.4422152319877,622.930958710038,54098600
2025-10-28,631.3095703125,633.0651018787079,627.648925370604,628.7560864561588,61195700
2025-10-29,634.15234375,635.3891789092543,628.6463695521778,633.9728090539653,67422800
2025-10-30,624.45703125,631.8880872300178,624.3473257513068,630.5614543099158,61628600
2025-10-31,627.4693603515625,632.5863121135939,625.0954113092228,632.5563592252307,66305100
2025-11-03,630.4716796875,634.2021534587442,628.2473125587718,633.4939381480045,37154300
2025-11-04,617.6743774414062,625.354797701833,616.8864094378021,621.6941527131348,63830800
2025-11-05,621.6941528320312,625.0056518350635,615.6395900613109,616.9163015661201,48688500
2025-11-06,610.1136474609375,620.4572571227977,608.7471381645778,620.2078932237561,72115100
2025-11-07,608.1885375976562,608.3980251800011,597.1466973484642,606.7621834660789,81835400
2025-11-10,621.6442260742188,622.7214951546598,615.3203917446493,617.3451949289606,55919900
2025-11-11,619.9884643554688,621.1355017301039,615.9487814833327,618.9910087880348,44868800
2025-11-12,619.4996948242188,623.2700450530867,616.2379957742788,623.2501373408774,47444400
2025-11-13,606.8519897460938,616.5472286099415,604.5378855310528,615.9686873362173,71333600
2025-11-14,607.310791015625,611.7893568378086,595.6505328274214,598.0244819828539,80087300
2025-11-17,602.1240234375,610.9215891749508,598.3436886131177,604.7573208445992,63850400
2025-11-18,594.792724609375,600.7774579901122,589.8353996813287,598.0943000892208,83327300
2025-11-19,598.3436889648438,604.6176628042144,593.077155027408,595.5508254465173,73111500
2025-11-20,584.1798095703125,612.4676969147798,583.262167456246,610.0637948039835,117743200
2025-11-21,588.568603515625,595.4609945768989,579.2623261905873,585.9751825584982,103344200
2025-11-24,603.6201782226562,605.1363301511908,593.6456226504143,593.7653733267485,60168100
2025-11-25,607.3406982421875,608.7072074163303,595.8001307211132,601.9743827443708,57560900
2025-11-26,612.70703125,614.6221288317284,608.8368989020178,610.9514997668095,42393600
2025-11-28,617.6743774414062,617.7442066386661,613.8541054647261,614.5423522607352,23034400
2025-12-01,615.599609375,617.8638528985133,610.961477711232,612.0686387329198,40957600
2025-12-02,620.4173583984375,622.1629056286581,616.018606165418,617.8838431924653,54541800
2025-12-03,621.9335327148438,622.6317029281745,616.4575112334458,618.0434315384043,47841600
2025-12-04,621.35498046875,623.3498916256304,617.9636071501104,623.339907329069,47067800
2025-12-05,623.8884887695312,627.3197383563271,622.1230338136666,622.7913119974152,53614200
2025-12-08,622.6915893554688,627.2399842967836,620.10815265492,625.6141268554061,43462400
2025-12-09,623.4595947265625,624.2775156033157,619.4199118254116,621.4248072711308,37156000
2025-12-10,626.0130615234375,627.6090269272694,619.4099106697121,622.2626189242517,55031400
2025-12-11,623.98828125,624.1877845427603,616.148234091509,622.2327496814814,58272800
2025-12-12,612.0587158203125,621.953458575216,609.8044563667469,620.4972123256402,75158700
2025-12-15,608.9865112304688,616.8464661142882,607.7696446385382,616.7966055109866,49538200
2025-12-16,610.1934204101562,611.9489518835392,605.3657088583533,606.7123103516171,55152800
2025-12-17,598.8822631835938,612.0886258751325,598.7526499708691,611.5001003103562,70654300
2025-12-18,607.5601806640625,611.3704684542074,605.3757504118026,608.2484274799762,78875800
2025-12-19,615.4799194335938,616.0484763883416,610.3131071204459,610.392920608793,60369800
2025-12-22,618.4302368164062,620.8671665076671,616.9920478025754,620.5674955378034,43703100
2025-12-23,621.3265380859375,621.6261480926279,617.0020349130734,617.42148892244,41120400
2025-12-24,623.144287109375,623.4938829346665,620.9370481838333,621.2067276835874,18468700
2025-12-26,623.1043090820312,624.7322611929134,622.3552536061636,623.873297918951,28959800
2025-12-29,620.088134765625,621.995763643064,617.9508150333834,619.3190849184411,32458300
2025-12-30,618.64990234375,621.3964390816567,618.4401448660525,619.0594201394988,31226800
2025-12-31,613.536376953125,619.1792861072609,613.2766946262738,618.8696789386981,40746500
2026-01-02,612.347900390625,622.0656280105537,609.381669736326,619.2791633693975,61859200
2026-01-05,617.2117309570312,620.0281869343077,615.9433108116908,618.5400731036631,46828400
2026-01-06,622.6348876953125,623.2341686687002,617.7610283782293,618.4501618747352,43137500
2026-01-07,623.2341918945312,627.1492383750701,621.7760085257346,622.2553845556755,44880300
2026-01-08,619.6885986328125,622.6348958217857,617.0219780933957,622.2454332860368,50435900
2026-01-09,625.86083984375,627.0992684709724,618.280371644388,620.6273877403378,49688700
2026-01-12,626.3801879882812,628.0580650499223,621.4763979710708,621.5263228144307,37388700
2026-01-13,625.4513549804688,628.6772678768714,622.9145755930199,626.4800871429724,44481400
2026-01-14,618.769775390625,622.6648884214621,613.7860691564842,621.4563902550666,72598700
2026-01-15,620.9970092773438,629.206628407055,619.9682771169513,625.8108857116995,53934900
2026-01-16,620.4776611328125,625.2915986535979,618.1006533744517,624.7123119754499,61058100
2026-01-20,607.2942504882812,614.2854351912486,606.2855126563834,609.7611716460692,81988900
2026-01-21,615.50390625,619.6386461402016,607.0944662344775,608.7024240227943,79837900
2026-01-22,619.978271484375,621.6761428244047,617.0020437780021,621.5662350217955,42254800
2026-01-23,621.935791015625,624.612469784726,617.8709699342951,618.949566020391,43645800
2026-01-26,624.67236328125,626.81961915323,621.3365426117721,622.425196766994,35983000
2026-01-27,630.335205078125,631.2440322678261,626.5499998769385,628.1179690883873,38997200
2026-01-28,632.4225463867188,635.7982947738302,631.014348844542,634.6597767228699,50691700
2026-01-29,628.6373291015625,632.8719797654484,617.4914101080947,631.8533057393616,79944000
2026-01-30,621.0868530273438,627.4688205124429,618.5200822009824,624.9220440060533,65650700
2026-02-02,625.3515014648438,627.6985176699922,617.8808797571519,617.9208683974972,49020300
2026-02-03,615.7435913085938,629.1866011443993,610.1905958568021,627.5087242048245,81234000
2026-02-04,604.9871826171875,614.3253838343164,599.7138024298947,614.2455284678144,81850700
2026-02-05,596.2781982421875,604.0483693053457,594.0110373128413,599.4541864003901,89354500
2026-02-06,608.8822631835938,610.6399955270392,598.0159600076653,599.434154665902,78019300
2026-02-09,613.54638671875,615.6837064208919,604.3080353554789,606.7748955946631,56797600
2026-02-10,610.699951171875,616.2430108652889,610.2405694597212,614.5351423104305,53938900
2026-02-11,612.337890625,616.7423712103644,606.9247331463698,615.6037921922693,58575100
2026-02-12,599.8836059570312,615.0344847338599,598.8149461335121,613.9358943887876,81378900
2026-02-13,601.1619873046875,605.7162424752422,595.6689134343201,599.673873409497,69237500
2026-02-17,600.542724609375,603.1894116444834,592.5927882610704,597.626419057608,69013800
2026-02-18,605.027099609375,609.0021290003773,599.9634770047899,601.3517411914925,64250700
2026-02-19,602.7100219726562,605.0570991965415,599.993476524114,602.0508799312083,60960800
2026-02-20,608.0433349609375,609.581373723881,598.4753818004266,599.3642756707148,74127300
2026-02-23,600.652587890625,607.2443127599432,598.2955745850619,605.8460514657053,63859100
2026-02-24,607.1044921875,608.2230768722754,598.9747284234804,601.6414099286677,55023700
2026-02-25,615.9033813476562,616.053216829597,610.2305417280922,610.3004608891118,55710700
2026-02-26,608.4727783203125,614.8148183820397,603.2193924504018,614.8148183820397,96178900
2026-02-27,606.5252075195312,607.5539396831472,601.4316544188312,602.2206376135266,68125200
2026-03-02,607.32421875,609.1518702196468,597.2369017749593,598.1058012495889,75264600
2026-03-03,600.8224487304688,603.1994564784976,591.1246545665933,595.5790600436336,97015500
2026-03-04,609.9808959960938,612.108218610738,602.6701065956436,603.3991678160902,70943900
2026-03-05,608.1431274414062,611.9883154244911,601.5015388569162,606.6350803018902,89602400
2026-03-06,598.9946899414062,605.2368188486739,597.5764953219963,599.5539822531658,86302300
2026-03-09,606.99462890625,608.5027370453225,590.5853272955466,593.4816386137257,93068200
2026-03-10,607.004638671875,612.5176457382476,604.65756151405,607.0146358319374,64078900
2026-03-11,606.9247436523438,611.6587648578186,604.2681201890963,608.1831666985171,60114800
2026-03-12,596.5078735351562,603.3792143506387,596.2981160455262,602.0009473234562,71836600
2026-03-13,592.9722900390625,602.8398528802119,591.8237748266745,598.9747313072235,63145500
2026-03-16,599.6239013671875,603.099499235842,598.3554812666724,599.2843027330098,49077200
2026-03-17,602.5502319335938,605.1369970937805,601.1120429286618,602.3804630878033,47106600
2026-03-18,594.15087890625,602.400426051188,593.8112802396884,600.7325461165636,56128000
2026-03-19,592.273193359375,595.0496606380132,586.3406715242521,588.7676039624899,75597600
2026-03-20,581.3269653320312,590.4254777892629,577.8113788279011,590.3156309505814,91964700
2026-03-23,588.0,595.0800170898438,585.9600219726562,590.52001953125,89936100
2026-03-24,583.97998046875,587.9299926757812,581.9299926757812,584.8099975585938,57750900
2026-03-25,587.8200073242188,591.3699951171875,585.6900024414062,589.1400146484375,60475500
2026-03-26,573.7899780273438,584.6300048828125,573.4299926757812,582.5999755859375,81492100
2026-03-27,562.5800170898438,571.02001953125,561.5700073242188,570.8099975585938,82702200
2026-03-30,558.280029296875,568.0499877929688,555.5999755859375,567.3800048828125,70602600
2026-03-31,577.1799926757812,578.6400146484375,564.2100219726562,564.2899780273438,95878000
2026-04-01,584.3099975585938,587.739990234375,580.4199829101562,581.47998046875,79435100
2026-04-02,584.97998046875,586.0499877929688,571.9199829101562,573.969970703125,50941700
2026-04-06,588.5,590.6099853515625,584.6900024414062,586.22998046875,35108500
2026-04-07,588.5900268554688,588.97998046875,578.4000244140625,585.6400146484375,49948200
2026-04-08,606.0900268554688,609.9000244140625,602.1199951171875,608.7100219726562,63086000
2026-04-09,610.1900024414062,610.5,603.030029296875,605.9299926757812,37837500
2026-04-10,611.0700073242188,613.6699829101562,609.5800170898438,611.8400268554688,34038500
2026-04-13,617.3900146484375,626.739990234375,608.1099853515625,609.47998046875,32972100
2026-04-14,628.5999755859375,628.5999755859375,620.0999755859375,620.219970703125,49921100
2026-04-15,637.4000244140625,637.8300170898438,628.2000122070312,629.0800170898438,50102400
2026-04-16,640.469970703125,642.1799926757812,635.260009765625,639.2100219726562,42320600
2026-04-17,648.8499755859375,650.0,644.0700073242188,645.5900268554688,53488900
2026-04-20,646.7899780273438,648.760009765625,642.52001953125,648.0399780273438,37138500
2026-04-21,644.3300170898438,650.2000122070312,642.2100219726562,648.4099731445312,39580500
2026-04-22,655.1099853515625,655.3300170898438,648.52001953125,650.1500244140625,37368400
2026-04-23,651.4199829101562,656.9199829101562,645.52001953125,653.5499877929688,40099800
2026-04-24,663.8800048828125,664.510009765625,656.530029296875,658.510009765625,45563100
2026-04-27,664.22998046875,664.4299926757812,660.6900024414062,663.4000244140625,32717000
2026-04-28,657.5499877929688,659.6400146484375,653.8099975585938,657.4099731445312,34147900
2026-04-29,661.5700073242188,661.719970703125,656.5900268554688,658.6300048828125,31724900
2026-04-30,667.739990234375,668.9000244140625,657.5599975585938,665.3499755859375,40622200
2026-05-01,674.1500244140625,675.969970703125,668.7999877929688,669.1599731445312,39172600
2026-05-04,672.8800048828125,676.72998046875,668.9000244140625,674.6599731445312,34542000
2026-05-05,681.6099853515625,682.77001953125,677.510009765625,677.9600219726562,37101100
2026-05-06,695.77001953125,695.9299926757812,686.47998046875,687.780029296875,38778500
2026-05-07,694.9400024414062,701.239990234375,691.77001953125,696.5800170898438,43779100
2026-05-08,711.22998046875,711.22998046875,699.5,699.9199829101562,44320400
2026-05-11,713.2899780273438,714.5900268554688,708.9099731445312,710.3599853515625,36019100
2026-05-12,707.239990234375,710.1799926757812,696.6400146484375,708.219970703125,45873000
2026-05-13,714.7100219726562,716.6500244140625,704.8300170898438,709.9600219726562,40012500
2026-05-14,719.7899780273438,722.030029296875,714.219970703125,714.6199951171875,33327500
2026-05-15,708.9299926757812,715.1300048828125,705.5499877929688,710.1400146484375,51792700
2026-05-18,705.8800048828125,712.0700073242188,698.8499755859375,711.5399780273438,49834500
2026-05-19,701.530029296875,706.489990234375,695.25,699.8099975585938,46827500
2026-05-20,713.1500244140625,713.1500244140625,703.7899780273438,705.2899780273438,36779200
2026-05-21,714.510009765625,717.1199951171875,706.77001953125,708.989990234375,36415400
2026-05-22,717.5399780273438,722.1199951171875,715.9500122070312,718.0700073242188,33118600
2026-05-26,730.280029296875,731.1699829101562,724.1599731445312,725.9600219726562,34254700
2026-05-27,729.4500122070312,733.3200073242188,725.4400024414062,732.9600219726562,35148700
2026-05-28,735.5999755859375,736.5999755859375,726.4099731445312,729.72998046875,32840000
2026-05-29,738.3099975585938,741.6300048828125,735.25,737.8400268554688,37477400
