Date,Close,High,Low,Open,Volume
2021-06-01,44.99638748168945,45.19276600869613,44.9451570262255,45.1842259709171,8252800
2021-06-02,45.12446212768555,45.19276940677356,44.98785082657986,45.03908128589587,7365200
2021-06-03,44.8853874206543,44.94515465367222,44.74877613703192,44.89392745798252,6215600
2021-06-04,45.31230163574219,45.329378454665346,45.15861352250396,45.23545757912308,6039600
2021-06-07,45.414756774902344,45.431833592878945,45.29522230613614,45.38060639601914,10276700
2021-06-08,45.38914489746094,45.46598895273428,45.28668724278652,45.448912134110195,6909800
2021-06-09,45.209842681884766,45.372067571394105,45.19276586345166,45.354990752961,5873300
2021-06-10,45.35499572753906,45.431839790381304,45.22692446084895,45.278151664696814,7050200
2021-06-11,45.431819915771484,45.44889672860717,45.2781318573194,45.41474310293581,4867400
2021-06-14,45.50013732910156,45.5086741088915,45.372062832764364,45.41475324585352,4623500
2021-06-15,45.5086669921875,45.542820620145726,45.41474614383698,45.5086669921875,7736600
2021-06-16,45.209842681884766,45.61967655306895,45.064691353738446,45.57698613552124,7192800
2021-06-17,44.87685775756836,45.039082664763384,44.68047920978372,44.93662500006497,6041500
2021-06-18,44.023033142089844,44.25356531400454,43.9632659038605,44.13402758047565,8868100
2021-06-21,44.62897872924805,44.663408817208634,44.17279155578895,44.250257611983315,6778700
2021-06-22,44.672019958496094,44.749486018119796,44.38797664539784,44.49126363041809,5644600
2021-06-23,44.431007385253906,44.680620579483694,44.370756377465156,44.628975451336046,6192300
2021-06-24,44.8011360168457,44.826960230372926,44.69784901304076,44.766705921099174,7565000
2021-06-25,44.947452545166016,44.947452545166016,44.82695051959194,44.93884338137705,5942400
2021-06-28,44.654808044433594,44.801131009851254,44.568732814687074,44.801131009851254,6246800
2021-06-29,44.64619445800781,44.71505463498516,44.57733756446443,44.69783959074082,7136400
2021-06-30,44.34493637084961,44.44822334584415,44.1813983868221,44.30190040488802,9424200
2021-07-01,44.47405242919922,44.48266159403146,44.250263395076104,44.327729461394554,8125000
2021-07-02,44.63758850097656,44.646194381366975,44.37076024079833,44.517086474907025,7998700
2021-07-06,44.37076187133789,44.65480518616894,44.17279378074385,44.65480518616894,7103900
2021-07-07,44.52570724487305,44.611782494730875,44.301918162112784,44.51710136160479,8151000
2021-07-08,43.88014221191406,43.97482331173684,43.64774404419465,43.79407027576638,13796500
2021-07-09,44.63758850097656,44.65480354519134,44.29329418354878,44.344939316193134,7099500
2021-07-12,44.8011360168457,44.81835106471897,44.56873779570859,44.6289888215477,4810100
2021-07-13,44.551513671875,44.740875876469715,44.51708686657649,44.663409818538604,5872700
2021-07-14,44.66341018676758,44.79252137886189,44.60315917270597,44.79252137886189,4406700
2021-07-15,44.30189895629883,44.41379180745351,44.13835769418509,44.30189895629883,7503400
2021-07-16,43.95761489868164,44.30190926207581,43.88875799606344,44.30190926207581,5953800
2021-07-19,43.09688186645508,43.2776349279838,42.87309283076728,43.243208118717156,13735600
2021-07-20,43.484222412109375,43.55307933024662,42.96778075062196,43.03664095219434,7918500
2021-07-21,44.11254119873047,44.12975624296644,43.69938998736907,43.716605031605035,12997700
2021-07-22,44.17279052734375,44.31911675605247,44.03507346214169,44.31911675605247,6642400
2021-07-23,44.43962860107422,44.499879625204024,44.31912655281461,44.42241355368934,5845200
2021-07-26,44.49126052856445,44.50847557210663,44.31911666001029,44.31911666001029,5525000
2021-07-27,44.32772445678711,44.336330337213404,44.1125413283561,44.31050941250055,7594500
2021-07-28,44.52570724487305,44.603173328027566,44.250273012198086,44.35356002859243,6511000
2021-07-29,44.86137771606445,44.94745293753586,44.84416267177017,44.878592760358735,8559800
2021-07-30,44.568729400634766,44.766697488735595,44.4826574609158,44.64619545975544,6454500
2021-08-02,44.78391647338867,45.00770878984133,44.723665453597796,44.9302427239053,8113600
2021-08-03,45.10238265991211,45.119594419859276,44.78390928251498,44.97327147627178,8327900
2021-08-04,44.97327423095703,45.222887450119515,44.97327423095703,45.14542139187716,3984800
2021-08-05,45.20567321777344,45.265924232662755,45.15402808353943,45.19706405368407,4226500
2021-08-06,45.02491760253906,45.13681046184013,44.9646665910896,45.102383657750345,4736400
2021-08-09,44.97327423095703,45.04213440869868,44.9302382615855,45.02491936426327,4695800
2021-08-10,45.06797409057617,45.06797409057617,44.93886284529248,44.964687064410434,5559200
2021-08-11,45.35199737548828,45.377821585007055,45.22288946163097,45.317570568520146,5065000
2021-08-12,45.24871063232422,45.27453155854844,45.11959943433481,45.24871063232422,5579600
2021-08-13,45.48109817504883,45.48109817504883,45.308951045827285,45.36059616962377,3832100
2021-08-16,45.2228889465332,45.23149482731868,44.98188159989656,45.12820784072246,8101300
2021-08-17,44.72365188598633,44.84415388901193,44.534293002703244,44.77529700875444,7431900
2021-08-18,44.61177444458008,44.9302446029988,44.59455939771495,44.74949153606664,5289100
2021-08-19,44.12115478515625,44.24166011585502,43.9490108795985,44.01786778513469,11441800
2021-08-20,44.26747512817383,44.293296053869334,43.897359870512425,43.94039584114964,5806100
2021-08-23,44.732269287109375,44.79252029971942,44.52569204142214,44.52569204142214,5915700
2021-08-24,44.947452545166016,44.99909439416408,44.77530538715994,44.81834135580297,4677000
2021-08-25,44.98188781738281,45.00771203017692,44.82695895779096,44.91303091127916,7273400
2021-08-26,44.69784164428711,44.86998881120544,44.62898146414613,44.81834367609971,4918700
2021-08-27,45.16263961791992,45.18846054467507,44.70644911682888,44.715058281370084,5045800
2021-08-30,45.15402603149414,45.20567116338111,45.08516913907875,45.145420151229935,5765000
2021-08-31,45.15402603149414,45.26592217553229,45.08516913907875,45.24010125130576,8926100
2021-09-01,45.549964904785156,45.6704702196974,45.45528708250525,45.48971388904608,6914500
2021-09-02,45.765140533447266,45.82539482273472,45.67906860606558,45.70488952759337,9103400
2021-09-03,45.988948822021484,46.040593966505305,45.782371527520894,45.82541078964144,11074000
2021-09-07,45.877037048339844,46.006148223922544,45.877037048339844,45.971718139309345,8765400
2021-09-08,45.54135513305664,45.773753295380665,45.44667403543198,45.70489312131407,6414000
2021-09-09,45.48971939086914,45.67047574338231,45.420862486025385,45.5069344379387,5085500
2021-09-10,45.3606071472168,45.825403523569015,45.35199798278388,45.7909734327057,6200600
2021-09-13,45.704898834228516,45.80818910823925,45.54996670664665,45.80818910823925,5902300
2021-09-14,45.506927490234375,45.85982769269566,45.47250068478581,45.84261264825438,6409500
2021-09-15,45.68768310546875,45.69628898583871,45.42085484592461,45.49832090299007,7809500
2021-09-16,45.55857467651367,45.5757897217307,45.31757061034362,45.43807264342865,7100200
2021-09-17,44.9904899597168,45.38642613745165,44.852772885572755,45.32617512272826,7350300
2021-09-20,44.135101318359375,44.238785046373835,43.75492215556256,44.00549418630659,16987500
2021-09-21,44.5152702331543,44.7399188247766,44.437506625276235,44.636235112954445,9486100
2021-09-22,44.75719451904297,45.11145017915257,44.71399325240431,44.731274418268846,8370300
2021-09-23,45.30154037475586,45.39658514038782,45.14601317573,45.18057550796806,6789300
2021-09-24,44.88680648803711,44.97320903069452,44.80040064933397,44.843605216708404,4791000
2021-09-27,44.88680648803711,44.94728892710644,44.73127927441718,44.783122777639065,5785600
2021-09-28,43.89316177368164,44.23013631223611,43.754915724632475,44.20421620805371,11391900
2021-09-29,43.75490951538086,44.014120408557744,43.703069314372684,43.95363797668465,11145200
2021-09-30,43.625308990478516,43.92772117253714,43.52162198859077,43.83267640216284,10238600
2021-10-01,43.75490951538086,43.858593213442546,43.34881036190837,43.63394465163467,11817400
2021-10-04,43.348812103271484,43.68578990358802,43.150083633984586,43.633946404451905,12540200
2021-10-05,43.59938430786133,43.73763034359434,43.3315344676542,43.39201690228455,6756900
2021-10-06,43.279693603515625,43.28833253925506,42.726709426912656,42.87359440680284,12693500
2021-10-07,43.64259338378906,43.80676284662361,43.495708386564544,43.495708386564544,7009400
2021-10-08,43.65122985839844,43.78083366896248,43.56482402197677,43.737632398774466,5801100
2021-10-11,43.5216178894043,43.88451576973983,43.51297895475012,43.72034634690305,5570700
2021-10-12,43.504337310791016,43.66850673584194,43.43521594448956,43.538899641964406,6540300
2021-10-13,43.98820495605469,44.02276729107571,43.659869365446305,43.78083424197421,6880900
2021-10-14,44.463417053222656,44.49797938165728,44.32517103552921,44.40293462648459,5690800
2021-10-15,44.81767272949219,44.83495389372875,44.66214554740817,44.713989040117866,4982100
2021-10-18,44.653507232666016,44.688069561618526,44.44613655499604,44.515261212901066,7051200
2021-10-19,44.96458053588867,45.025062989002386,44.8522545675147,44.87817467712158,5152900
2021-10-20,45.120094299316406,45.16329556776393,44.9472859294808,44.99912942924513,5728700
2021-10-21,44.895442962646484,44.981848796612724,44.817679360099646,44.84360275831229,5191900
2021-10-22,45.102813720703125,45.232417527735265,44.92136641323081,45.06825138707634,6568100
2021-10-25,45.068260192871094,45.146023810702665,44.921375190326,45.05097902268116,6111200
2021-10-26,45.1546516418457,45.35338340212807,45.08553027413281,45.336102236188495,5467100
2021-10-27,44.9127197265625,45.19785400663052,44.9127197265625,45.12009041170699,6153700
2021-10-28,45.370670318603516,45.3965937207045,45.10282043324632,45.12874053930127,5770000
2021-10-29,45.033687591552734,45.07688885916103,44.88680262247543,44.98184738884095,9654900
2021-11-01,45.45707702636719,45.48299713291299,45.21514724248343,45.275629688454366,8588800
2021-11-02,45.35338592529297,45.42250729685132,45.29290019311675,45.344743693819694,8353400
2021-11-03,45.66444396972656,45.699006308772425,45.197865576791614,45.28426812836022,7539300
2021-11-04,45.629878997802734,45.63851793341866,45.457070621073335,45.59531666324773,9112600
2021-11-05,45.72492218017578,45.73356441215987,45.55211709304309,45.63851963660944,7741600
2021-11-08,45.750850677490234,45.828614293782415,45.69900716794674,45.750850677490234,5451300
2021-11-09,45.63852310180664,45.79405032887139,45.49163810738216,45.768130223042604,7963000
2021-11-10,45.05961608886719,45.534836678435525,45.00777258424224,45.42251073310438,8018800
2021-11-11,45.21513748168945,45.3188211815361,45.18057514972544,45.28425884957208,5638800
2021-11-12,45.52619171142578,45.54347287859597,45.31882429747474,45.38794567010988,6222600
2021-11-15,45.44843673706055,45.64716854923067,45.41387769220361,45.62124514553017,9023800
2021-11-16,45.34474563598633,45.48299168106984,45.32746446834518,45.42250924234866,6965700
2021-11-17,45.232421875,45.28426538042284,45.15465826488868,45.24106410726007,8688300
2021-11-18,45.26698684692383,45.28426801640404,45.02505706629301,45.206504401766125,7590700
2021-11-19,44.921363830566406,45.085529961786925,44.86952033310686,45.01640529850753,9985200
2021-11-22,44.6794319152832,45.02504864817699,44.67079298018131,44.91272271557969,9573300
2021-11-23,44.60166931152344,44.73991534856009,44.38565967265083,44.55846804295802,10284600
2021-11-24,44.36837387084961,44.36837387084961,43.98819813272718,44.04868056160927,7906100
2021-11-26,43.158729553222656,43.530266421999926,43.00320233856958,43.48706515038424,11942100
2021-11-29,43.36609649658203,43.538904877182524,43.158729076698016,43.53026594137307,14177300
2021-11-30,42.942726135253906,43.36610327303465,42.57982814968132,43.23649943936648,31057400
2021-12-01,42.71805953979492,43.763548563375544,42.70942060560364,43.57345905071632,18127800
2021-12-02,43.31425094604492,43.42657357793938,42.96863422748196,43.003196558547316,21570800
2021-12-03,43.09824752807617,43.478423336413094,42.83903659984437,43.45250323240365,22553900
2021-12-06,43.51298904418945,43.59075265828931,43.2105735244473,43.374742985350366,14646200
2021-12-07,44.44615173339844,44.46343290377623,44.083257043603474,44.09189598076926,14200900
2021-12-08,44.50662612915039,44.541188463652645,44.342459984333146,44.45478592344265,14731500
2021-12-09,44.1178092956543,44.26469426620706,44.09188589799256,44.2387741645908,21544500
2021-12-10,44.17829513549805,44.24741651048461,44.03140685757729,44.204215239112294,13967300
2021-12-13,43.7289924621582,44.03140464259746,43.68579119295911,44.00548454028711,24679900
2021-12-14,43.504337310791016,43.72898916737271,43.33153224701472,43.556180807551094,15722000
2021-12-15,44.04005432128906,44.04005432128906,43.36610188284385,43.616673901034424,15986100
2021-12-16,44.04869079589844,44.32518290532688,43.93636484642878,44.27334269483776,22374700
2021-12-17,43.538902282714844,43.893157958615305,43.521621116080006,43.75491192158209,19758900
2021-12-20,43.32743835449219,43.38008194430915,43.09053215893939,43.257242438568916,22904100
2021-12-21,43.87144470214844,43.88899368168437,43.52924796901178,43.59066772382474,21469100
2021-12-22,44.318939208984375,44.32771537374954,43.81880492540661,43.86267905498015,15062100
2021-12-23,44.59093475341797,44.661130669398595,44.34525574173676,44.362804720731916,14463100
2021-12-27,44.93313217163086,44.93313217163086,44.60848442300824,44.64358238154191,12630800
2021-12-28,44.93313217163086,45.07352065864001,44.90681037629338,44.98577910943137,13668700
2021-12-29,44.92436218261719,44.98578194035345,44.82784446413857,44.906813202246006,11380800
2021-12-30,44.81907653808594,45.02088481368681,44.79275139109374,44.92436708467637,13691400
2021-12-31,44.80152893066406,45.00333721245801,44.75765480003936,44.8190779134887,15518400
2022-01-03,45.07352066040039,45.09984580286445,44.845390624173696,45.020877069723376,15874300
2022-01-04,45.240238189697266,45.41572130324846,45.15249328579583,45.31043076569257,15991500
2022-01-05,44.84539031982422,45.450815038379986,44.827841340675796,45.39817144806024,13855400
2022-01-06,44.59971618652344,44.81029726509726,44.283841221536804,44.66990876367275,17111300
2022-01-07,44.78398132324219,44.84540109145161,44.44178451546787,44.58217303525032,12525300
2022-01-10,44.37158203125,44.389131012022766,43.959189350904566,44.29261329133546,20436400
2022-01-11,44.898040771484375,44.93313873514491,44.32771392406783,44.4330044679234,17097500
2022-01-12,45.38063049316406,45.42450127522964,45.18759503552418,45.2139168353383,17788600
2022-01-13,45.05598068237305,45.55611497647437,44.99456091622911,45.54734215865076,13837900
2022-01-14,44.95068359375,45.05597412794751,44.67867942102023,44.83661689587936,15200500
2022-01-18,44.29261779785156,44.53829685941504,44.17855108478587,44.45055529374985,17386800
2022-01-19,44.283851623535156,44.62604846694193,44.24875365315326,44.538303540987194,14141500
2022-01-20,44.00305938720703,44.678676674981524,43.97673424493135,44.432997661245345,17594000
2022-01-21,43.39763259887695,43.932864763518026,43.38008361921857,43.92409194725165,26963600
2022-01-24,42.9150505065918,42.95014846847119,41.765617358485514,42.56407758204955,39855600
2022-01-25,42.686920166015625,42.96769716494017,42.06394306172131,42.40614316709108,30779500
2022-01-26,42.485107421875,43.27479480214715,42.29207533223962,43.17827708376658,26780200
2022-01-27,42.2043342590332,42.73956649342387,42.090270897077794,42.57285618563254,24165900
2022-01-28,42.397369384765625,42.4061455492333,41.75684661079262,41.984976680061706,30790600
2022-01-31,43.0729866027832,43.12563354390928,42.43246388114851,42.43246388114851,19645900
2022-02-01,43.502933502197266,43.502933502197266,43.04666999877327,43.3449960068918,20287500
2022-02-02,43.85389709472656,43.90654403498159,43.625767047872856,43.86267325833192,15146400
2022-02-03,43.151954650878906,43.546798335196264,43.143178487268685,43.41518265804857,17215100
2022-02-04,43.266029357910156,43.4678376456725,42.96770333532096,43.081766706365116,15226400
2022-02-07,43.34499740600586,43.555578508459625,43.239703507652706,43.29235045682928,17679600
2022-02-08,43.55557632446289,43.61699608852601,43.21337953978951,43.301121103557925,11582900
2022-02-09,44.248741149902344,44.26629013013452,44.08203085838525,44.143450615635004,12497200
2022-02-10,43.73106002807617,44.34526097691415,43.63454230577116,43.66964026790497,19594700
2022-02-11,43.125633239746094,43.897768288061506,43.02033935823657,43.72228517979711,21576900
2022-02-14,42.871177673339844,43.0203389834904,42.59040068601174,42.98524437041866,22676500
2022-02-15,43.58189010620117,43.608215248189424,43.26601852647159,43.34498725818536,16078800
2022-02-16,43.76616287231445,43.862680605386,43.42396607115265,43.46783685515073,16225300
2022-02-17,43.09931182861328,43.50293171510561,43.064217212196326,43.450284769791125,14998000
2022-02-18,42.871177673339844,43.195825437351886,42.75711097626102,43.108083883983994,21103000
2022-02-22,42.42369079589844,42.76589091736127,42.11659198485924,42.5202085214039,23406500
2022-02-23,42.02885055541992,42.809761832045666,41.95865462860475,42.80098566763076,22238900
2022-02-24,41.484840393066406,41.54626015284478,40.44070112970823,40.57231681330524,42537400
2022-02-25,42.52898406982422,42.5553058683532,41.80949256827368,41.89723412812094,25452200
2022-02-28,41.93233108520508,42.33594760622363,41.67787588177456,41.774393603567226,26278400
2022-03-01,41.107547760009766,41.88846239012255,40.86186870840748,41.748073882474664,26696700
2022-03-02,41.6076774597168,41.70419517571445,41.221609942851835,41.34444945516679,28569200
2022-03-03,40.94961166381836,41.51994187830167,40.800450333734936,41.51994187830167,23595500
2022-03-04,39.89670181274414,39.984443382936185,39.55450500301827,39.905474630912806,37019400
2022-03-07,38.72093963623047,39.69488628452674,38.554225997291915,39.68611012083222,46667200
2022-03-08,38.95785903930664,39.65102558520554,38.545466231306804,39.04560062320466,47835600
2022-03-09,40.44947814941406,40.6688354134502,39.82650432286171,40.08973237027984,36557900
2022-03-10,39.99320602416992,40.25643399285951,39.79139445614518,39.93178292925464,29302200
2022-03-11,39.61592102050781,40.41438128330734,39.598372038705776,40.37050715523923,33712300
2022-03-14,39.8703727722168,40.388056018921766,39.7914040279016,40.13360415135148,22373000
2022-03-15,40.22134780883789,40.28276757460285,39.82650406668733,40.00199054621272,29380000
2022-03-16,41.58135986328125,41.598908844973856,40.63373828176257,40.94960991085146,23392300
2022-03-17,41.958641052246094,42.02006079477307,41.388311046352825,41.44095797442949,20850500
2022-03-18,42.318397521972656,42.35349548300511,41.56380809540371,41.6164550369524,20866400
2022-03-21,42.09250259399414,42.30345000268444,41.89034647681756,42.16281951452268,23460700
2022-03-22,42.479244232177734,42.54076986884149,42.25071756494461,42.25071756494461,14341300
2022-03-23,41.943092346191406,42.21556208413329,41.93430105296336,42.04856439465613,17635500
2022-03-24,42.27709197998047,42.3034625094226,41.99583092050397,42.11009427369639,14647800
2022-03-25,42.33861541748047,42.36498594554629,42.03098719751364,42.24193465755956,21845800
2022-03-28,42.20677185058594,42.21555979044054,41.88156442963316,42.05735004989145,15933100
2022-03-29,43.03297424316406,43.12087040328353,42.681399661373206,43.050553475187954,18522100
2022-03-30,42.8747673034668,43.05934757530529,42.734136791001596,42.90992576980707,15181800
2022-03-31,42.215553283691406,42.77807522876544,42.18918611529583,42.60228963560126,16292800
2022-04-01,42.58472442626953,42.58472442626953,42.27709283115727,42.47925236506642,14885300
2022-04-04,42.7692985534668,42.804457022516644,42.50561674138522,42.558351092063845,13711700
2022-04-05,42.2595100402832,42.742927207411846,42.11887617780639,42.58471746502126,14409500
2022-04-06,41.71456527709961,41.93430066522537,41.49482988897385,41.758511684145574,16650900
2022-04-07,41.758506774902344,41.89034933343641,41.39814091485752,41.73213960435375,24601700
2022-04-08,41.74972915649414,41.9079389246873,41.53878168127114,41.609098623977594,18270700
2022-04-11,41.31025314331055,41.66183110696519,41.283885969550035,41.58272623278769,16789600
2022-04-12,41.037776947021484,41.512406156154114,40.95867207883271,41.43330128796534,17089800
2022-04-13,41.521202087402344,41.54756926211243,41.081731293455185,41.099307174664524,16348900
2022-04-14,41.31904220581055,41.63546171111438,41.28388709080704,41.556356834788424,14869800
2022-04-18,41.14324951171875,41.40693126992417,41.064144648967584,41.13445821980447,17165800
2022-04-19,41.32783508300781,41.336623023871454,40.9147314515972,40.94988992084409,16475900
2022-04-20,41.63546371459961,41.74972706432343,41.49483318913037,41.63546371459961,17473500
2022-04-21,41.14324951171875,42.04855811095236,41.064144648967584,41.98703247913427,17545200
2022-04-22,40.387367248535156,41.02020292147392,40.36099672052796,41.011414980735594,21819900
2022-04-25,40.150047302246094,40.21157293796324,39.59631322789614,39.93909987057612,30691900
2022-04-26,39.060157775878906,39.85120644117373,39.05136983644035,39.80726003818971,29718900
2022-04-27,39.23595428466797,39.49084816503798,38.98106040429795,39.1920078732343,23657100
2022-04-28,39.85121154785156,39.9215251310571,39.165638185341294,39.473266398545626,19231400
2022-04-29,39.3502197265625,40.20279423581924,39.30627331279489,39.9654795779984,20646400
2022-05-02,39.2183723449707,39.41174056541944,38.770113614625764,39.18321722998588,37477200
2022-05-03,39.5347900390625,39.66663261112818,39.359001060606886,39.44689722628264,31942100
2022-05-04,40.211578369140625,40.29947118835188,39.10411342375662,39.54358422560516,28158800
2022-05-05,38.928314208984375,39.6929922645682,38.611894778288935,39.68420432611343,28388900
2022-05-06,38.576744079589844,38.79647946701325,38.32185022548367,38.66464024629676,31821800
2022-05-09,37.381385803222656,37.92633201846503,37.28470168913462,37.9087527838221,30821800
2022-05-10,37.56596755981445,38.03180556093552,37.29349444153623,37.970279913726934,31894600
2022-05-11,37.372589111328125,38.19000488989259,37.33743065027483,37.671429324490354,36278700
2022-05-12,37.23196792602539,37.56596668372287,36.89796916832792,37.10012534056958,27679000
2022-05-13,38.27790069580078,38.31305915961526,37.77690432157924,37.80327149299227,22443000
2022-05-16,38.33064270019531,38.51521962662578,37.99664396220492,38.11090730599827,14542900
2022-05-17,39.06895065307617,39.06895065307617,38.7437432343274,38.945899378571,13134000
2022-05-18,38.137271881103516,38.78769007887132,38.05816701046819,38.71737314813067,18732400
2022-05-19,38.532798767089844,38.77011339459483,38.09332797976122,38.102115920233544,18538100
2022-05-20,38.752532958984375,38.998635519329696,38.26032448539781,38.96348040563459,15988900
2022-05-23,39.420536041259766,39.49964093266477,39.077749296136986,39.18322471994144,19729700
2022-05-24,39.27989196777344,39.376576063181226,38.98105174237462,39.21836633485858,14828700
2022-05-25,39.2623176574707,39.44689793224518,38.98105662806648,38.98984792123934,15217300
2022-05-26,39.6930046081543,39.78089743161551,39.306271490870145,39.332638667329256,14358900
2022-05-27,40.18520736694336,40.19399530686911,39.93910146137655,39.98305121969278,11412600
2022-05-31,40.00062942504883,40.26431457869275,39.92152454953485,40.15005123564011,19971500
2022-06-01,39.64026641845703,40.290684703977846,39.508427184874556,40.22036776375019,14072700
2022-06-02,40.47526168823242,40.47526168823242,39.8072675198,39.93910675353069,15791200
2022-06-03,39.85121154785156,40.04457976923489,39.754527437159894,39.947895658543224,9930300
2022-06-06,40.00062942504883,40.36978662841271,39.91273660909819,40.30826098666807,12516000
2022-06-07,40.097312927246094,40.13247139425244,39.57873727403833,39.62268703424424,11364000
2022-06-08,39.5963134765625,39.895153717449205,39.54357913298559,39.75452321308462,10542400
2022-06-09,38.77010726928711,39.48204768642623,38.77010726928711,39.39415488400514,19332800
2022-06-10,37.87358856201172,38.14606162824765,37.75053729109732,38.102111871867656,23876000
2022-06-13,36.581546783447266,37.056176030478184,36.49365396861753,36.89796628146787,29997600
2022-06-14,36.2475471496582,36.695805817302094,35.95749485955672,36.56396325763859,28145600
2022-06-15,36.889183044433594,37.09133922663324,36.14208061154301,36.59913068330167,19690800
2022-06-16,36.001441955566406,36.273915019436984,35.79928581897686,36.001441955566406,24268300
2022-06-17,35.878387451171875,36.1684397207136,35.64986416390185,36.01901794016005,24727400
2022-06-21,36.43050003051758,36.60860141960448,36.37706859469107,36.448310509126415,17640600
2022-06-22,36.09211730957031,36.39488873227123,35.8605878202119,35.95854378005666,18550400
2022-06-23,35.95854568481445,36.08321567776536,35.629056821155594,36.00307019701084,23782200
2022-06-24,37.02714538574219,37.044952470336725,36.42160259946728,36.45722016565837,18522800
2022-06-27,36.955909729003906,37.17853569122682,36.8579537621054,37.000434242047966,22587600
2022-06-28,36.75999450683594,37.410061850734664,36.73328048079973,37.2408673575015,16572100
2022-06-29,36.53737258911133,36.80452646690955,36.51065856013257,36.70657049798389,15456000
2022-06-30,36.33254623413086,36.39488121442825,35.76262447312514,35.89620137204908,18882600
2022-07-01,36.41270446777344,36.41270446777344,35.74482653286343,35.86949653719284,17836500
2022-07-05,35.629058837890625,35.629058837890625,35.10366141142773,35.31738383787142,23089900
2022-07-06,35.629058837890625,35.71811126432663,35.32628738201365,35.58453432317398,18464700
2022-07-07,36.20787811279297,36.23459213513409,35.940727698376264,35.940727698376264,16530900
2022-07-08,36.296932220458984,36.412698661878906,35.994160802362316,36.136644666880564,14027500
2022-07-11,35.69139099121094,35.914016922851715,35.6557700268679,35.851678536750335,17740500
2022-07-12,35.6557731628418,35.92292362490655,35.55781720078415,35.62905573873362,15331700
2022-07-13,35.611244201660156,35.780438680523034,35.16599235486122,35.201609920883605,18153200
2022-07-14,35.08584213256836,35.130366631814965,34.569348429703425,34.8721197803825,32470600
2022-07-15,35.62015151977539,35.637962003175566,35.19271010917837,35.32628363917611,27153200
2022-07-18,35.842777252197266,36.26131511708976,35.789345802316625,36.11883464774373,21591100
2022-07-19,36.76889419555664,36.79560821632451,36.430501878823286,36.46612283784819,17778000
2022-07-20,36.590797424316406,36.78670932672469,36.41269600367269,36.67094289375597,17571900
2022-07-21,37.000431060791016,37.018241543877835,36.492844182324745,36.5462756315852,14812500
2022-07-22,36.87575149536133,37.3388137443018,36.73327106468745,37.11618785906127,12127700
2022-07-25,37.17853927612305,37.223063793460334,36.98262732343547,37.16963573145676,14863100
2022-07-26,36.67095184326172,36.955912827035256,36.67095184326172,36.8490533073709,12278900
2022-07-27,37.508018493652344,37.570353486876414,36.911382587935584,37.027149031209866,13570900
2022-07-28,37.74845504760742,37.81079004103664,37.26758218658,37.49020813368502,14879600
2022-07-29,38.25604248046875,38.273852964131265,37.71283461827036,37.76626606925792,11109300
2022-08-01,38.25604248046875,38.43414392009153,38.08684798117844,38.22932845347618,13528600
2022-08-02,37.65940475463867,38.0779392110876,37.65940475463867,37.962176168347604,11511500
2022-08-03,37.92655563354492,37.988890625575216,37.632687759400135,37.8375066155023,7989700
2022-08-04,38.11355972290039,38.16699117068423,37.9443652337549,37.98888974174032,10103600
2022-08-05,37.84640884399414,37.890933351468995,37.579258402142855,37.60597242722733,13178000
2022-08-08,37.9621696472168,38.291655030035706,37.89983466660245,38.13136410931263,20765600
2022-08-09,37.73063659667969,37.997786997391515,37.67720855473831,37.95326249677315,13738900
2022-08-10,38.63005065917969,38.74581369194691,38.38961425750614,38.54099825281802,11472300
2022-08-11,38.63005065917969,38.950632528077755,38.567715673227504,38.83486609830857,12981800
2022-08-12,38.950626373291016,38.950626373291016,38.585520057405404,38.674569052694025,7878100
2022-08-15,38.67457962036133,38.71910413017177,38.514288667441846,38.57662366057694,12669200
2022-08-16,38.7101936340332,38.77252861597193,38.46975724784025,38.47866078940218,9898700
2022-08-17,38.38071060180664,38.585529455459564,38.16699160225909,38.30056512772575,17144600
2022-08-18,38.25604248046875,38.36290538244386,38.131372491833524,38.327284415118825,14228700
2022-08-19,37.68611526489258,37.90874118370551,37.61487673731345,37.89093070256024,10859400
2022-08-22,37.08057403564453,37.33882092748502,36.99152502321778,37.28538948182772,12118700
2022-08-23,37.151817321777344,37.41896776582899,36.97371589340885,37.018240401250424,13577100
2022-08-24,37.19634246826172,37.321012451159525,36.96480958830671,37.018241036835306,10950700
2022-08-25,37.632686614990234,37.632686614990234,37.24086619171473,37.321011664316785,9667100
2022-08-26,36.63532638549805,37.68612115838226,36.60861235810348,37.62378616312662,12140600
2022-08-29,36.5462760925293,36.70656704533005,36.43050964950601,36.48394109944037,15570300
2022-08-30,36.243499755859375,36.84013557938268,36.1633542903262,36.777800594745976,24526700
2022-08-31,36.02977752685547,36.40379083318022,36.0208739848724,36.288024405388995,17199100
2022-09-01,35.54890823364258,35.5756256562275,35.16599474461591,35.54000469078243,29945900
2022-09-02,35.32627868652344,36.0743018994479,35.21051565615555,35.79824793795321,18682000
2022-09-06,35.174896240234375,35.49547811657709,35.068036747120814,35.42423618983336,22467800
2022-09-07,35.477664947509766,35.48656848917728,34.87212220406518,34.87212220406518,19051900
2022-09-08,35.531105041503906,35.55781907001398,35.04132520546857,35.11256714416557,15072500
2022-09-09,36.44831085205078,36.466121330827185,36.056490509974296,36.19006400529512,12474400
2022-09-12,36.911376953125,37.07166788180361,36.813421008154535,36.866852450048015,15353900
2022-09-13,35.6468620300293,36.42160269500268,35.611244463744775,36.22569079392867,14117200
2022-09-14,35.80714797973633,35.94962841603241,35.593429023792986,35.78933750057413,12421200
2022-09-15,35.459861755371094,35.833875125313014,35.379716275883716,35.50438626686353,20644000
2022-09-16,35.228328704833984,35.36190222584117,35.04132034022051,35.13037275122743,18248300
2022-09-19,35.36231231689453,35.398041664264774,34.71919769358264,34.844247002040376,18253800
2022-09-20,34.77278518676758,34.93356381241269,34.54948191863131,34.897834471749896,22548200
2022-09-21,34.3261833190918,35.04075319284679,34.30831864633068,34.77278991610591,18719200
2022-09-22,34.1654052734375,34.48696257412629,34.03142192903785,34.44230259510573,28673100
2022-09-23,33.04888153076172,33.441894030432074,32.79878297709306,33.441894030432074,31810500
2022-09-26,32.52189254760742,33.004228494434905,32.36111389866493,32.74519584810111,32371100
2022-09-27,32.32538604736328,32.852381997187145,32.12888145083341,32.673742074403286,31473800
2022-09-28,33.04888153076172,33.15606613842868,32.16459914733187,32.28965183150344,28402900
2022-09-29,32.637996673583984,32.64692730239531,32.164591570509096,32.54867334878851,27942200
2022-09-30,32.477230072021484,32.9238366386723,32.44150072892837,32.512959415114594,28723800
2022-10-03,33.20073318481445,33.34365056861795,32.71840064382952,32.84344994731961,45906400
2022-10-04,34.52268981933594,34.558415755975425,34.02248922566757,34.06714920197026,23839400
2022-10-05,34.1118049621582,34.29938229118597,33.70986181777515,33.95102634147003,18149600
2022-10-06,33.5401496887207,33.94209624679497,33.50442034859468,33.76345295350225,22262300
2022-10-07,33.01316452026367,33.43297588412043,32.870250520894764,33.37045122235519,20593100
2022-10-10,32.78985595703125,33.00422862558576,32.60228200163229,32.95956864677714,24846100
2022-10-11,32.405765533447266,32.95062599153506,32.32537622967469,32.575478178821086,29437000
2022-10-12,32.32538604736328,32.51296341802732,32.227135452767406,32.3611153948553,21121500
2022-10-13,32.99528884887695,33.1292721693465,31.637604603645954,31.726927953071442,29001700
2022-10-14,32.43256759643555,33.2721866503671,32.414702926266266,33.173932668104776,24741200
2022-10-17,33.2900505065918,33.44189508831191,33.200727157929364,33.227525866196764,24153900
2022-10-18,33.51335906982422,33.81705168865294,33.254326428724276,33.77239171092416,17318100
2022-10-19,33.1292724609375,33.34364509410812,32.89703856506196,33.16500180102217,23946100
2022-10-20,33.03995132446289,33.5580131076255,32.950627977478106,33.17393123393414,16865200
2022-10-21,33.656272888183594,33.683068193230056,32.64694104093302,32.76305970836415,23168300
2022-10-24,33.60268020629883,33.74559418445657,33.31685224998334,33.513360247701996,27063800
2022-10-25,34.35297775268555,34.37977646481603,33.825981845290535,33.843846517598244,14526600
2022-10-26,34.701324462890625,34.96929109475137,34.37083659955624,34.37083659955624,14273100
2022-10-27,34.46909713745117,34.92463436511004,34.442301832100036,34.62094174422482,18451300
2022-10-28,34.737060546875,34.74599458691842,34.290453950165706,34.34404796841247,20741600
2022-10-31,34.451236724853516,34.52269542441002,34.33511804174337,34.40657674129987,28799200
2022-11-01,34.74599075317383,35.18366326154853,34.594142755231296,35.18366326154853,19183000
2022-11-02,34.218994140625,35.2372565012704,34.21006010176321,34.79958059515463,23466200
2022-11-03,33.94209289550781,34.111802133344,33.72772028325524,33.736654321073345,26424500
2022-11-04,35.23725891113281,35.30871419022654,34.72812769599083,34.96929565169035,21966700
2022-11-07,35.38910675048828,35.53202072910457,35.24619277187199,35.40697142373257,25080700
2022-11-08,35.81784439086914,36.05008170785574,35.55881517823617,35.630270455306004,20492000
2022-11-09,35.317649841308594,35.84464575210623,35.308715801428136,35.603477785401765,16061000
2022-11-10,37.282718658447266,37.282718658447266,36.55921477490659,36.68426407166572,19421500
2022-11-11,37.979427337646484,38.0687472986265,37.49709137074297,37.64893939321471,15765300
2022-11-14,37.541751861572266,37.87224321783481,37.5328212282881,37.648939905011105,20750500
2022-11-15,37.773983001708984,38.211655514742866,37.45242573896057,38.113401528087785,17109500
2022-11-16,37.63106155395508,37.836500118204896,37.532807586849316,37.756110818512624,17159400
2022-11-17,37.58640670776367,37.613202008864555,37.10407084392356,37.1665954847172,16831200
2022-11-18,37.648929595947266,37.765044833537345,37.52387691284399,37.756114202698576,12737900
2022-11-21,37.345245361328125,37.4077700131474,37.16660203869963,37.30058197516752,14394300
2022-11-22,37.89903259277344,37.90796322465971,37.55068002446943,37.60427063046228,12701700
2022-11-23,38.336708068847656,38.36350678125053,37.94369549609687,37.94369549609687,9269900
2022-11-25,38.49748229980469,38.57787161312015,38.3545683436147,38.37243301405563,6450600
2022-11-28,37.9615592956543,38.43496118005201,37.91689931912697,38.24738723423455,13708700
2022-11-29,38.059814453125,38.27418370995142,37.970491089999065,38.04194978049981,11598200
2022-11-30,38.77439498901367,38.899444324455516,37.988366213943586,38.38138230514805,15610500
2022-12-01,39.10487365722656,39.283516982584416,38.90836906593715,39.20312765654028,14977000
2022-12-02,39.06914138793945,39.185256634371434,38.70292416359346,38.73865009700619,16482500
2022-12-05,38.479618072509766,39.015544515103954,38.381364096322145,38.935155207981104,13694300
2022-12-06,38.22058868408203,38.60467058280874,38.086605358540154,38.51534723000165,11702200
2022-12-07,38.22058868408203,38.3992319823587,38.09553939748962,38.229519315693985,16632000
2022-12-08,38.434959411621094,38.47068875413413,38.15806552548915,38.256319513731185,13719300
2022-12-09,38.46175765991211,38.74758558190584,38.42602831782849,38.506417633847825,14430200
2022-12-12,38.56000900268555,38.56000900268555,38.30991041782632,38.43495971025594,13482000
2022-12-13,39.06020736694336,39.649727860241526,38.944088713120806,39.56933854718553,15123500
2022-12-14,39.04234313964844,39.37283443448353,38.75651522494715,39.10486778303075,18377500
2022-12-15,38.024078369140625,38.57786949302537,37.89009505186558,38.506414222526026,13943700
2022-12-16,37.72932815551758,37.934766788562825,37.56854950229294,37.72932815551758,14511200
2022-12-19,37.64799118041992,37.92813830020689,37.539548579704494,37.87391527618512,17846500
2022-12-20,37.828731536865234,37.99139716328103,37.67510135754891,37.72932438213023,15525100
2022-12-21,38.208290100097656,38.298661826023924,37.99140485253232,38.036588991831024,14202600
2022-12-22,37.87391662597656,38.0727309404805,37.539549917579414,38.063692045824,17651300
2022-12-23,38.063697814941406,38.09984650438976,37.756440849287905,37.8468125729088,10668100
2022-12-27,38.135982513427734,38.28057377581506,38.00946558975478,38.045610819855895,14392000
2022-12-28,37.702213287353516,38.30768819455887,37.702213287353516,38.20828104326771,14592500
2022-12-29,38.298648834228516,38.38901708217091,38.06368587385399,38.090799106098856,13008000
2022-12-30,37.928138732910156,38.2353956445493,37.873915708269784,38.081765465065644,15892900
2023-01-03,38.135982513427734,38.53360762316096,37.98235235801942,38.31672245324379,11990000
2023-01-04,38.705318450927734,38.8137610536316,38.43420677317579,38.723389345271556,13229500
2023-01-05,38.27153778076172,38.43420339418064,38.19924386775768,38.334796247388205,9324500
2023-01-06,39.32886505126953,39.35597483826999,38.36191024520325,38.551685648862325,10441400
2023-01-09,39.50056457519531,39.88915426125603,39.50056457519531,39.66323018551505,12426200
2023-01-10,39.5999755859375,39.60901448035312,39.346941699550726,39.482494089831576,11492000
2023-01-11,39.898193359375,39.90722880562673,39.654194942644246,39.80782166021852,14000500
2023-01-12,40.476566314697266,40.5398247927425,39.79879395221671,40.24160329853338,12836700
2023-01-13,40.684410095214844,40.71151988257291,40.268710601527225,40.31389472956666,9144300
2023-01-17,40.8018913269043,40.98262783791444,40.71151962407125,40.792852432957005,12862000
2023-01-18,40.621150970458984,41.3260330090087,40.612112076600276,41.271809987840285,13196900
2023-01-19,40.57596969604492,40.68441229867842,40.35908104344976,40.548856459890416,13017200
2023-01-20,40.991668701171875,40.991668701171875,40.4855974829782,40.55789484871792,19859800
2023-01-23,41.16337203979492,41.208556172205505,40.81093098073273,40.847079665592524,14611000
2023-01-24,41.15433883666992,41.217597314960315,40.81996865447382,40.93745016301106,8094300
2023-01-25,41.3621826171875,41.38929240471558,40.92840878009815,41.00974159001041,9955200
2023-01-26,41.48869705200195,41.506771391706074,41.12721715257512,41.44351292640555,15609000
2023-01-27,41.443511962890625,41.53388021198247,41.217587892833286,41.25373657140112,11993400
2023-01-30,41.10010528564453,41.41640104345983,41.10010528564453,41.24469654862855,13995000
2023-01-31,41.35314178466797,41.362180678305634,40.901293627964606,40.99166532770199,14919700
2023-02-01,41.723655700683594,41.88632130729009,41.01877370360727,41.344104916820264,13761800
2023-02-02,41.71461868286133,41.90439406764218,41.45254594350056,41.85920994469354,10567100
2023-02-03,41.24469757080078,41.59713856760095,41.172403661180915,41.271807355992266,13632600
2023-02-06,40.8018913269043,40.928408263542586,40.60307702799956,40.84707545465683,8634900
2023-02-07,41.18143844604492,41.25373580183191,40.55788926535667,40.64825751276273,11438000
2023-02-08,40.937442779541016,41.199515540807255,40.86514886624599,41.14529252034007,9659000
2023-02-09,40.973602294921875,41.54293209473345,40.892269466377364,41.52485774979814,9026200
2023-02-10,40.856109619140625,40.90129374547521,40.666334220138666,40.856109619140625,7798500
2023-02-13,41.20854949951172,41.20854949951172,40.81995981851211,40.87418283702175,6772900
2023-02-14,41.24469757080078,41.461586194315814,40.89225657400061,40.99166371613968,10336600
2023-02-15,41.036842346191406,41.036842346191406,40.68440139657916,40.702475733396106,10172200
2023-02-16,40.84708023071289,41.10011413357554,40.64826590856174,40.70248893660161,8804700
2023-02-17,40.910335540771484,40.9464842233342,40.54885560980055,40.63922731620734,6358700
2023-02-21,40.395225524902344,40.729592192516584,40.37715118512214,40.63018504738937,8322800
2023-02-22,40.16026306152344,40.40426148064138,40.07893025515079,40.331967567936736,8127400
2023-02-23,40.395225524902344,40.47655833024936,40.0427845175079,40.38618663134833,9051200
2023-02-24,39.762638092041016,39.85300634513723,39.59093703222706,39.73552830557773,9836900
2023-02-27,40.20545196533203,40.32293000827962,40.07893158108943,40.18737762472594,8274000
2023-02-28,39.916259765625,40.17833249273227,39.916259765625,40.08796425106025,8185300
2023-03-01,40.169307708740234,40.34100879241883,40.015677520330236,40.26871486935935,11018400
2023-03-02,40.232566833496094,40.268715519273435,39.87108687037949,39.898200108376706,11802200
2023-03-03,40.81996536254883,40.84707859914996,40.350046260953526,40.440414523415335,8819600
2023-03-06,40.720550537109375,40.87417723082397,40.65729208118839,40.738624874133556,8510200
2023-03-07,39.979530334472656,40.648263741334596,39.92530730932377,40.62115395242425,9698400
2023-03-08,40.1873779296875,40.32293031426981,40.01567341629069,40.10604512000691,9292500
2023-03-09,39.78974914550781,40.368114257327065,39.76263935818128,40.241597320032604,8120200
2023-03-10,39.401161193847656,39.95241654288335,39.37405140531415,39.85300938848962,13449600
2023-03-13,39.17523193359375,39.50960203563818,38.940272420169805,39.03064066825724,16105800
2023-03-14,39.63612365722656,39.67227233967483,39.33790219802057,39.509606715985754,10302700
2023-03-15,38.45227813720703,38.515536604496404,37.97332018563665,38.24442839506653,19880800
2023-03-16,39.04872131347656,39.04872131347656,38.244432054696304,38.298655080702076,17464100
2023-03-17,38.59687805175781,38.81376673624781,38.452286744540714,38.75050825479837,9922500
2023-03-20,39.186485290527344,39.28626624477187,38.92342704029924,38.986923382038285,8755300
2023-03-21,39.694454193115234,39.75795399221579,39.467680565854934,39.68538477055284,6731100
2023-03-22,39.540252685546875,40.23871592393608,39.52211037880143,39.74888402268268,8479300
2023-03-23,39.56746292114258,40.15707575708192,39.39511620400682,39.92122923858976,11507200
2023-03-24,39.431396484375,39.45860821033048,39.05948790172374,39.27718862994899,10299900
2023-03-27,39.776092529296875,39.82145002263042,39.55839178657589,39.66724215793638,24343300
2023-03-28,39.83052062988281,39.91215927590426,39.72167025528456,39.75795486691432,7671400
2023-03-29,40.28407287597656,40.31128460791842,40.13893787180092,40.20243421985955,10685100
2023-03-30,40.782958984375,40.80110128564845,40.655966335751,40.7557472626099,7170900
2023-03-31,40.97346115112305,41.03696095617269,40.837399038194214,40.85554134530964,9553300
2023-04-03,41.30908966064453,41.31815908428019,41.01881966022463,41.0551008150586,9184100
2023-04-04,41.30001449584961,41.445149488044216,41.16395238708094,41.309087379275546,7943900
2023-04-05,40.9825325012207,41.163952105294854,40.837397510019606,41.07324057311221,7993800
2023-04-06,41.11860275268555,41.21838025901423,40.864613893936394,40.919040819445115,9567400
2023-04-10,41.15488052368164,41.16395340733246,40.88275283910844,40.89182572275925,8281400
2023-04-11,41.3362922668457,41.41793090271026,41.24558420934757,41.28186535617247,7648300
2023-04-12,41.5721435546875,41.7807748792641,41.45422029808647,41.69006335099754,7301700
2023-04-13,42.17989730834961,42.18896673147921,41.907769630676555,41.95312366690687,14720200
2023-04-14,41.97126007080078,42.24338771020298,41.79891337324721,42.14360676835435,7888800
2023-04-17,41.93498229980469,41.93498229980469,41.69913922994888,41.86241653226876,10834000
2023-04-18,42.09825897216797,42.179897622106274,42.0075508990326,42.11640127885328,7959700
2023-04-19,41.93498229980469,42.007551527631854,41.86241653226876,41.871485955601536,8441900
2023-04-20,41.953121185302734,42.0529021352819,41.835197929846366,41.85334023532357,12788400
2023-04-21,42.08918762207031,42.12546877348875,41.78077534312194,41.98033378694193,9023200
2023-04-24,42.17082595825195,42.17989538096713,42.03476039548727,42.08918731265134,8234700
2023-04-25,41.50864028930664,41.934975785838354,41.50864028930664,41.934975785838354,9776700
2023-04-26,41.51771545410156,41.78077368813859,41.45421911627068,41.78077368813859,9787100
2023-04-27,42.0438346862793,42.0438346862793,41.63564487130469,41.72635295012318,6714400
2023-04-28,42.05290603637695,42.07104834353716,41.717282004641376,41.735420851510305,8602400
2023-05-01,42.01661682128906,42.21617871790824,41.99847451611542,42.10732488686638,10213800
2023-05-02,41.5721435546875,41.66285162266307,41.32722761880427,41.66285162266307,8907300
2023-05-03,41.653785705566406,42.007555534531384,41.653785705566406,41.717285516117734,10310100
2023-05-04,41.59028625488281,41.76263644441821,41.490508754978116,41.599359138695895,10408900
2023-05-05,42.26152801513672,42.334093767409136,41.817050238915066,41.84426542377142,6775300
2023-05-08,42.2796745300293,42.388524899426464,42.21617819285671,42.37945547709789,5574100
2023-05-09,42.11639404296875,42.17989037531264,41.916832164007616,41.962186192783165,8259800
2023-05-10,42.05290603637695,42.20711045680177,41.780778349556456,42.20711045680177,14545200
2023-05-11,41.86241912841797,41.88055797620843,41.581218543585564,41.78984989609034,10105500
2023-05-12,41.77170944213867,41.95312907071902,41.62657443133271,41.95312907071902,7703600
2023-05-15,42.13454055786133,42.13454055786133,41.88055174280913,41.934978658954094,7863200
2023-05-16,41.699134826660156,42.007547091775834,41.699134826660156,41.95312017665276,7124300
2023-05-17,41.916839599609375,41.94405478993487,41.59935788157205,41.78077748914675,8317500
2023-05-18,41.83519744873047,41.85333975399904,41.608423823309764,41.8170551434619,10261300
2023-05-19,42.08918762207031,42.17989569105294,41.962191481087196,42.043830127287976,7726700
2023-05-22,42.12546920776367,42.21618073797248,42.052903443887686,42.0801151728048,9103700
2023-05-23,41.53586196899414,41.86241657395912,41.53586196899414,41.79892022969273,8717800
2023-05-24,40.94624710083008,41.182093619677794,40.91903537184422,41.16395131359019,10880600
2023-05-25,40.85554504394531,40.94625312744297,40.701337149649405,40.93718370320983,11789700
2023-05-26,41.23652267456055,41.290949600210546,41.01882189254362,41.01882189254362,7929900
2023-05-30,40.882747650146484,41.182090487387384,40.77389728219107,41.17301760488812,8594300
2023-05-31,40.4836311340332,40.556196899396404,40.20243057505936,40.47455825068084,12619800
2023-06-01,41.109519958496094,41.1458045667552,40.67411504025893,40.70132676630791,11813400
2023-06-02,41.7172737121582,41.735412555421526,41.572138744017515,41.66284680149648,8823900
2023-06-05,41.454219818115234,41.68099344571949,41.44514693524813,41.65377825740913,12685300
2023-06-06,41.81705093383789,41.85333554072234,41.508638695901226,41.544923302785676,6659300
2023-06-07,41.417938232421875,41.817058600452626,41.39979592565349,41.6628541833582,10547500
2023-06-08,41.844268798828125,41.86241110343217,41.54492596329756,41.64470690847441,7142700
2023-06-09,41.82613754272461,41.934987938811254,41.76264118998309,41.844279852121005,7001100
2023-06-12,42.01661682128906,42.0347591264627,41.84427011257579,41.95312048332676,8055900
2023-06-13,42.424808502197266,42.515516564493105,42.32502755749738,42.39759677556667,7878000
2023-06-14,42.53365707397461,42.751361258704,42.28874116376303,42.63343801446347,7759000
2023-06-15,42.93279266357422,42.9690738207821,42.46110301695597,42.49738417416385,10366800
2023-06-16,42.805789947509766,43.13234453441671,42.79672052466948,43.13234453441671,13952700
2023-06-20,42.23086929321289,42.404808313040554,42.13016646879563,42.35903525437649,9203200
2023-06-21,42.294952392578125,42.44142827607082,42.10270345029281,42.17593964590889,10583100
2023-06-22,42.03862380981445,42.10271029325274,41.96538760229527,42.011160668527396,10160900
2023-06-23,41.36117172241211,41.47102777364421,41.297088734838304,41.324551874581104,9829000
2023-06-26,41.48933792114258,41.57173083307589,41.397791793332644,41.425254933223435,9830200
2023-06-27,41.82806396484375,41.8463738893745,41.46187595101185,41.590041930466064,7898400
2023-06-28,41.83721923828125,41.901302225810404,41.69074333932021,41.76397954267028,7297900
2023-06-29,41.782291412353516,41.782291412353516,41.59919565706031,41.62666229032398,6635400
2023-06-30,42.27664566040039,42.31326550710168,42.102706626960455,42.157632904751594,8137100
2023-07-03,42.349891662597656,42.41397815528688,42.27665544450677,42.31327529968302,6362600
2023-07-05,41.892147064208984,42.06608960157582,41.82806407431416,42.0386229685773,12565800
2023-07-06,41.150611877441406,41.31539769658241,40.93089628783313,41.30624098870745,8980700
2023-07-07,41.49850082397461,41.69074981643002,41.19639227103486,41.22385541502522,8873700
2023-07-10,41.60835266113281,41.626662586018305,41.39779376334129,41.416103688226784,7842700
2023-07-11,42.011165618896484,42.020322328578544,41.709060552357165,41.800606695608714,7134000
2023-07-12,42.816776275634766,42.84423941459403,42.505514562473486,42.56959754821897,10422000
2023-07-13,43.47592544555664,43.521698514117396,43.28367296998341,43.301982895859965,7276700
2023-07-14,43.210426330566406,43.475914953313,43.182959702249576,43.44844832499617,7349800
2023-07-17,43.19212341308594,43.2470531863665,42.97240781222469,43.0456475099321,6808700
2023-07-18,43.503387451171875,43.530850593138254,43.219588845894904,43.25620869669087,6484700
2023-07-19,43.49422836303711,43.61324112548294,43.38437230891995,43.53084821182983,7538100
2023-07-20,43.23789978027344,43.4850785405225,43.17381678601568,43.39353240365748,12248800
2023-07-21,43.29282760620117,43.347753888939714,43.17381483983248,43.32029074757044,10494700
2023-07-24,43.24705123901367,43.36606050403791,43.16465832893336,43.2104313918089,6201900
2023-07-25,43.375221252441406,43.43014753610419,43.21043541693072,43.21043541693072,5737500
2023-07-26,43.43014144897461,43.56746412340688,43.11887974688739,43.11887974688739,11708800
2023-07-27,43.24705123901367,43.73225199156391,43.219584607479675,43.73225199156391,8082000
2023-07-28,43.60409164428711,43.741410850630274,43.48507887164733,43.576625009209444,7776900
2023-07-31,43.60409164428711,43.76887748570794,43.58578171832243,43.63155478710348,7654200
2023-08-01,43.11888122558594,43.34775002931465,43.02733510099877,43.2378939813579,8343900
2023-08-02,42.28579330444336,42.63367481774778,42.24002024822812,42.58790176153254,15392900
2023-08-03,42.15763854980469,42.28580453816028,41.95623635050073,41.98369949307371,14960900
2023-08-04,42.27664566040039,42.716073344033504,42.23087259815418,42.34988186154218,9944600
2023-08-07,42.61537551879883,42.62453222768041,42.35904354629384,42.54213930905221,8266900
2023-08-08,42.294952392578125,42.340725451370744,41.974533996508725,42.111856665147116,9403500
2023-08-09,42.331581115722656,42.49636346348768,42.24003148667401,42.395664109926074,8666400
2023-08-10,42.459739685058594,42.981560256542735,42.41396662466292,42.7343815396933,8764800
2023-08-11,42.221717834472656,42.368193735761594,42.12101499753758,42.19425469431253,7614200
2023-08-14,42.04777908325195,42.07524222360164,41.699897505691666,41.828063483671514,7069900
2023-08-15,41.461875915527344,41.800600788403734,41.40694614198211,41.79144757227671,7750600
2023-08-16,41.132301330566406,41.50764602575214,41.132301330566406,41.324550285896976,8465200
2023-08-17,40.857662200927734,41.33370975950184,40.811889135966204,41.297089910628216,10996300
2023-08-18,40.857662200927734,40.92174519032608,40.528090545587126,40.55555368611184,11576400
2023-08-21,40.98582077026367,41.0315938269503,40.74779528787662,40.94920092801022,10914300
2023-08-22,40.8942756652832,41.178074235590564,40.857659311260285,41.15976431244873,10252400
2023-08-23,41.333709716796875,41.4161026305469,41.049911126711,41.095684191625246,10161700
2023-08-24,40.811893463134766,41.29709428924124,40.79358353675661,41.178081513913874,10026700
2023-08-25,41.06822204589844,41.223851168828745,40.71118724175376,41.07737526219859,10748200
2023-08-28,41.49850082397461,41.52596396796497,41.30624833925775,41.342868192752526,7763400
2023-08-29,42.02946853637695,42.03862175227094,41.35201531561116,41.39779187186389,8886700
2023-08-30,42.02031707763672,42.20340934126024,41.9379241621017,42.0660901435426,10957300
2023-08-31,41.882999420166016,42.075248415427296,41.75483342332516,42.06609519805073,9141700
2023-09-01,41.94707107543945,42.30410582502303,41.82805832815808,42.26748598089637,8335600
2023-09-05,41.57173156738281,41.83722023188641,41.57173156738281,41.82806352358712,9567800
2023-09-06,41.406944274902344,41.62665986691506,41.27877830133694,41.52595703275344,8972300
2023-09-07,41.24215316772461,41.37031912486227,41.14145034647061,41.28792622495086,10296300
2023-09-08,41.187232971191406,41.35201530305969,41.15061312310471,41.21469611112597,9008900
2023-09-11,41.65412139892578,41.68158453726977,41.44356252301348,41.57172849163308,6083200
2023-09-12,41.47102737426758,41.626659979920106,41.38863446357174,41.42525431105008,8404700
2023-09-13,41.38863754272461,41.53511345127435,41.30624462589906,41.42525739292733,6672100
2023-09-14,41.94707107543945,41.97453421240417,41.69073915107392,41.72735899520058,7694300
2023-09-15,41.85552978515625,42.148481587438596,41.81890993680572,42.020315610472686,9970200
2023-09-18,41.69883728027344,41.76335774393057,41.55136143247121,41.70805298246665,7494900
2023-09-19,41.70805740356445,41.855533266999274,41.59745138501382,41.781797093332834,9230400
2023-09-20,41.56978988647461,42.08595707519863,41.55135848339635,41.88317648032467,11025000
2023-09-21,40.87849807739258,41.2471894453559,40.869282375439155,41.16423406336923,11630500
2023-09-22,40.924591064453125,41.256409108154735,40.878502001956804,41.127368171809366,11652600
2023-09-25,40.76789474487305,40.795545368646664,40.51902858260539,40.62041889124425,11703700
2023-09-26,40.18720626831055,40.537462732553074,40.15033994268104,40.4268567234613,13497100
2023-09-27,40.095035552978516,40.371552336330446,39.8369536906636,40.343901712825755,12446100
2023-09-28,40.426856994628906,40.54668222300802,40.07660052803699,40.141120993448446,13567400
2023-09-29,40.297813415527344,40.804761403059715,40.20563881663873,40.804761403059715,16047800
2023-10-02,39.671043395996094,40.067385412819,39.551218165860824,40.048950491559594,16236200
2023-10-03,39.17330551147461,39.412952421636746,39.01661397715729,39.31156564324971,16168000
2023-10-04,39.191741943359375,39.24704670142504,38.869136128795006,39.23782748369676,14106100
2023-10-05,39.55121612548828,39.58808596610505,39.27469935306562,39.403740279122765,12624600
2023-10-06,39.96599197387695,40.05816305685359,39.210177841943974,39.45904398530261,11812900
2023-10-09,39.9383430480957,39.98442859154094,39.588086588929066,39.60652150952748,9131700
2023-10-10,40.445289611816406,40.60198115714701,40.27937884846549,40.325464390262646,14448500
2023-10-11,40.620418548583984,40.731024558847125,40.389987309476474,40.67572331176639,8211200
2023-10-12,40.27015686035156,40.712584360153244,40.10424610841328,40.712584360153244,9695900
2023-10-13,39.91069030761719,40.2609467790568,39.80929999882401,40.15034076769229,10924200
2023-10-16,40.22407913208008,40.26094897658125,39.92912740827451,39.99364787810061,12284000
2023-10-17,40.233299255371094,40.417641449815655,39.855392130996584,39.87382353755946,15063700
2023-10-18,39.55121612548828,39.956773823968085,39.49591136456314,39.91068828124789,10263400
2023-10-19,39.228614807128906,39.65260743669057,39.154875124021686,39.44061112190974,17765500
2023-10-20,38.859920501708984,39.18252280079083,38.841485582318406,39.08113601829464,12890300
2023-10-23,38.878353118896484,39.1364349428795,38.54653162171767,38.69400745200813,14594500
2023-10-24,39.07191467285156,39.12721942801164,38.86913408669909,38.96130867863256,9538600
2023-10-25,38.73088073730469,39.04426734408931,38.6940108974238,38.906007202586714,12721300
2023-10-26,38.44513702392578,38.7032223351088,38.3253153425523,38.62026697010368,16776800
2023-10-27,38.3253173828125,38.73087501326044,38.233142796732785,38.712440096044496,13817400
2023-10-30,38.850704193115234,38.86913559611652,38.59261884178038,38.75852959760232,14858800
2023-10-31,38.933658599853516,38.97974413840975,38.740093712155385,38.86913462655333,13692100
2023-11-01,39.33000183105469,39.34843675194109,38.95209474313768,39.04426934756965,13871800
2023-11-02,40.21485900878906,40.22407471085046,39.92912301946451,40.030513322647465,11560700
2023-11-03,40.731021881103516,40.850847102070325,40.59276525638929,40.601980958263,12317000
2023-11-06,40.60198211669922,40.860067485845256,40.50981103092663,40.860067485845256,10769500
2023-11-07,40.297813415527344,40.389984498314526,40.15955327524514,40.270159277810045,10388600
2023-11-08,40.20563888549805,40.38076886563564,40.076597962934414,40.242508725116636,10982000
2023-11-09,40.18720626831055,40.64806874164485,40.17799056592858,40.537462732553074,12652000
2023-11-10,40.39920425415039,40.41763565807209,39.91068766378994,40.18720443193462,7520400
2023-11-13,40.454498291015625,40.528237957971356,40.141111738655454,40.19641648887226,7893800
2023-11-14,41.551353454589844,41.60665468933434,41.15501153045017,41.15501153045017,13479000
2023-11-15,41.51449203491211,41.7264883486358,41.47762219354235,41.57901249925838,17284700
2023-11-16,41.42231369018555,41.58822444526263,41.30249199070865,41.40387877116573,9361200
2023-11-17,41.938480377197266,41.95691529599851,41.71726486768355,41.77256962408728,6926500
2023-11-20,42.122825622558594,42.18734607965898,41.91082933264286,41.92004503389955,9554400
2023-11-21,41.95691680908203,42.15047818932362,41.901612050683845,42.13204326985756,7205700
2023-11-22,42.03987503051758,42.05830995122984,41.81865949807208,41.99378948678773,8971500
2023-11-24,42.31638717651367,42.325602877810134,42.14126072307116,42.14126072307116,4556000
2023-11-27,42.205787658691406,42.2518732044499,42.09517812954891,42.196568439878654,10489700
2023-11-28,42.279518127441406,42.408559044605184,42.07674105022745,42.141261508809336,8909000
2023-11-29,42.38090515136719,42.537600193038124,42.26107994492482,42.39012436822484,9916700
2023-11-30,42.36248016357422,42.4270006322974,42.17813446032148,42.38091508550968,9636900
2023-12-01,42.79568862915039,42.814123549617086,42.27030570220501,42.3071755431384,14005700
2023-12-04,42.417781829833984,42.556038460094484,42.28874090181688,42.371696286413815,10810000
2023-12-05,42.279518127441406,42.43621318121262,42.205781967391225,42.307172264048845,9365600
2023-12-06,42.36248016357422,42.758822194931966,42.36248016357422,42.68508602329197,9458700
2023-12-07,42.56525802612305,42.694298955194185,42.29795694956047,42.48230264084851,17301000
2023-12-08,42.66664123535156,42.74959660682805,42.43621003859477,42.45464495626744,9501400
2023-12-11,42.78647232055664,42.804907242277004,42.583695213836265,42.65743138461591,13939100
2023-12-12,42.79568862915039,42.804904331332956,42.537606774819764,42.70351754291847,11187100
2023-12-13,43.48698043823242,43.50541535789962,42.61134109259804,42.79568677316866,12136100
2023-12-14,43.864891052246094,44.03080182658084,43.698980277911346,43.745065822759514,16856900
2023-12-15,43.413238525390625,43.74506003012094,43.413238525390625,43.689758790066705,18248300
2023-12-18,43.562660217285156,43.656040697625926,43.45059936619185,43.637363889110375,10386200
2023-12-19,43.98286819458008,44.00154499980618,43.80544388828665,43.88015110919106,9253400
2023-12-20,43.52530288696289,44.13228308186832,43.506626080040725,44.02022580257199,15779900
2023-12-21,44.263023376464844,44.263023376464844,43.945524764280556,44.057582050275926,13337700
2023-12-22,44.3657341003418,44.477794932466814,44.21632321974483,44.3563974787829,12007600
2023-12-26,44.56184387207031,44.62721091716788,44.26302207669952,44.40309278952139,7301600
2023-12-27,44.8139762878418,44.85132634130066,44.608534963752206,44.64588857944792,9921200
2023-12-28,44.7392692565918,44.97272401237911,44.71125582581312,44.879343534958934,11909200
2023-12-29,44.72993087768555,44.89801858023239,44.636546841694674,44.767280929845164,10489500
2024-01-02,44.23500061035156,44.45911871533041,44.18831037746659,44.300367648837806,17117300
2024-01-03,43.880157470703125,44.02956837193638,43.674716145668576,43.79611361611961,12564000
2024-01-04,43.98286819458008,44.19764967356207,43.861474303964954,43.87081092545983,14931900
2024-01-05,44.010887145996094,44.403089386523575,43.88948968773146,43.926843299849274,9963100
2024-01-08,44.46846008300781,44.48713689060241,44.02956757236362,44.0762578102317,8156500
2024-01-09,44.06692123413086,44.17898208887555,43.992217559871506,44.10427485237909,13219400
2024-01-10,44.30971145629883,44.365738315447956,44.1603005615066,44.22566760533841,10542900
2024-01-11,44.263023376464844,44.43111108657634,43.85214072408701,44.375080662460206,12648200
2024-01-12,44.42176818847656,44.70191316747419,44.337724338553606,44.56184245909371,7138500
2024-01-16,43.628028869628906,43.88949707398357,43.534644823618585,43.852143455579444,14475600
2024-01-17,43.15177536010742,43.17045216767324,42.87163037109377,43.030381454284814,10354600
2024-01-18,43.543975830078125,43.5533124515924,43.26383087557718,43.33853453440046,9243700
2024-01-19,43.68405532836914,43.69339551400179,43.291853025487924,43.44126393547654,9932800
2024-01-22,43.79610824584961,43.9361789448221,43.71206440157154,43.79610824584961,11607500
2024-01-23,43.721405029296875,43.749418459210844,43.515963710629705,43.62802455475912,8069900
2024-01-24,43.992210388183594,44.29103216098078,43.9735335821042,44.272355354901386,11566400
2024-01-25,44.10427474975586,44.12295155883651,43.88949678868394,44.09493812633408,13899200
2024-01-26,44.29103469848633,44.38441517199667,44.22566765458174,44.319048128092085,8717100
2024-01-29,44.5525016784668,44.59919191396896,44.20698966106683,44.2630200810114,9572100
2024-01-30,44.49647903442383,44.53382908902051,44.300374327165684,44.468462040680116,8228500
2024-01-31,44.24434280395508,44.80463274849728,44.17897576249971,44.67389866558654,14542800
2024-02-01,44.71125030517578,44.720586926870226,44.30036770589146,44.393751734018096,12761000
2024-02-02,44.39374923706055,44.44043946737952,44.17897132780428,44.40308585822985,11569700
2024-02-05,44.10427474975586,44.19765879515914,43.88016016526216,44.12295155883651,13406300
2024-02-06,44.37507629394531,44.38441291592707,44.07625451921732,44.10426794739915,12103700
2024-02-07,44.4030876159668,44.4777948372235,44.309707151632296,44.3937509944279,8819300
2024-02-08,44.32838821411133,44.347065021219166,44.16030051237749,44.319048029439045,10014100
2024-02-09,44.48713684082031,44.50581364839401,44.23500528193061,44.33772594246754,11254800
2024-02-12,44.59918975830078,44.74860064202802,44.4591190585645,44.47779586430996,8598000
2024-02-13,43.805450439453125,44.09493562039608,43.62802610662564,44.06691862724877,19980800
2024-02-14,44.347068786621094,44.35640540984941,44.085597027147124,44.122950644534406,10455600
2024-02-15,44.84199523925781,44.8513318632128,44.52449659122879,44.533833215183776,9979700
2024-02-16,44.87934875488281,45.08478654154908,44.73927446022361,44.841995134675386,9886800
2024-02-20,45.038089752197266,45.17816402650001,44.93536909267348,45.13147378914469,9318000
2024-02-21,45.06610107421875,45.075441258595,44.86066332701721,44.944707175220394,10143000
2024-02-22,45.542354583740234,45.589044822857616,45.364930250199414,45.439633920339844,17006300
2024-02-23,45.61705780029297,45.67308822401884,45.505000515078095,45.59838455462122,7736300
2024-02-26,45.51433563232422,45.61705272102924,45.42095160317901,45.61705272102924,9505300
2024-02-27,45.598384857177734,45.62639828810811,45.49566419411716,45.55169105597791,8633700
2024-02-28,45.3555908203125,45.43029805393389,45.29022377201226,45.32757738882296,7449500
2024-02-29,45.45830535888672,45.64506985553249,45.26220424041508,45.58903943786781,17630500
2024-03-01,45.94389724731445,45.96257405548811,45.48632435265206,45.654412063978086,11199500
2024-03-04,45.82249069213867,45.90653453114209,45.73844685313525,45.78513708319577,9774600
2024-03-05,45.71044158935547,45.999923204760684,45.57970749694836,45.850512304547294,13584600
2024-03-06,46.261390686035156,46.40146138831103,46.13999322760686,46.22403707386699,13323300
2024-03-07,46.793670654296875,46.849697514458555,46.550875719473645,46.5695525269398,15544900
2024-03-08,46.662933349609375,47.02712216451806,46.58822612489142,46.980431930187606,10492500
2024-03-11,46.429481506347656,46.44815831368994,46.20536338047708,46.36411446176807,7569700
2024-03-12,46.784332275390625,46.784332275390625,46.32676294263572,46.49485065408277,8307400
2024-03-13,46.793670654296875,46.90572793685702,46.7002866169661,46.74698041674988,8727300
2024-03-14,46.485504150390625,46.859033138887504,46.298743218378625,46.840356333239015,12369600
2024-03-15,46.44512176513672,46.55782884131641,46.304235232742094,46.492082748303815,13766700
2024-03-18,46.45451354980469,46.614185195554825,46.41694332928778,46.59540008529637,12116700
2024-03-19,46.52965545654297,46.6517533027289,46.323022820084404,46.4075540274635,10424900
2024-03-20,47.036842346191406,47.08380333151606,46.47329977361501,46.51086999503214,15166000
2024-03-21,47.06501770019531,47.215295001308014,47.04623258969454,47.12136944880415,8951600
2024-03-22,46.90534973144531,47.055627044345144,46.8583887429567,47.0368455152647,9289600
2024-03-25,46.839595794677734,47.00865819126748,46.78324405107659,46.79263481404573,7858000
2024-03-26,46.90534973144531,47.083806503753316,46.89595896690509,47.06502139177912,12502400
2024-03-27,47.21529006958008,47.21529006958008,46.952305715825446,46.99926669572547,7233200
2024-03-28,47.121368408203125,47.18711808495058,47.05562231434906,47.05562231434906,8336000
2024-04-01,46.93352508544922,47.158939243634485,46.82081442346314,47.05562292826063,9987800
2024-04-02,46.642356872558594,46.642356872558594,46.49207958690654,46.61418100115293,15614500
2024-04-03,46.89595413208008,46.96170022576468,46.52025909711661,46.529653443582056,17859100
2024-04-04,46.520259857177734,47.23407971869224,46.47329887276339,47.20590026172888,17525700
2024-04-05,46.68931579589844,46.79263209702567,46.36997613009289,46.48268677653693,13240900
2024-04-08,46.91474151611328,47.00866348795993,46.811425197345834,46.942917391088564,14126200
2024-04-09,46.92413330078125,47.16833616552386,46.68932478316378,47.111980831453955,9098900
2024-04-10,46.21970748901367,46.42634012988549,46.04125430646577,46.22910183608619,14335600
2024-04-11,46.38876724243164,46.473298446759976,45.90036512663383,46.43572822641551,12987500
2024-04-12,45.581024169921875,46.106996491645006,45.51527807756815,45.966109960662266,14173500
2024-04-15,45.42136001586914,46.144570676809074,45.33682880659321,46.09760969007658,20120000
2024-04-16,44.94234848022461,45.158375467655375,44.79207117346426,45.036274036258334,16484100
2024-04-17,44.970523834228516,45.21472309184204,44.75450044940683,45.15837134625838,12166200
2024-04-18,44.92356872558594,45.23351411550048,44.82964316584384,45.036275814382705,13900800
2024-04-19,44.951744079589844,45.13019726668505,44.820251880372986,44.970529191319926,13900300
2024-04-22,45.440147399902344,45.59981547935759,45.12080765809806,45.21472963626069,9371200
2024-04-23,45.90036392211914,45.94732490487067,45.51527813092731,45.57163345996513,7996300
2024-04-24,45.76887130737305,45.93793371000528,45.59041814143604,45.919148600502446,7247700
2024-04-25,45.57164001464844,45.656171228916854,45.026882504275584,45.13959317856269,8433500
2024-04-26,45.909759521484375,45.984896379358965,45.750087876299055,45.768872986491054,9166200
2024-04-29,46.16335678100586,46.257278756491,46.013079470493416,46.20092342146369,8218500
2024-04-30,45.515281677246094,46.078824262852756,45.49649656610318,45.95672283187061,10083400
2024-05-01,45.45893096923828,46.01307922053518,45.32743518822223,45.4683217335783,12336400
2024-05-02,46.12577819824219,46.21030939401663,45.70312221936993,45.97550091496461,18096900
2024-05-03,46.548439025878906,46.71750143503836,46.27606030191163,46.642360994125966,11883000
2024-05-06,46.91474151611328,46.933526627061326,46.755069864501706,46.811425197345834,8654000
2024-05-07,46.98048782348633,47.09319490678602,46.89595661528817,46.99927293451854,7874700
2024-05-08,46.93352508544922,46.942915849168,46.69871658065172,46.736283218420304,6547600
2024-05-09,47.28104019165039,47.28104019165039,46.91473950113005,46.91473950113005,7109200
2024-05-10,47.299827575683594,47.450104881144405,47.243472242550695,47.4313197701001,8819900
2024-05-13,47.29043197631836,47.42192775014604,47.22468588085126,47.337396544132126,6602000
2024-05-14,47.61916732788086,47.61916732788086,47.41253468915597,47.45010491126842,9694300
2024-05-15,48.09817123413086,48.09817123413086,47.722479792036914,47.86336273923716,8035100
2024-05-16,47.82579803466797,48.041825027825055,47.816407270262474,48.02303991612036,7410800
2024-05-17,47.99485778808594,48.01364289874598,47.750658515292486,47.835189721815894,7276900
2024-05-20,48.01364517211914,48.16392248162133,47.99486006056966,48.032430283668624,5731000
2024-05-21,47.93851089477539,47.98547188473549,47.83519456712685,47.863370444524136,6900100
2024-05-22,47.487674713134766,47.675518656247505,47.36557328379664,47.647342781359306,7250000
2024-05-23,47.22468185424805,47.900931444699026,47.11197478347061,47.86336122680882,12745600
2024-05-24,47.60976791381836,47.69429911312796,47.40313887997849,47.40313887997849,7106300
2024-05-28,47.61916732788086,47.89154606385574,47.47828078640596,47.87276095279952,7894200
2024-05-29,46.802032470703125,47.05562250063364,46.78324736054282,46.96170053272555,7938700
2024-05-30,47.22468185424805,47.327998161999524,47.065013802554446,47.11197478347061,9017300
2024-05-31,47.637943267822266,47.65672837526204,47.243463177372846,47.487665991196984,10547800
2024-06-03,47.76005172729492,47.91972338464304,47.553422665229995,47.83519217378667,9064800
2024-06-04,47.61916732788086,47.694304189212176,47.403143925074644,47.60977298090595,8275300
2024-06-05,47.94789505004883,47.957289396482174,47.5722035992628,47.844578736642326,7634500
2024-06-06,48.06999969482422,48.09817557022569,47.90093727662816,47.94789826326182,5781400
2024-06-07,47.478275299072266,47.788224221337046,47.46888453607629,47.675513568026304,6722400
2024-06-10,47.54402160644531,47.60037693335875,47.15893582976976,47.262252137664476,6424900
2024-06-11,47.00865936279297,47.11197567249407,46.77385087088802,47.036838818188976,13418500
2024-06-12,47.58158874511719,47.93849862668498,47.497057551664106,47.825787980152235,8405000
2024-06-13,46.91474151611328,47.234081236442876,46.726893989526424,47.22468688952207,5741300
2024-06-14,46.4920768737793,46.5108619812512,46.19152232001458,46.38876057413026,8666400
2024-06-17,46.66114044189453,46.679925549843006,46.219699362337906,46.379370988453424,8490400
2024-06-18,46.84899139404297,46.87716726659742,46.661143883595706,46.661143883595706,11838700
2024-06-20,46.84899139404297,46.93352259459958,46.689319756150155,46.77385095670676,8700500
2024-06-21,46.537105560302734,46.603464965010374,46.40438675088746,46.52762719519436,7126500
2024-06-24,46.94473648071289,47.16277500658444,46.89733743010008,46.89733743010008,7928200
2024-06-25,47.0110969543457,47.067977986176686,46.84045747516859,46.94473755870081,9191200
2024-06-26,46.69826126098633,46.77410264416226,46.54658211095066,46.62242349412659,8628400
2024-06-27,46.81201934814453,46.944738141080784,46.70773926331866,46.80253736789715,8564500
2024-06-28,46.84993362426758,47.01109473201229,46.650855446743826,46.840455260901734,9419000
2024-07-01,46.88786315917969,47.21966380065335,46.77410469574237,47.04902429733921,10764400
2024-07-02,46.99213790893555,47.020576617478966,46.69825799416178,46.76462100795632,10081100
2024-07-03,47.551456451416016,47.6083374860602,47.219659456781656,47.219659456781656,7160900
2024-07-05,47.85481262207031,47.98753141405891,47.57041469404964,47.98753141405891,7272900
2024-07-08,47.64625549316406,47.93065705564198,47.617816783442706,47.892736365136116,8229600
2024-07-09,47.48509979248047,47.62730057913821,47.36185935179818,47.62730057913821,17483700
2024-07-10,48.1486930847168,48.17713179295159,47.835852828870514,47.89273386165599,8188600
2024-07-11,48.338294982910156,48.584772236246685,48.300374292761134,48.46153180142039,7567600
2024-07-12,48.82176971435547,48.99240919877888,48.65113022993206,48.679568938563975,6815000
2024-07-15,48.45205307006836,48.72697264709246,48.39517203527564,48.72697264709246,6455700
2024-07-16,48.736454010009766,48.745932374900384,48.30037689871647,48.35725432069266,6099100
2024-07-17,48.46153259277344,48.66061441114868,48.38569482755306,48.48049293815756,7751700
2024-07-18,47.98753356933594,48.58477177642437,47.8832534805711,48.556333067239784,6991400
2024-07-19,47.7031364440918,47.873775934748664,47.627298679531016,47.81689489909101,10485600
2024-07-22,48.16765594482422,48.18661629007636,47.93065705364654,48.06337585409547,7532100
2024-07-23,47.92117691040039,48.02545700512776,47.873777853610555,47.95909760235875,5498100
2024-07-24,47.32393264770508,47.84533305499938,47.29549394051294,47.78845202429934,6900700
2024-07-25,47.030059814453125,47.45665853521944,46.78357894631435,46.9257797253418,8841400
2024-07-26,47.64625549316406,47.7220968741758,47.342897201749295,47.41873858276104,5992700
2024-07-29,47.45665740966797,47.57041586040224,47.238618872295625,47.57041586040224,9552900
2024-07-30,47.560935974121094,47.69365839152352,47.390300098664476,47.58937830029395,8415500
2024-07-31,48.262454986572266,48.49945388232568,48.129736183560944,48.30037567780869,7592900
2024-08-01,47.030059814453125,47.854814930390646,46.7930609269514,47.72209613200024,8740300
2024-08-02,46.20530319213867,46.46125879993781,45.85454224632402,46.375939058566125,13257200
2024-08-05,45.12459182739258,45.40899341755026,44.36619602504378,44.43255543172952,22549300
2024-08-06,45.20042419433594,45.46586176810083,44.669545430490444,44.745386803746534,13854100
2024-08-07,45.41847229003906,46.20531042997855,45.39003357723235,46.05363126781529,8239300
2024-08-08,46.19581604003906,46.23373672447356,45.62702023878365,45.85453711275961,8135100
2024-08-09,46.35697937011719,46.385418076652975,45.96830137676016,46.08205981921898,6351100
2024-08-12,46.375938415527344,46.50866082406649,46.21478091534647,46.375938415527344,5173900
2024-08-13,47.13433837890625,47.17225545127983,46.66034061923524,46.669818983249655,5785200
2024-08-14,47.31446075439453,47.35238144671359,47.14382125527499,47.219662639913125,5432900
2024-08-15,47.892730712890625,48.0064891546665,47.69365253570393,47.712612878719185,5473500
2024-08-16,48.17713165283203,48.224530705190794,47.94013277472234,47.959093118929026,5669100
2024-08-19,48.736454010009766,48.79333504830221,48.42361734019197,48.471016397277545,5242900
2024-08-20,48.60373306274414,48.77437255378888,48.508931336432575,48.679570827477306,4840200
2024-08-21,49.030330657958984,49.11565040151082,48.77437142730348,48.88812987993392,5308700
2024-08-22,48.68905258178711,49.17252872662088,48.651131891438865,49.16305036219186,5982500
2024-08-23,49.6275634765625,49.674966145090934,49.0587676173801,49.13460899397288,5857000
2024-08-26,49.42848587036133,49.59912535339148,49.3716084535619,49.53276595624819,5216400
2024-08-27,49.61808776855469,49.703407513630545,49.43796991397946,49.49484733315265,5473200
2024-08-28,49.371604919433594,49.62756050934103,49.20096544861819,49.54224077393333,5682900
2024-08-29,49.50432586669922,49.81716249931587,49.46640517901362,49.5801636257546,6437400
2024-08-30,49.66548538208008,49.78872581390585,49.37160908137028,49.722366415918735,5128900
2024-09-03,48.80281066894531,49.4095272446832,48.689052215073474,49.381088535294246,9777700
2024-09-04,48.65113067626953,48.8976115410606,48.48997317078889,48.48997317078889,9505500
2024-09-05,48.660614013671875,48.8502102333322,48.48997452292472,48.74593014272937,9941700
2024-09-06,47.75053405761719,48.67956924741909,47.66521431486416,48.651130538606736,8885200
2024-09-09,48.262454986572266,48.44257284547104,48.129736183560944,48.167656874797366,6081100
2024-09-10,48.07285690307617,48.19609734593913,47.6652184981817,48.129737942008994,6381000
2024-09-11,48.347774505615234,48.366734851144,47.52301936485267,48.072854919922335,8049200
2024-09-12,48.78385543823242,48.793337419900155,48.19609914590767,48.338299940392304,6521300
2024-09-13,48.91657257080078,49.096694053136474,48.83125282030395,48.87865549438154,4772200
2024-09-16,49.30524444580078,49.31472642595342,48.982925830612224,49.11564823853821,7249300
2024-09-17,49.0682487487793,49.32420798474242,48.897612874453294,49.28629091062336,8026200
2024-09-18,48.897613525390625,49.5232904606354,48.802811798040736,49.09669172835121,8496600
2024-09-19,49.83612060546875,49.930918704110404,49.43796425159501,49.76028284981856,5994800
2024-09-20,49.383644104003906,49.57376472676581,49.184019081916084,49.57376472676581,5783800
2024-09-23,49.58326721191406,49.63079645920734,49.44067584378511,49.48820871732751,8026800
2024-09-24,49.887454986572266,49.91597180754938,49.611780296297326,49.763876051923354,6856300
2024-09-25,49.573760986328125,49.94449417830418,49.55474856286153,49.94449417830418,7740300
2024-09-26,50.676456451416016,50.762010544377006,50.372264926721165,50.543369486394134,7675600
2024-09-27,50.362754821777344,50.74299602506608,50.28670875686892,50.581392244481265,7370200
2024-09-30,50.2011604309082,50.37226862940774,49.89696888385331,50.37226862940774,8297500
2024-10-01,49.849430084228516,50.22967128598418,49.59276781698077,50.19164644055885,9508300
2024-10-02,49.76388168334961,49.89696865755064,49.56425666142196,49.75437728403131,18025500
2024-10-03,49.29808807373047,49.43117141657523,49.12697988257316,49.32660489684031,10946000
2024-10-04,49.5927734375,49.62129388792575,49.32660674185476,49.37413599089866,7660500
2024-10-07,49.317100524902344,49.50722114032006,49.12697990948462,49.47870069094547,9049400
2024-10-08,49.24104690551758,49.26956735262013,49.07944675234809,49.23154250731596,7346600
2024-10-09,49.26006317138672,49.3075924186007,48.96537603666145,48.984388460796865,7445600
2024-10-10,49.17450714111328,49.20302396306984,48.87982001798258,49.06994062560726,9757000
2024-10-11,49.42166519165039,49.47869883576287,49.145990490943454,49.16500291439728,6439400
2024-10-14,49.52622985839844,49.56425470667051,49.23154634991268,49.26957119818476,5569400
2024-10-15,48.822784423828125,49.39314259767005,48.7657471559444,49.34561335422469,9881600
2024-10-16,49.012908935546875,49.05093015758831,48.90834241587241,48.96537606205912,7796500
2024-10-17,48.993892669677734,49.15549282286747,48.936855401714325,49.14598842466465,7427300
2024-10-18,49.269569396972656,49.28857819416464,49.0889531874079,49.20302410180476,6601800
2024-10-21,48.708717346191406,49.050930101668904,48.61365522557339,49.01290887967082,5380900
2024-10-22,48.4615592956543,48.509088542678704,48.33798035239155,48.3950176245703,7385200
2024-10-23,47.995765686035156,48.15736584473022,47.76762023265799,48.043294931166116,5952300
2024-10-24,48.166873931884766,48.29996090519183,47.93873208728542,48.29045287968813,10057900
2024-10-25,48.014774322509766,48.34748628981171,47.91021143407093,48.24291977512393,6463300
2024-10-28,48.36649703979492,48.442543103869504,48.16686841582039,48.185880838401246,6096600
2024-10-29,48.204898834228516,48.36650263172529,48.13835716062668,48.24292368378649,10640200
2024-10-30,47.96724319458008,48.2048930363601,47.86267668399706,47.90070152898157,6885100
2024-10-31,47.625030517578125,47.77712628300505,47.244792917135335,47.748609460190345,11686300
2024-11-01,47.72959518432617,48.005269881669165,47.672561540909655,47.90070336707362,8733500
2024-11-04,47.796138763427734,48.1478631677204,47.7581175417129,48.00527180098023,11765000
2024-11-05,48.29995346069336,48.31896588252112,47.900699854807826,47.900699854807826,9292200
2024-11-06,47.682064056396484,47.70107647886749,47.235281193949824,47.61552239087236,9072500
2024-11-07,48.404518127441406,48.461555395029286,48.13835146452894,48.19538873211682,12732500
2024-11-08,47.76762390136719,47.91021527396052,47.52997403121113,47.89120284919812,9223900
2024-11-11,47.74861145019531,47.91021524746165,47.69157417593968,47.862682372457336,7435600
2024-11-12,46.9691162109375,47.358861819904035,46.72196196247657,47.33984939675336,20244700
2024-11-13,46.70295333862305,46.82652865978193,46.42727861988543,46.82652865978193,11300900
2024-11-14,46.74097442626953,47.06417839268894,46.69344517778857,46.997636719565755,11520100
2024-11-15,46.607887268066406,46.73146620500902,46.49381635579188,46.73146620500902,10970600
2024-11-18,46.92158508300781,47.00713917062771,46.58887313059762,46.62689797537286,12142200
2024-11-19,46.86455535888672,46.9501094602769,46.49382212827904,46.56036380422148,10521400
2024-11-20,46.731468200683594,46.731468200683594,46.42727667079502,46.66492653016104,9005500
2024-11-21,46.84553909301758,46.89307196586486,46.56035998717922,46.73146817593205,12278500
2024-11-22,47.05467224121094,47.10220148792194,46.75998510960419,46.82652678024941,8174700
2024-11-25,47.28281784057617,47.444418005116425,47.13072207490631,47.38738073314682,9054400
2024-11-26,46.99763488769531,47.14973065265553,46.85504714781022,47.12121382992832,8338900
2024-11-27,47.244789123535156,47.33034321135867,47.09269337032101,47.18775185623655,8229600
2024-11-29,47.815147399902344,47.834159822378304,47.3588601392257,47.387376959815235,5491000
2024-12-02,47.86267852783203,47.96724504244331,47.52997018702245,47.83416170611948,9293000
2024-12-03,48.06230926513672,48.18588458214004,47.85317622674786,48.03378881592517,10515400
2024-12-04,48.071815490722656,48.19539443867096,48.01477821638131,48.11934473954916,8881800
2024-12-05,48.29045486450195,48.38551699219992,48.20490076269848,48.28095046485685,9564000
2024-12-06,48.223907470703125,48.442544899112214,48.13835337904314,48.433040500593975,6815900
2024-12-09,48.109840393066406,48.518598460671434,48.109840393066406,48.4425487614662,8655500
2024-12-10,47.75811767578125,48.07181360674152,47.74860965063903,48.01477633463551,8813900
2024-12-11,48.10032272338867,48.14785558898619,47.929214560733456,48.05279348403967,10432000
2024-12-12,47.634544372558594,48.0242900458057,47.615531946272206,47.85318183547775,10216500
2024-12-13,47.510955810546875,47.720088831171644,47.396884902137366,47.69156838438267,10514700
2024-12-16,47.311336517333984,47.510961537676295,47.25429924312937,47.34936136680373,27011200
2024-12-17,47.197261810302734,47.349357569735524,47.14022454067208,47.23528303047422,11807500
2024-12-18,46.02802658081055,47.292325671007006,45.98049733051167,47.22578399533871,12065600
2024-12-19,45.9139518737793,46.3036974961331,45.88543505119823,46.237155825944576,21518700
2024-12-20,45.897552490234375,46.25454314624565,45.434428581753934,45.48266996544492,21038900
2024-12-23,46.167701721191406,46.21594677975609,45.78176701674244,45.94578843800248,23194300
2024-12-24,46.35103225708008,46.40892044860229,46.071227062783215,46.40892044860229,12487500
2024-12-26,46.53434753417969,46.59223940197469,46.33173151776956,46.46680886204298,15281600
2024-12-27,46.41857147216797,46.53435153713597,46.254546339596565,46.40892098641453,22394000
2024-12-30,46.129112243652344,46.31243095785123,45.9168457573095,46.196650911019375,17423400
2024-12-31,46.138763427734375,46.37032722396412,46.03263017448665,46.29313806502698,14787400
2025-01-02,46.04227828979492,46.34137706382718,45.88790366044816,46.254541104783286,13721300
2025-01-03,46.31243133544922,46.34137542724784,46.061573951838,46.25453947127062,13622400
2025-01-06,46.76591491699219,47.065013722120305,46.69837623966765,46.77556172207489,11852500
2025-01-07,46.61153030395508,47.14219280398915,46.53434115747248,47.074654141107416,11744600
2025-01-08,46.553646087646484,46.630835246802626,46.24489681218532,46.389624645312225,10278100
2025-01-10,45.858951568603516,46.30278180668969,45.752818330812936,46.30278180668969,14645500
2025-01-13,45.73352813720703,45.743174941098246,45.38618430782053,45.47302026516715,13679300
2025-01-14,45.907203674316406,45.9843891532809,45.67563987625951,45.86860909454331,16618600
2025-01-15,46.47645568847656,46.6018862284679,46.30278744617218,46.56329164991955,9213400
2025-01-16,46.63083267211914,46.785207301326054,46.44751026953615,46.56329032129597,20460100
2025-01-17,46.86239242553711,47.09395620790825,46.79485375579999,46.86239242553711,8939500
2025-01-21,47.769344329833984,47.78864161898884,47.40270687763639,47.47989235367425,17207900
2025-01-22,47.66321563720703,47.89477575016217,47.66321563720703,47.89477575016217,7315700
2025-01-23,47.99126434326172,48.02020843852971,47.68251137788204,47.74040324899981,9509900
2025-01-24,48.26141357421875,48.406137714728025,48.17457761768063,48.20352170966621,8032400
2025-01-27,48.174583435058594,48.19388072557304,47.981614210495955,48.0009115010104,17764500
2025-01-28,48.12633514404297,48.16492603895313,47.86582728034756,48.11668465987945,8915200
2025-01-29,48.12633514404297,48.271059281264,47.96231003849491,48.1456324317887,9510800
2025-01-30,48.64734649658203,48.86926346220019,48.41578640810057,48.57016102728196,12208500
2025-01-31,48.184226989746094,48.7824319135964,48.135985607005026,48.5701654128378,14215900
2025-02-03,47.586029052734375,47.86583424488753,47.16149970230264,47.28692657002771,14542000
2025-02-04,48.16493225097656,48.24212141191488,47.856182968386854,47.86583345379503,8354100
2025-02-05,48.628055572509766,48.69559424209141,48.37719450213669,48.44473317171834,11821800
2025-02-06,48.83066940307617,48.956099932667655,48.72453616115886,48.77277754005365,9964500
2025-02-07,48.444732666015625,48.93680431706695,48.33859942047195,48.84031787539933,13414400
2025-02-10,48.75348663330078,48.792081213700435,48.62805976787454,48.66665066769243,7178100
2025-02-11,48.946449279785156,49.01398794612126,48.64734684273862,48.66664413034626,7684800
2025-02-12,49.042938232421875,49.1683650874307,48.51227199745585,48.5798106672549,10303500
2025-02-13,49.67974090576172,49.689387711103926,49.226263762456675,49.24556105372306,10109000
2025-02-14,49.69902801513672,49.97883318102397,49.68938121105644,49.92094499537936,8277000
2025-02-18,50.03672409057617,50.075318667322335,49.89199626806878,49.998129513830015,10253100
2025-02-19,49.602542877197266,49.689378832088245,49.42887096741531,49.59289607357885,7659600
2025-02-20,49.79551696777344,49.8437583517684,49.56395317178328,49.72797829406416,6989700
2025-02-21,49.43852233886719,49.853401152368285,49.33238909425334,49.853401152368285,8430500
2025-02-24,49.39027786254883,49.69902711567057,49.293795101166324,49.61219115819374,12448900
2025-02-25,49.747276306152344,49.930595040227814,49.51571250679967,49.920948235521415,10265100
2025-02-26,49.824459075927734,50.21039749366632,49.71832582702055,49.89199774694476,13514600
2025-02-27,49.23590850830078,49.68938563263724,49.21661121784159,49.65079105171886,12252100
2025-02-28,49.27449417114258,49.2937914581092,48.811370325687136,49.09117546583141,13025300
2025-03-03,49.64113998413086,50.25863850347357,49.3709816214823,50.15250525535251,13698800
2025-03-04,49.506065368652344,50.02707747266862,48.801730851213605,49.24555747635335,14522700
2025-03-05,50.67352294921875,50.77965620139876,50.152507173379604,50.152507173379604,18658400
2025-03-06,50.20074462890625,50.77000174376257,50.15250324912141,50.38406702490252,21122800
2025-03-07,50.73141098022461,50.77965236013491,50.16215386388778,50.27793391178878,12723900
2025-03-10,49.56394958496094,50.0849653277979,49.22625624085258,49.959534794022765,14215500
2025-03-11,49.42887496948242,49.68938285524769,49.05258702801535,49.65078827648655,16648900
2025-03-12,49.79551696777344,49.930594315192,49.45781991864536,49.80516377233976,12650500
2025-03-13,49.41922378540039,49.670081163952815,49.293793255833535,49.54465063438596,13255900
2025-03-14,50.364768981933594,50.38406626967454,49.84375325467183,49.84375325467183,14118700
2025-03-17,50.96297073364258,51.03050940117953,50.49020006088392,50.51914415251938,15984600
2025-03-18,50.89543151855469,50.97262066952725,50.6252768513133,50.88578471497377,11004100
2025-03-19,51.12699890136719,51.28137353363262,50.750707284674995,50.798952347730456,13407700
2025-03-20,50.73141098022461,50.77965236013491,50.39371395968978,50.43230853585056,8143200
2025-03-21,50.45225143432617,50.52979749685721,50.248698566581865,50.41347840306065,8198000
2025-03-24,50.52009963989258,50.59764569820195,50.335933297807166,50.432862173094314,10202000
2025-03-25,50.79151153564453,50.898131828634405,50.66550102880208,50.849667386802665,10177500
2025-03-26,50.180850982666016,50.60734326244636,50.08391839798865,50.51041437536902,15041900
2025-03-27,50.23900604248047,50.365012844896945,50.04514458805552,50.122686951265685,11063900
2025-03-28,49.667118072509766,50.045145884753495,49.60895852539543,50.03545077810121,11998600
2025-03-31,49.26969909667969,49.4150924043501,48.81412526459362,49.01767811389187,18049300
2025-04-01,49.444175720214844,49.58957274134602,49.075843009188944,49.376324763046924,13168500
2025-04-02,49.57987976074219,49.61864909389519,48.97890887687399,49.046759831891414,11739200
2025-04-03,48.542724609375,49.211542742213226,48.44579203371749,49.08553224265831,17045400
2025-04-04,45.470027923583984,46.87551876550545,45.382790458979215,46.73012175863101,36603400
2025-04-07,44.48134231567383,46.09038616921026,43.76405971098883,44.083927981294345,51925000
2025-04-08,44.24871063232422,46.06130732134769,43.754363727754324,46.06130732134769,36120600
2025-04-09,47.55403137207031,47.71881119336932,44.06453652922683,44.31655751163635,33572600
2025-04-10,46.613807678222656,46.88521148788929,45.59603969437317,46.77858750620609,27617300
2025-04-11,47.89329147338867,47.98052894665021,46.83675038504329,46.94337437431849,17136400
2025-04-14,48.44579315185547,48.65904112562411,48.028992310907554,48.24224028467619,9952700
2025-04-15,48.77535629272461,49.01768218992519,48.668732306340395,48.668732306340395,8984100
2025-04-16,48.66872787475586,49.13399311130377,48.465175027066046,48.83351139259958,9296800
2025-04-17,49.19215393066406,49.463557734635884,49.007987591911686,49.01767900022517,9870700
2025-04-21,48.95952224731445,49.56049312978107,48.62995888188428,49.41509611359727,13408400
2025-04-22,49.91913604736328,50.132384025360665,49.57018615522205,49.647732219075586,15400300
2025-04-23,50.06453323364258,50.675191849306785,49.92882762145068,50.3747100948815,10911000
2025-04-24,50.70426940917969,50.71396081761689,50.180844611181456,50.306855106462415,8252300
2025-04-25,50.82059097290039,50.84966889934439,50.48133617238704,50.62672950220704,7631800
2025-04-28,51.169532775878906,51.20830580339631,50.84966084525944,50.88843387277685,18104800
2025-04-29,51.324623107910156,51.40216546824566,51.13076166067206,51.18892120412335,11431000
2025-04-30,51.2470817565918,51.373092263509506,50.68488757532798,50.97567792409202,10984700
2025-05-01,51.03383255004883,51.45063336552505,50.965981598468936,51.421551745133996,9317900
2025-05-02,51.9643669128418,52.109760235191885,51.81896989289189,51.89651595622513,9884400
2025-05-05,52.06129455566406,52.20669157215439,52.06129455566406,52.13884061715216,8481300
2025-05-06,52.05160140991211,52.19699472395121,51.993441865736706,52.04190630374974,17269100
2025-05-07,51.867431640625,52.08067960611936,51.71234321961082,51.964364214758625,10961000
2025-05-08,51.692962646484375,52.090376973685785,51.692962646484375,52.090376973685785,12892300
2025-05-09,52.0322151184082,52.13883910105406,51.867431591337436,52.13883910105406,11729400
2025-05-12,52.28423309326172,52.28423309326172,51.87712736981058,52.11945326165521,12161700
2025-05-13,52.37147521972656,52.49748573002004,52.158230930306836,52.20669537346586,9975800
2025-05-14,52.158226013183594,52.56533173446028,52.10975787699382,52.5459452195043,11755400
2025-05-15,52.71072769165039,52.720419100134364,52.39085574768552,52.497479729007146,9895900
2025-05-16,52.82704544067383,52.85612336502393,52.545946513290346,52.69134353024035,10793700
2025-05-19,53.253536224365234,53.253536224365234,52.749497929745736,52.768884444646446,9975100
2025-05-20,53.505558013916016,53.52494452910421,53.30200515083952,53.340774483616215,14531300
2025-05-21,53.21476745605469,53.74788367987461,53.185685834595645,53.56371363516614,16508100
2025-05-22,53.15660858154297,53.31169700674952,52.92397409493327,52.9724422321101,12009200
2025-05-23,53.34077453613281,53.437707112169214,52.77858038552046,52.77858038552046,12360500
2025-05-27,54.08713912963867,54.18407170638696,53.9902102504901,54.15499008456261,12582300
2025-05-28,53.592796325683594,53.74788475202669,53.50555885476562,53.67033869005527,12534800
2025-05-29,53.80603790283203,53.91266188389627,53.5734071237824,53.854506037933646,11628800
2025-05-30,53.87389373779297,53.95143609998242,53.486170834046774,53.825425601624964,14170800
2025-06-02,54.4942512512207,54.50394266057486,53.873897519757485,54.00959943631508,11474800
2025-06-03,54.09682846069336,54.16467940837348,53.83511607781318,54.038668920853546,16827000
2025-06-04,54.3779296875,54.53301811333302,54.23253636818139,54.29069221686894,12306100
2025-06-05,54.3779296875,54.63964209939318,54.281000807954264,54.610564175049404,14319000
2025-06-06,54.55240249633789,54.620253448887595,54.40700918270263,54.50393805845947,9887400
2025-06-09,54.5717887878418,54.76565023616229,54.465164806385545,54.49424642707335,11053500
2025-06-10,54.69779968261719,54.79472855868422,54.55240267091703,54.76565063538403,10078900
2025-06-11,54.688106536865234,54.940127539833135,54.63964209709441,54.83350355377746,16068500
2025-06-12,55.114601135253906,55.15337416516367,54.9110482746271,54.988590636846986,9588500
2025-06-13,54.44578170776367,54.746267156393095,54.31007979470516,54.45547681446774,12588200
2025-06-16,54.717185974121094,55.16306471836976,54.67841294481262,54.920738831591194,13452500
2025-06-17,54.028987884521484,54.52333112645735,53.970828333517254,54.48455809245453,12149200
2025-06-18,54.17437744140625,54.465167780968535,54.05806204510129,54.26161491303491,18749600
2025-06-20,53.73569869995117,54.26328645439617,53.73569869995117,54.24374575308254,14499600
2025-06-23,54.14604187011719,54.14604187011719,53.37420467213644,53.38397315922151,25964800
2025-06-24,54.8592643737793,54.91788275025715,54.53684839512048,54.61501119976783,22023200
2025-06-25,54.585697174072266,54.64431927636521,54.42937529496532,54.575928687193894,12783800
2025-06-26,55.18167495727539,55.230524845199405,54.908112603294846,55.00581237914289,15078700
2025-06-27,55.52363586425781,55.738576132929,55.27938267898906,55.49432294766024,11093400
2025-06-30,55.699493408203125,55.72880632410571,55.386849636632334,55.465012443028904,15742500
2025-07-01,55.66041564941406,55.7288062414057,55.504093763860645,55.56271214156334,14596800
2025-07-02,55.836280822753906,55.846049310487565,55.367311417364256,55.4650149297404,10927900
2025-07-03,55.904666900634766,55.9925981911642,55.78742269525711,55.816735610105326,7279700
2025-07-07,55.21098709106445,55.601793669327805,55.0742059067746,55.50409388826584,15994700
2025-07-08,55.61156463623047,55.67018674368612,55.308693065229335,55.41616506539409,14520300
2025-07-09,55.99259948730469,56.0121401886533,55.6994926940832,55.846046090693946,9479400
2025-07-10,56.03167724609375,56.07075864884893,55.7678870950155,55.8948960634583,8208900
2025-07-11,55.56270980834961,55.660413312097525,55.47477851848028,55.63110039746936,9424800
2025-07-14,55.631103515625,55.660416431896174,55.3673096312312,55.40639103492091,10144900
2025-07-15,55.0742073059082,55.68972637785724,55.04489811624658,55.660417188195616,9655900
2025-07-16,55.3380012512207,55.347773465789935,54.888576283240205,55.07420736296923,15045300
2025-07-17,55.46501541137695,55.48455611402186,55.123058705602915,55.21099000400105,12344500
2025-07-18,55.3380012512207,55.7385763273786,55.27938287183672,55.7385763273786,7999000
2025-07-21,55.699493408203125,55.94374658768079,55.54317152241773,55.64087503041344,9228500
2025-07-22,55.96329116821289,56.00237257411999,55.56271607518513,55.69949726885198,12246600
2025-07-23,57.155242919921875,57.174783621152514,56.57880527814492,56.62765516771768,12462600
2025-07-24,56.754669189453125,56.99892237003659,56.735128487765515,56.8816818869187,9123800
2025-07-25,56.686275482177734,56.686275482177734,56.305241137726355,56.39317242698495,7312300
2025-07-28,55.846046447753906,56.21731232173589,55.74834666739389,56.14892173008233,11187700
2025-07-29,55.82650375366211,55.914435043650684,55.71903176289746,55.904666556766436,11933800
2025-07-30,55.406394958496094,55.816742272280905,55.210991653217995,55.67018886157032,13314900
2025-07-31,54.92765808105469,55.26961105327082,54.81041386743098,55.26961105327082,19166500
2025-08-01,54.73225021362305,54.82018150299207,54.40006575678534,54.761559401076866,14943600
2025-08-04,55.494319915771484,55.50409212977272,55.289148145837004,55.3282295478267,12578700
2025-08-05,55.59202575683594,55.6897255389081,55.38685025127194,55.59202575683594,8942400
2025-08-06,56.02191162109375,56.08053372822156,55.719036324778585,55.87535821677818,8019200
2025-08-07,56.422481536865234,56.60811260193047,56.15868766945197,56.588571901343464,10237700
2025-08-08,56.686275482177734,56.793747472050185,56.52995360427441,56.59834419291914,7640800
2025-08-11,56.46156692504883,56.588575897321725,56.393176331668705,56.48110762701569,10040100
2025-08-12,57.096622467041016,57.10639468144271,56.5885754013785,56.66673820856094,8588100
2025-08-13,57.360416412353516,57.4092663033911,57.22363522664518,57.292025819499344,8893500
2025-08-14,57.26271057128906,57.28225127103804,57.03799811468687,57.05753881443586,9971200
2025-08-15,57.51673889160156,57.59490169967205,57.438579810538904,57.565588783141706,8013600
2025-08-18,57.4581184387207,57.467886925873024,57.29202434106967,57.438577737408366,12094000
2025-08-19,57.38972854614258,57.66329091382957,57.34087492876328,57.58512810762887,13533800
2025-08-20,57.536277770996094,57.58512766098878,57.36041518541627,57.49719636819887,10937400
2025-08-21,57.26271057128906,57.37018255640476,57.13569788642439,57.26271057128906,9940100
2025-08-22,58.19087600708008,58.29834427016789,57.47765720472879,57.49719417837562,8334100
2025-08-25,57.46788787841797,58.0345570448454,57.46788787841797,57.95639423830048,11252100
2025-08-26,57.487430572509766,57.50697127482326,57.30179949104342,57.34087716866252,10959900
2025-08-27,57.419036865234375,57.43857756648856,57.03800250829684,57.07708018379754,8263400
2025-08-28,57.65351867675781,57.712140781385166,57.50696900570104,57.633981702223096,9558600
2025-08-29,57.360416412353516,57.448347707024276,57.233407441057366,57.32133500872034,13976400
2025-09-02,56.85236358642578,56.920754172351295,56.48110147054655,56.56903275630898,13307700
2025-09-03,56.9793815612793,57.02823145190264,56.76443757012727,56.84260037673083,14512900
2025-09-04,57.33110427856445,57.350644979377414,57.028229006474895,57.10639180972675,8704900
2025-09-05,57.604671478271484,57.97593737091182,57.438581097910856,57.82938396599887,12146000
2025-09-08,58.16156768798828,58.19088060478969,57.8684646090292,58.01501801201267,8503300
2025-09-09,58.00524139404297,58.11271338447125,57.87823242990734,57.98570069332805,11960500
2025-09-10,58.04432678222656,58.27881147990354,57.975936188530746,58.1811079696182,10548400
2025-09-11,58.689151763916016,58.70869246488161,58.220186121764606,58.220186121764606,11815900
2025-09-12,58.44490051269531,58.55237250803351,58.32766003005717,58.415591323787716,9183400
2025-09-15,58.91386413574219,58.92363634971242,58.65984247763056,58.8063921441154,22308900
2025-09-16,58.84547805786133,58.97249076015944,58.65007476055836,58.97249076015944,15148200
2025-09-17,58.64030456542969,59.12881093095942,58.366742193375536,58.74777656216747,12221000
2025-09-18,58.82593536376953,58.88455746907803,58.483982400322716,58.6891541783908,16783200
2025-09-19,58.55793380737305,58.6953700987795,58.47939664379332,58.65610151698964,15449000
2025-09-22,58.87207794189453,58.90152750729354,58.52848345118703,58.675738767898565,10972500
2025-09-23,58.78372573852539,59.20585365362315,58.69537329711287,59.20585365362315,13985500
2025-09-24,58.37141036987305,58.62665240863244,58.31251124158865,58.49903138925274,10955300
2025-09-25,57.978736877441406,58.04745502497518,57.743129125284064,57.99837116885937,14587900
2025-09-26,58.32232666015625,58.33214193327543,58.09653792983398,58.10635320295316,10880300
2025-09-29,58.61683654785156,58.64628985843825,58.47940024797469,58.51866883218474,12227500
2025-09-30,58.8229866027832,58.88188947469743,58.52847973292813,58.54811402356621,14228100
2025-10-01,59.26475143432617,59.36292289191342,59.09786557371514,59.10768084704477,13793900
2025-10-02,59.392372131347656,59.55925799104431,59.07823095850604,59.519993153082744,14710400
2025-10-03,59.94211959838867,60.03047203515518,59.70651185205862,59.76541472485565,10005900
2025-10-06,60.05992126464844,60.19735755555138,59.95193453755097,60.0697365376309,9944100
2025-10-07,59.53962707519531,59.92248639316769,59.510173765834104,59.9028521018796,9942700
2025-10-08,59.72614669799805,59.77523055335598,59.5690761139378,59.65742855152532,10158000
2025-10-09,59.215667724609375,59.78505094545091,59.06841241029292,59.76541665388484,12014800
2025-10-10,58.09653854370117,59.13713351366084,58.01800137848543,59.0585963484451,14102800
2025-10-13,58.70518493652344,58.77390308171715,58.3910437742499,58.449946646497956,10517200
2025-10-14,58.88188934326172,59.08804377721429,58.21433844248937,58.27324131427211,14567200
2025-10-15,59.2942008972168,59.441452456757176,58.92115687230353,59.205848463549394,10995400
2025-10-16,59.5494384765625,59.86357962703048,59.353099321305535,59.64760618176203,13762200
2025-10-17,59.59852600097656,59.64760985660035,59.22548570234934,59.36292199603917,10372100
2025-10-20,60.11882400512695,60.167907859647656,59.85376669688548,59.85376669688548,7678300
2025-10-21,59.57889175415039,59.81449950412148,59.5494421897258,59.7850499396969,8757200
2025-10-22,59.59852600097656,59.78504989514832,59.333468686778396,59.637794583418845,10557400
2025-10-23,59.90285110473633,60.0108378325942,59.69669666693026,59.69669666693026,6856700
2025-10-24,60.09918975830078,60.187542194445896,60.00101830432952,60.09918975830078,8572200
2025-10-27,60.540950775146484,60.56058506677778,60.393699205199056,60.521320228373405,16256400
2025-10-28,60.531131744384766,60.66856803241451,60.33479258511742,60.432964037180085,13252500
2025-10-29,60.18754196166992,60.609669849968625,59.90285036354139,60.56058225074381,16800300
2025-10-30,59.91266632080078,60.15808934029592,59.79486432000337,59.84394817493079,13562000
2025-10-31,59.863582611083984,59.951935048110876,59.62797860891767,59.951935048110876,10372700
2025-11-03,60.01083755493164,60.0501023918144,59.75559551847436,60.0501023918144,9490600
2025-11-04,59.215667724609375,59.549443191516225,59.18621815968937,59.26475158109546,13680200
2025-11-05,59.58871078491211,59.67706322306286,59.20585146787826,59.21566674106917,9545100
2025-11-06,59.3138313293457,59.61815721025412,59.13713020720624,59.54943906696156,14435400
2025-11-07,59.50035858154297,59.50035858154297,58.85244194750028,59.06841166227574,14800600
2025-11-10,60.226806640625,60.275894239721346,59.80467875343107,59.981383624575415,10063100
2025-11-11,60.599853515625,60.68820595534078,60.383880053017954,60.42314863619346,7046900
2025-11-12,60.992530822753906,61.06124896971593,60.74710779935863,60.74710779935863,11640200
2025-11-13,60.27589416503906,60.97289463099037,60.19735700246865,60.894357468419955,13987900
2025-11-14,60.19736099243164,60.3544315831253,59.77523307778152,59.8341359536135,11976300
2025-11-17,59.421817779541016,60.01083524844053,59.21566335061225,59.78504652939599,11612500
2025-11-18,58.81317138671875,58.99969153067364,58.41067779039439,58.69536938763451,21744000
2025-11-19,58.61683654785156,58.97024631602541,58.36159824020284,58.69537371627166,14901100
2025-11-20,57.82166290283203,59.15676093729819,57.80202861256457,58.99969036001641,19243500
2025-11-21,58.67573547363281,58.82298703721886,58.037634130185786,58.29287616550782,16449300
2025-11-24,58.96043014526367,58.96043014526367,58.469584084681635,58.567751798854744,24632500
2025-11-25,59.51999282836914,59.52980810159144,58.852441903508016,59.05859634489973,16452800
2025-11-26,60.15808868408203,60.266075410659255,59.72614552263119,59.72614552263119,10988000
2025-11-28,60.442779541015625,60.45259855868842,60.138453655744975,60.21699081769534,5615400
2025-12-01,60.13845443725586,60.42314603573854,60.10900487357077,60.21699160022683,10104700
2025-12-02,60.33479309082031,60.38387694483406,60.11882338418825,60.36424639911497,16957100
2025-12-03,60.65875244140625,60.68820200444156,60.37406084920506,60.37406084920506,10039700
2025-12-04,60.815826416015625,60.992531293813606,60.7078396857104,60.943447437727094,11295900
2025-12-05,60.904178619384766,61.17905120829278,60.81582618082746,61.07106447840516,15165000
2025-12-08,60.77655792236328,61.031796221302486,60.68820548333467,61.031796221302486,13577000
2025-12-09,60.70783996582031,60.97289728374028,60.68820567432348,60.8158266966238,13739000
2025-12-10,61.395023345947266,61.493191055626646,60.74710672543235,60.786371562389256,16608700
2025-12-11,61.65026092529297,61.76806292451794,61.41465692684303,61.493190344707,17012900
2025-12-12,61.33612060546875,61.758248498744756,61.04161373093756,61.70916464379924,20951400
2025-12-15,61.68953323364258,61.925140991184854,61.55209693543386,61.86623811558472,19714700
2025-12-16,61.31648635864258,61.6109932333857,61.179050066753,61.522640796476956,26297300
2025-12-17,60.884544372558594,61.424474277533214,60.884544372558594,61.306672274323404,16268800
2025-12-18,61.36557388305664,61.6993493596862,61.24777187508689,61.45392632524853,15461500
2025-12-19,61.73494338989258,61.9745373419797,61.56523021378572,61.56523021378572,18315900
2025-12-22,62.024452209472656,62.064381361674556,61.83477255159264,61.85473903180195,20034300
2025-12-23,62.433753967285156,62.47368692670218,62.30397375328814,62.383839672122186,27124800
2025-12-24,62.573516845703125,62.61344980596808,62.443736628950376,62.503636069347806,9490500
2025-12-26,62.70329666137695,62.70329666137695,62.533583485444815,62.66336370136743,12049000
2025-12-29,62.61344909667969,62.71327768799451,62.47368754555227,62.60346395261821,15346900
2025-12-30,62.68333053588867,62.912939344917014,62.67334539172148,62.80312560837809,13309600
2025-12-31,62.36387252807617,62.64339562458446,62.32393956908454,62.64339562458446,14361400
2026-01-02,63.09263229370117,63.10261362940423,62.74322461262849,63.04271799875267,19524300
2026-01-05,63.84135818481445,63.87130600016005,62.81310542875545,63.332222474639785,23987200
2026-01-06,64.03103637695312,64.08095448198166,63.86132700614965,63.96115559977326,22562900
2026-01-07,63.77147674560547,63.991100402878686,63.72156245114413,63.991100402878686,19224200
2026-01-08,63.83137512207031,63.85134160235724,63.571818494773765,63.63171793563453,14891800
2026-01-09,64.42037200927734,64.4802676410358,64.11090108994759,64.16081157760185,15461400
2026-01-12,64.80970764160156,64.83965545692305,64.58010264651463,64.61005046183612,16176200
2026-01-13,64.4503173828125,64.72984047567051,64.3105558363835,64.70987780465195,21135800
2026-01-14,64.75979614257812,64.77975881366935,64.53018353464722,64.64998241049375,41203100
2026-01-15,64.84963989257812,65.06926735778133,64.80970693377454,64.99938658398332,22070600
2026-01-16,65.02933502197266,65.04930530978233,64.7198641088214,65.0393201658775,18227000
2026-01-20,64.16081237792969,64.60006732679304,64.05100625714728,64.24067829889273,22693500
2026-01-21,64.8995590209961,65.07925353023596,64.23069147100516,64.49025189911457,31394500
2026-01-22,65.24896240234375,65.36876127974261,65.02933493532909,65.2090294432108,19657800
2026-01-23,65.66825103759766,65.70818399915633,64.99939106846554,65.129167481206,22542400
2026-01-26,65.96774291992188,66.22729573941778,65.93779510355185,66.087534185402,18359000
2026-01-27,67.04590606689453,67.15571218165243,66.63659895674057,66.64658410042146,22799000
2026-01-28,66.60665130615234,66.80630848166403,66.22729200967389,66.72644256488614,22542200
2026-01-29,66.9560546875,67.27551073586922,66.12746294389348,67.2156151069353,31529800
2026-01-30,66.08753204345703,66.7663771194319,65.81799408842922,66.65656338534528,28904500
2026-02-02,66.34709167480469,66.39700977749348,65.89785921633808,65.9278070313781,20450700
2026-02-03,66.60665130615234,66.75639799600263,66.0276348341622,66.47686728728002,24292500
2026-02-04,66.6865234375,67.35538341587208,66.4069927027277,67.2355845295411,27908400
2026-02-05,65.78804779052734,66.36706428971566,65.68821919808224,65.94777201515282,23248900
2026-02-06,67.25555419921875,67.27551687187314,66.56672393792051,66.62661957231734,13752000
2026-02-09,68.25385284423828,68.33371114830685,67.57500775283853,67.6149407130895,21223400
2026-02-10,68.4235610961914,68.65316609334522,68.39361328060032,68.63320342176225,16400400
2026-02-11,68.93270111083984,69.06247752530827,68.34369944054895,68.94267863903714,18412400
2026-02-12,68.38362884521484,69.28210140442404,68.18397166158317,69.1822728126082,19882000
2026-02-13,68.6431884765625,68.75300221120926,67.90444014958729,68.29378460106517,23531700
2026-02-17,68.46349334716797,68.63320271138306,67.71476749940743,68.14403729011413,19239900
2026-02-18,68.69309997558594,69.03252632852146,68.52339060733486,68.63320434359929,11508400
2026-02-19,68.67313385009766,68.68311899373772,68.18396844179613,68.32372998702513,13326800
2026-02-20,69.40189361572266,69.44182657628096,68.65316774222993,68.6731380307258,15188800
2026-02-23,69.0624771118164,69.54166503759821,68.87279744713119,69.32203755563295,13441400
2026-02-24,69.34199523925781,69.52168974644295,68.94267326590939,69.03252432771853,19624000
2026-02-25,70.14064025878906,70.21052103396141,69.79123638292732,69.88107982967752,12223300
2026-02-26,70.1905517578125,70.32033578245586,69.60155773235942,70.25045500627611,19692700
2026-02-27,70.12067413330078,70.43015268437819,69.96094990189665,70.19055491262141,30903000
2026-03-02,68.89276123046875,69.18226946422598,68.37364039185822,68.45350630801875,18858300
2026-03-03,66.49684143066406,66.81629749986698,64.80971001895585,65.64828696088445,28277900
2026-03-04,67.2655258178711,67.4152725071412,66.47686702971939,66.68651696455733,33681900
2026-03-05,65.67823028564453,66.56671765536605,64.9993852329596,66.21731379363843,22636200
2026-03-06,65.16909790039062,65.48855396396378,64.30058077378132,64.53018577324431,18824900
2026-03-09,65.79803466796875,66.0176545305599,63.5917861579343,64.17079886415841,37065500
2026-03-10,65.85792541503906,67.04590617265124,65.7680743546352,66.20732928009176,24941300
2026-03-11,65.74811553955078,66.01765350370366,65.24896495550708,65.58838369676873,15587100
2026-03-12,64.4603042602539,65.08923123609996,64.21072897542771,65.08923123609996,22399400
2026-03-13,63.711578369140625,64.99938775207531,63.61174977855419,64.75979761138123,14972800
2026-03-16,65.07925415039062,65.26892618897169,64.60006624904027,64.70987998442403,16653400
2026-03-17,65.29888153076172,65.7081810395437,65.19904532314501,65.57840463264858,16693500
2026-03-18,64.1707992553711,65.11918995544752,64.12088876574622,64.99939107076726,14904900
2026-03-19,64.0510025024414,64.43035418012794,62.912936044732334,63.01276463186743,28759300
2026-03-20,62.040000915527344,63.79999923706055,61.68000030517578,63.79999923706055,23701300
2026-03-23,63.65999984741211,64.41000366210938,63.0,63.349998474121094,30015800
2026-03-24,63.150001525878906,63.540000915527344,62.56999969482422,62.7400016784668,21374700
2026-03-25,63.970001220703125,64.33000183105469,63.619998931884766,64.19999694824219,11955800
2026-03-26,62.47999954223633,63.65999984741211,62.470001220703125,63.15999984741211,14445600
2026-03-27,62.04999923706055,62.720001220703125,61.83000183105469,62.209999084472656,23786200
2026-03-30,62.029998779296875,62.68000030517578,61.72999954223633,62.599998474121094,13374700
2026-03-31,64.08000183105469,64.11000061035156,62.56999969482422,62.79999923706055,20633100
2026-04-01,65.13999938964844,65.58999633789062,64.80000305175781,64.97000122070312,22523000
2026-04-02,64.63999938964844,64.95999908447266,63.45000076293945,63.5099983215332,16486000
2026-04-06,65.12000274658203,65.25,64.7699966430664,64.83000183105469,14882000
2026-04-07,65.08999633789062,65.16999816894531,64.01000213623047,64.68000030517578,14707200
2026-04-08,67.81999969482422,68.08999633789062,67.30000305175781,68.08999633789062,12954500
2026-04-09,67.55000305175781,67.87999725341797,66.8499984741211,67.08999633789062,12114500
2026-04-10,67.73999786376953,68.04000091552734,67.44000244140625,67.97000122070312,10904000
2026-04-13,68.20999908447266,68.23999786376953,67.04000091552734,67.08000183105469,17884500
2026-04-14,68.88999938964844,68.97000122070312,68.4800033569336,68.58000183105469,8838100
2026-04-15,68.69999694824219,68.76000213623047,68.44999694824219,68.69000244140625,8517400
2026-04-16,68.62999725341797,68.98999786376953,68.43000030517578,68.93000030517578,7285500
2026-04-17,69.62999725341797,70.16999816894531,69.4800033569336,69.7300033569336,15122100
2026-04-20,69.33000183105469,69.33000183105469,68.80000305175781,69.16999816894531,9018800
2026-04-21,67.81999969482422,69.05000305175781,67.73999786376953,68.95999908447266,11404800
2026-04-22,68.3499984741211,68.4800033569336,68.11000061035156,68.43000030517578,9559400
2026-04-23,67.69000244140625,68.36000061035156,66.95999908447266,68.0999984741211,18912900
2026-04-24,68.13999938964844,68.23999786376953,67.69000244140625,67.93000030517578,9533300
2026-04-27,68.06999969482422,68.44000244140625,67.9800033569336,68.30999755859375,8949300
2026-04-28,67.7300033569336,67.91000366210938,67.44000244140625,67.75,11367700
2026-04-29,67.08000183105469,67.54000091552734,66.79000091552734,67.4800033569336,10743700
2026-04-30,68.80000305175781,68.94000244140625,67.9000015258789,68.04000091552734,13300000
2026-05-01,68.72000122070312,69.2300033569336,68.69999694824219,68.81999969482422,12750000
2026-05-04,67.91000366210938,68.72000122070312,67.70999908447266,68.4800033569336,15206300
2026-05-05,68.9800033569336,69.13999938964844,68.52999877929688,68.6500015258789,14930100
2026-05-06,70.87000274658203,70.94000244140625,70.47000122070312,70.58999633789062,9893100
2026-05-07,69.66999816894531,71.12000274658203,69.62000274658203,71.01000213623047,14924700
2026-05-08,70.83000183105469,70.83999633789062,70.38999938964844,70.41999816894531,9468500
2026-05-11,70.81999969482422,71.0,70.72000122070312,70.80999755859375,9789400
2026-05-12,69.97000122070312,70.11000061035156,69.36000061035156,70.0,9068200
2026-05-13,70.62999725341797,70.6500015258789,70.0,70.16999816894531,9963600
2026-05-14,70.55999755859375,70.79000091552734,70.45999908447266,70.69000244140625,10071200
2026-05-15,69.08000183105469,69.3499984741211,68.88999938964844,69.26000213623047,9970600
2026-05-18,69.5199966430664,69.79000091552734,68.91000366210938,69.7300033569336,12279300
2026-05-19,68.98999786376953,69.45999908447266,68.66000366210938,68.91999816894531,11695500
2026-05-20,70.19999694824219,70.33000183105469,69.0199966430664,69.05999755859375,9111400
2026-05-21,70.69000244140625,70.93000030517578,69.62999725341797,69.81999969482422,13456600
2026-05-22,70.45999908447266,70.83999633789062,70.37999725341797,70.66999816894531,8708200
2026-05-26,71.77999877929688,71.87999725341797,71.4800033569336,71.61000061035156,8763600
2026-05-27,71.41000366210938,71.77999877929688,71.19999694824219,71.70999908447266,8579600
2026-05-28,71.66000366210938,71.83999633789062,70.87999725341797,71.05000305175781,8369800
2026-05-29,71.7699966430664,72.2300033569336,71.69999694824219,72.0199966430664,11897300
