Date,Close,High,Low,Open,Volume
2021-06-01,359.26495361328125,361.86286545361526,358.8459539076741,361.7511321987867,4389000
2021-06-02,359.8702392578125,360.577892709611,358.9297702925985,359.84230594282565,3209200
2021-06-03,358.5013732910156,359.5256135656652,356.35042324803135,357.7192122223293,3391000
2021-06-04,361.75115966796875,362.030492826251,360.1309705171422,360.1775165713911,2628100
2021-06-07,361.4438781738281,361.928065100195,360.5872091633709,361.7697573728172,2500600
2021-06-08,361.4997253417969,362.29117868689764,359.8329618793207,362.2166993239252,2386600
2021-06-09,360.9316711425781,362.3377140583567,360.7361379715298,362.29113959718126,2968100
2021-06-10,362.5984802246094,363.4830541020072,360.89446284107504,362.0863315853231,2611800
2021-06-11,363.2315979003906,363.3340389789046,361.9652499883532,363.14779797236355,2241500
2021-06-14,364.1441955566406,364.1441955566406,362.2167116336686,363.3433931914147,2252200
2021-06-15,363.3805847167969,364.2651868725409,362.59842363948064,364.2186124127508,2405000
2021-06-16,361.387939453125,363.6878768041005,359.4418429894365,363.53891808813853,4194300
2021-06-17,361.2576599121094,362.13294171540764,358.95772213814814,360.9317522761757,4065300
2021-06-18,356.4621887207031,358.8459260264786,356.18282718894477,358.2965519553278,5211100
2021-06-21,361.4531555175781,361.63939655198885,357.2350546773444,358.02653644900164,4389800
2021-06-22,363.37127685546875,364.1627585357135,360.792006483488,361.50898039201695,2705400
2021-06-23,362.9802551269531,364.2093777638419,362.8685218720346,363.47376261377167,2404200
2021-06-24,365.05670166015625,365.4943425242002,364.70288915459093,364.9077429295986,2987800
2021-06-25,366.4068603515625,366.7979551453659,365.5129659296578,365.8481656817253,2862800
2021-06-28,367.1703796386719,367.2914334561057,365.7829494423788,366.90033869334934,2418500
2021-06-29,367.33209228515625,368.06085050295616,366.8649388503414,367.50961287140854,2927600
2021-06-30,367.6684265136719,368.2383685268272,366.92099242828226,366.92099242828226,3795900
2021-07-01,369.74249267578125,369.8452812306247,368.31300468768814,368.39708886195535,3414500
2021-07-02,372.5547790527344,372.8350596444033,370.4806171360551,370.77960210901955,4363100
2021-07-06,371.8540954589844,372.7790500396797,369.3314557680954,372.5735014092163,4331300
2021-07-07,373.134033203125,373.40499010863397,370.6207460945288,372.4800356716446,4747800
2021-07-08,370.1629638671875,370.80763775399083,367.20119916167226,368.3037027079361,5817100
2021-07-09,374.068359375,374.3299641038157,371.31217178797306,371.5083682063906,3332200
2021-07-12,375.4231262207031,375.61932264474393,373.60121674484793,374.0029617840479,2929200
2021-07-13,374.15240478515625,376.05839819061833,373.89080008344763,374.73167030231286,4313100
2021-07-14,374.6662902832031,376.1238062650879,373.55446317342546,375.6473007858192,3332200
2021-07-15,373.4610900878906,374.0777359558998,371.67656079852594,373.479765958032,4483900
2021-07-16,370.55535888671875,374.5448666608437,370.11626211912636,374.5074864100441,4516600
2021-07-19,365.01495361328125,366.491174242875,362.44561005524156,366.042696739053,12336200
2021-07-20,370.1722717285156,371.3868588555123,364.3889118215425,365.6408791946421,4043100
2021-07-21,373.28350830078125,373.3675924717939,371.17196629721684,371.3681912090205,2996600
2021-07-22,374.07769775390625,374.24586610634066,372.50806943896674,373.4516997583659,2575700
2021-07-23,377.8149719238281,378.16066086275737,375.1988958898708,375.75016196915635,3151900
2021-07-26,378.7773132324219,378.7866654242654,377.29176888108526,377.38520526118026,2374300
2021-07-27,377.09552001953125,377.8803627523428,374.4701204281695,377.8803627523428,3626100
2021-07-28,376.8899841308594,378.169979716338,375.6286644143215,377.61874219842707,3763700
2021-07-29,378.51568603515625,379.44999275515505,377.78692793406833,377.79625161257906,2274200
2021-07-30,376.665771484375,377.9551193988146,376.0304497190158,376.1425619702227,5204500
2021-08-02,375.8995666503906,378.7305145441647,375.53520189836325,378.18862925484007,5814700
2021-08-03,378.9361572265625,379.01091774123705,374.58231242496987,376.6003901166693,4129600
2021-08-04,377.1236572265625,378.26348429170736,376.843348044117,377.74962689306716,3880200
2021-08-05,379.4779968261719,379.50602488548884,377.81493211022183,378.1139170847868,3052800
2021-08-06,380.1319580078125,380.4309429537688,379.4873127052066,379.7395652149219,2486900
2021-08-09,379.7676696777344,380.309555052626,379.0389115458293,380.02927442988545,1984400
2021-08-10,380.24420166015625,380.88887565001687,379.543471541854,380.1787933393805,2400700
2021-08-11,381.1598205566406,381.2626091384093,380.17880975377443,381.19720081480943,3554400
2021-08-12,382.2715759277344,382.4397442886112,380.23479418970834,381.02896057755225,2319300
2021-08-13,383.0284118652344,383.0284118652344,382.2996536939052,382.72945535573143,2253800
2021-08-16,383.94403076171875,384.0094390794384,380.40300007910434,381.86051637604925,3379100
2021-08-17,381.4120178222656,382.178127613245,378.68382983126173,381.5801861778872,5186300
2021-08-18,377.31036376953125,381.8978124736219,377.0300832021831,380.46832455459855,4878300
2021-08-19,377.84295654296875,378.90805129956595,374.5915591295288,374.7410516153764,5505700
2021-08-20,380.8327941894531,381.12245553919627,377.7028891117876,378.09528201415645,3263600
2021-08-23,384.20556640625,385.00905640702166,382.3463053711074,382.36498123876197,3259400
2021-08-24,384.8128356933594,385.2706367805647,384.3270065500552,384.8408637494582,3006500
2021-08-25,385.5229797363281,386.0648650788892,384.62605328429214,384.9904180721158,3261400
2021-08-26,383.27130126953125,385.55101193218974,383.2526253998557,385.3174352537434,4707600
2021-08-27,386.6721496582031,387.1112749391768,384.01872210332425,384.0841304141193,3882200
2021-08-30,388.4473876953125,389.1948216982654,387.16739199604643,387.41964455666766,2811800
2021-08-31,387.7840576171875,388.69033642774247,387.34493224479934,388.35399963839825,6062900
2021-09-01,388.1951599121094,389.2229031918396,387.88685118458204,388.71836948855685,3256400
2021-09-02,389.35369873046875,390.0170486016417,388.2044910555224,389.419078539392,2835500
2021-09-03,389.2041931152344,389.6619943261983,387.8868170969132,388.2792099883734,3740000
2021-09-07,387.76531982421875,388.9425554245037,387.1954064067973,388.92385104178265,3542500
2021-09-08,387.3916320800781,387.9802499246553,385.560398740223,387.298195697755,4012600
2021-09-09,385.6537780761719,388.73700738803154,385.4669338381304,387.12064648305153,3887800
2021-09-10,382.6733093261719,387.83070033847866,382.5238453517882,387.4476311862764,4035500
2021-09-13,383.5703125,385.59774224044935,381.4867981211311,385.4202216716642,4738300
2021-09-14,381.5802001953125,385.10252616595943,380.72062549148694,384.9530336734342,3657700
2021-09-15,384.7662048339844,385.1773020766792,380.91686566400386,381.9352565793411,3891400
2021-09-16,384.1028137207031,385.1118809237794,381.4120343756477,384.2523062142247,3351500
2021-09-17,380.3375549316406,383.79450109077015,380.0479221386775,383.39275605701835,5396100
2021-09-20,374.12445068359375,376.18928916133524,369.5837334964678,374.7597724400774,10942700
2021-09-21,373.76007080078125,377.36648107843723,373.1994810624033,376.20794986182705,6418100
2021-09-22,377.36651611328125,379.18842580396165,374.8999609533124,375.75018357477785,6004800
2021-09-23,381.92596435546875,383.3648049308182,378.8334108710633,379.0576353976382,4098000
2021-09-24,382.5613098144531,383.18730800684415,380.2162187951142,380.4217674614292,3417700
2021-09-27,381.4773254394531,382.66391292052543,380.81397582038477,381.5894661680925,3546600
2021-09-28,373.853515625,379.20707503991355,373.0967009277799,378.90809003765116,8234300
2021-09-29,374.4421691894531,376.6262593913068,373.8797409319725,375.04210029244297,4724200
2021-09-30,369.6990051269531,376.3730800561324,369.6427651724262,375.7450576951538,9511200
2021-10-01,374.1234436035156,375.7451054485629,368.1711330718093,371.41445676190386,8482200
2021-10-04,369.5209045410156,373.95467835711156,367.4118204151963,373.18602749908246,8820400
2021-10-05,373.1111145019531,375.2764389544734,370.0646591303834,370.7864244124604,5523200
2021-10-06,374.7702331542969,374.967073020885,368.44297998594465,369.93339618840196,6590000
2021-10-07,377.9947509765625,380.61937760654547,377.61980840174846,377.8260311088389,4409200
2021-10-08,377.2823181152344,379.06334530300524,376.76677568063747,378.7352598417694,3960900
2021-10-11,374.5359191894531,379.39149364653787,374.5359191894531,376.7387465532008,3695700
2021-10-12,373.78594970703125,375.8106738529825,372.95167605252186,375.4638226644992,6201300
2021-10-13,374.9858093261719,375.7731973370377,371.90185149556646,374.6108667409432,6492400
2021-10-14,381.2850036621094,381.463106424987,377.96670260347736,378.4166509422667,3785200
2021-10-15,384.2564392089844,384.56578761990136,382.70978297326684,383.30971406941546,3501600
2021-10-18,385.42816162109375,385.6906243300847,382.00676354115495,382.63481463389553,3402700
2021-10-19,388.4277038574219,388.4277038574219,386.3280024887533,386.8904020651569,2838300
2021-10-20,389.93682861328125,390.152434172695,388.68075530715174,388.76511523745705,3208200
2021-10-21,390.89306640625,391.1086434152857,388.95270168718235,389.36514719093464,2579500
2021-10-22,390.49932861328125,391.82102497717904,388.7277125382958,390.4899457505373,3648900
2021-10-25,392.5240478515625,392.889636218192,389.88065515932755,391.4835799273804,2511500
2021-10-26,392.8990173339844,395.12996471159084,392.62717175608276,393.94886819255436,3085300
2021-10-27,391.1929931640625,393.967631681715,391.1461360606137,393.3770834255505,2873500
2021-10-28,395.0174255371094,395.0455455163793,392.52401581879565,392.55213579806554,3643600
2021-10-29,395.72052001953125,396.05795982738607,392.6365616128338,392.89902433215116,4637400
2021-11-01,396.5547180175781,397.04216915699146,394.8955819474588,396.6859636647394,3937300
2021-11-02,398.092041015625,398.3451208547702,396.5172648039214,396.6484818517522,2989200
2021-11-03,400.49169921875,400.8760247034173,397.1546612516211,397.5764895803821,3562900
2021-11-04,402.3664245605469,402.47890448196205,400.76352846780634,401.0541111335579,4287300
2021-11-05,403.7350158691406,405.656643394763,402.41331945579736,404.52240399928957,4942900
2021-11-08,404.22235107421875,405.2628187528024,403.5380602092842,404.83163626849324,3511600
2021-11-09,402.80694580078125,404.70980721273565,401.5133696338428,404.5317044879378,4696000
2021-11-10,399.56365966796875,402.81633727091537,398.2044606562594,401.27903553060185,6350700
2021-11-11,399.6949462890625,401.0260255546636,399.6855920323336,400.9135456235995,3634600
2021-11-12,402.6663513183594,403.22877947756984,400.00422187813336,400.8759697914531,3655500
2021-11-15,402.8538513183594,404.0162105998566,401.80400056574575,403.95997063855856,3122300
2021-11-16,404.3912353515625,405.4973262901461,402.57273328344684,402.61959039195045,3267000
2021-11-17,403.4162902832031,404.3724268633131,402.9194848743122,404.2317983500346,3764900
2021-11-18,404.8128356933594,405.1034468842932,401.94448407263513,404.41915607827605,4732200
2021-11-19,404.0536193847656,405.87212078892753,403.4255970499069,404.8222702063769,4886200
2021-11-22,402.9851379394531,408.14067802874354,402.807035175138,405.81598783567165,4868300
2021-11-23,403.51007080078125,404.27872183921454,400.2948953332089,402.66644267370884,6795200
2021-11-24,404.503662109375,404.70988485100287,400.9228984166951,401.71966940054324,4569600
2021-11-26,395.7017822265625,399.807442913274,394.5394228090256,398.56075215020763,7702500
2021-11-29,400.4822998046875,402.1133444830375,397.96077001150593,399.9854944145599,6300800
2021-11-30,392.8145751953125,399.9104784755406,392.4115126475672,398.19507402287235,8657600
2021-12-01,388.2964782714844,400.4635617804057,388.043398449033,397.8857920323849,8337000
2021-12-02,394.2206115722656,395.62666759469084,388.0995821655592,388.4651704624056,10417700
2021-12-03,390.73370361328125,396.68601487081804,386.91859697884956,395.6830210881714,10228900
2021-12-06,395.4017639160156,397.1265227822819,390.8836297237241,393.14269681986985,7289500
2021-12-07,403.5287170410156,404.10052806248666,400.2010623867738,400.2385652257927,4731900
2021-12-08,404.6629943847656,405.07543983401587,402.35704157133375,403.95996626985556,4476500
2021-12-09,401.9071350097656,404.306802098515,401.76650649716174,403.5006482918244,5035400
2021-12-10,405.74102783203125,405.8441249071385,402.0852867905958,404.41933133891774,6238300
2021-12-13,402.14154052734375,405.5629389447129,401.8978149141402,405.28171048187204,5923900
2021-12-14,399.4044189453125,401.41976093959005,396.6954315424923,399.13257333671055,6522900
2021-12-15,405.6472473144531,405.86285291458273,397.13593233191875,399.42309095566327,6871300
2021-12-16,401.9820861816406,407.5688080807085,400.5854128584453,407.34384824510283,7159500
2021-12-17,397.81085205078125,401.93527831097185,396.1985729501452,399.1794055621371,8882700
2021-12-20,393.50823974609375,393.90194805820306,390.22744203489765,393.12394290202803,9903400
2021-12-21,400.49188232421875,400.64241479491204,394.6870941509772,396.69101639482824,6916700
2021-12-22,404.537353515625,404.6314399022164,400.143803502035,400.26611293349043,4992200
2021-12-23,407.030517578125,408.404086960289,405.3652717813082,405.4029120785431,5032700
2021-12-27,412.83526611328125,412.84468336511804,408.2629606574306,408.2911837018075,4986300
2021-12-28,412.5247802734375,414.13355109901926,411.7533121727936,413.27741387188485,4865800
2021-12-29,413.0234680175781,413.9078284186129,411.64048132329066,412.54364751819196,4596700
2021-12-30,411.8568115234375,414.2934966785446,411.43346586587046,413.380942024078,3751800
2021-12-31,410.7279357910156,412.4307934050429,410.5585974971776,411.34887157956,5185600
2022-01-03,413.24920654296875,413.268012334749,409.8529092585864,412.00733521829187,6017300
2022-01-04,413.0798645019531,415.14023277276294,411.3393669552744,414.5004626133686,6262200
2022-01-05,405.167724609375,413.39978135990987,405.0454151724425,412.8070686800897,7539600
2022-01-06,404.62200927734375,407.209226911861,402.571058188653,404.73493016420184,7971500
2022-01-07,403.22021484375,405.8262382571548,401.9125088667942,404.74431663049165,6157500
2022-01-10,402.693359375,402.84389184326363,394.9222893787941,400.2002281749862,10481500
2022-01-11,406.221435546875,406.3813852871866,399.63578994757154,402.36412309648426,7282400
2022-01-12,407.4350280761719,409.2884178032198,405.6192786436441,407.8960140172975,8270300
2022-01-13,401.81842041015625,408.98736060628283,400.86819675568995,408.3946479786903,7521300
2022-01-14,401.9407043457031,402.26996359692185,397.78232767581636,398.8548606884189,9960800
2022-01-18,394.8940734863281,399.82391860005254,392.6267265920855,397.6036005418734,10681500
2022-01-19,390.7451171875,397.52835213733147,390.5005270422452,396.239451937686,8184100
2022-01-20,386.4456787109375,396.78513273318504,386.0034985171226,392.47625168993045,8907600
2022-01-21,378.8533630371094,387.5464057088911,378.82513999120624,385.457814178655,16225900
2022-01-24,380.4339294433594,380.9137499580714,363.94159222923815,373.7448088403439,22970700
2022-01-25,375.8145751953125,380.3304638472321,369.482965509639,374.60095542179886,16836300
2022-01-26,374.9677734375,384.0371603573403,370.9975695251067,381.64750420911747,14377300
2022-01-27,373.0674743652344,381.93927412068786,371.44928579034774,379.07921388599846,12455200
2022-01-28,382.2120361328125,382.2778707636038,370.01916391446974,374.2716274276662,12096800
2022-01-31,389.2022399902344,389.465664659561,380.4151107998873,381.65698226005685,9200400
2022-02-01,391.7423400878906,392.3538584266928,386.5772940953323,389.81366999027864,8154900
2022-02-02,395.4773864746094,396.2488546561035,391.8835276475843,394.1790976878962,6726500
2022-02-03,386.28564453125,391.7799497251489,385.5330109966284,390.04886962661607,7658300
2022-02-04,388.1014404296875,391.6012413377769,383.90545198277965,386.0504893966969,8210000
2022-02-07,386.82196044921875,390.0771425337358,385.6365352050728,388.76943657570644,5620900
2022-02-08,389.954833984375,390.8674173371601,385.1191040375596,386.4080042066087,5565700
2022-02-09,395.6750183105469,395.9572487915815,393.5864266174783,393.77457070112223,6284500
2022-02-10,388.72235107421875,395.8912906880289,386.80312684026353,390.3687621455159,9260500
2022-02-11,380.9701843261719,390.62286815101595,379.6812840219931,388.6941976098681,10458600
2022-02-14,379.72821044921875,381.9579166469053,376.5482807604347,380.49026120764,10167600
2022-02-15,385.8247375488281,386.00349307430525,383.34099469659964,384.0183765007406,6815000
2022-02-16,386.28564453125,387.50870991392134,382.2684120779532,384.0371324665559,7743800
2022-02-17,378.07244873046875,383.83020805553537,377.4797648117322,383.3691933927851,7541000
2022-02-18,375.65460205078125,379.43663350877483,373.500147318066,378.3452946203936,10570800
2022-02-22,371.54327392578125,376.67065154880845,368.3351206753994,373.54716742859046,10414700
2022-02-23,364.85406494140625,374.74194769250215,364.44952514964876,374.1962639961116,12154900
2022-02-24,370.4613342285156,370.8376797659924,355.1544240879389,355.39904294507204,21277200
2022-02-25,378.55230712890625,378.6934223617975,370.1132716683786,371.571538971284,11665200
2022-02-28,377.60205078125,379.0038718699948,372.55934215364573,373.669486838078,11855900
2022-03-01,371.9383850097656,378.12890697163016,369.5393402627201,376.3319633685839,9124400
2022-03-02,378.7686462402344,380.17985578009285,373.293146334912,374.1775066101138,8185200
2022-03-03,376.86822509765625,381.53464563772263,375.2688714018192,381.0454079215919,8745300
2022-03-04,373.8200378417969,374.8455134446385,370.08503502246526,373.43430374531124,6317700
2022-03-07,362.7843017578125,373.50009924287343,362.7372729274983,373.24609187914314,8411500
2022-03-08,360.0466003417969,369.4922753900012,359.0493479112539,362.92546546561056,9356100
2022-03-09,369.64276123046875,371.4773448594775,365.7101980881898,367.7423429859584,5812600
2022-03-10,367.9964599609375,368.80556848782584,363.6499384865904,365.44688236268996,6394800
2022-03-11,363.3017578125,370.85643111912094,362.85016046049947,370.32016464695704,5872800
2022-03-14,360.6487121582031,367.1684934428654,359.62323665532625,364.157930271122,6455000
2022-03-15,368.5608825683594,369.1441779035954,361.86234604181686,363.01951946135574,5739400
2022-03-16,376.8023681640625,376.8399797468204,367.4319160536167,372.0889190662053,7407300
2022-03-17,381.412353515625,381.553468743553,374.7232046004873,375.043104065304,5177500
2022-03-18,385.6271667480469,385.99406633107037,379.3707809324525,380.06699722392574,5875000
2022-03-21,385.6459045410156,387.37698464576687,382.3718883602799,385.58004121093916,4159500
2022-03-22,390.1241760253906,390.9238384421748,386.8595768906624,386.8595768906624,4231700
2022-03-23,385.10028076171875,389.1363483583152,385.0626691767887,387.7627790188966,3742600
2022-03-24,390.8245849609375,390.90011910604596,385.906482448709,386.92599175282373,2977300
2022-03-25,392.8069152832031,393.03346008943475,389.11596917323146,391.55144107155746,3638000
2022-03-28,395.51605224609375,395.57268843806133,390.51299657009804,392.22158891272085,3395300
2022-03-29,400.5191650390625,400.92506737946275,396.70549793266053,399.2636621434399,5510600
2022-03-30,398.02703857421875,400.254834473613,396.0824524492668,399.54685324925197,4794300
2022-03-31,391.91015625,398.04599442047135,391.79685503904153,397.38520032513316,5876600
2022-04-01,392.9956970214844,393.4676845432316,389.73897159829573,393.33551420938295,4663100
2022-04-04,396.327880859375,396.4317042741104,392.4292597819696,393.1183718529699,5117200
2022-04-05,391.4286804199219,397.2435699283061,390.33366595329454,395.11017719092604,4112000
2022-04-06,387.4639892578125,389.5407458818391,384.80200152243765,387.74719905627006,5540700
2022-04-07,389.4180603027344,391.08888591663117,384.8964113513452,386.6522200780714,4954100
2022-04-08,388.4739990234375,391.01329387167607,387.0108494154912,388.77607791276466,4752800
2022-04-11,381.7435302734375,386.1424577608502,381.29986081762155,385.6138340017292,3342800
2022-04-12,380.34637451171875,386.7559432589848,378.88319615076347,384.5092784165091,6615800
2022-04-13,384.64154052734375,385.3306527307991,379.93111393098974,380.01606823423754,4358700
2022-04-14,379.9687805175781,385.8780728299951,379.7988719431337,384.877461703384,3735700
2022-04-18,380.0348815917969,381.573565409747,378.00534115784194,379.05313955195714,4305900
2022-04-19,386.1046447753906,386.8126260265756,379.8177678079288,380.0254434605896,3841500
2022-04-20,385.8119812011719,388.3418558788471,384.8302680267356,387.80378326096695,5067100
2022-04-21,380.09161376953125,390.50365921706384,379.28922907687866,389.27650296324504,4670200
2022-04-22,369.7172546386719,379.3741293295368,369.18863093946396,379.1664536757172,6326400
2022-04-25,371.7373962402344,371.9828389935777,363.43042658429863,367.60280935196056,8141200
2022-04-26,361.1082458496094,369.6512090531446,361.0138425772506,369.47185147801326,8493000
2022-04-27,362.042724609375,366.97027518018484,360.12645654338394,362.0144065121566,6415700
2022-04-28,371.1143798828125,372.77575644818097,362.36371238101214,366.47945874430786,7030200
2022-04-29,357.48333740234375,369.5190184294363,356.8225433914497,367.6027503672399,8221900
2022-05-02,359.7299499511719,360.85328241095107,351.4701693985769,357.56826812532915,10737000
2022-05-03,361.2876281738281,363.48707765050057,358.7105655818533,360.2398007521853,5607700
2022-05-04,372.2471618652344,372.80410375378295,358.9748733943128,361.8728840550592,7367500
2022-05-05,359.17303466796875,368.44287598213504,355.2649931900785,368.35792168998853,10477300
2022-05-06,356.9169921875,359.9188261010054,352.055526168867,356.8320378851745,7959600
2022-05-09,345.4004821777344,352.6313348765849,344.0789228037039,351.4985532372252,10793200
2022-05-10,346.2878112792969,352.3103768361491,342.57799616746144,351.0643228296625,7870800
2022-05-11,340.7088928222656,350.5545452446785,340.0858658598654,345.4665349301566,8026900
2022-05-12,340.4446105957031,343.3709391375486,334.18605113701483,337.7920428962707,7679200
2022-05-13,348.4778137207031,349.81824208548596,343.26708210253105,344.29601139341753,5377400
2022-05-16,347.2317810058594,350.54514266962576,344.97569560297745,347.1090596393743,4719800
2022-05-17,354.1794738769531,354.5192910898307,349.3462971004098,352.7257441369192,4513300
2022-05-18,340.1519470214844,350.36576340468866,338.887023982223,350.19585481907836,6883600
2022-05-19,337.8770446777344,341.936155421616,335.913588889208,337.1596430975346,6359500
2022-05-20,337.9619140625,341.6717576508339,330.16470026871974,341.16200309228344,8755900
2022-05-23,344.3715515136719,345.0889818031523,338.7454680232822,340.8599630139611,5254900
2022-05-24,341.8888854980469,342.8611786722681,335.7719454535611,340.63341132466724,5567300
2022-05-25,344.7397155761719,346.5898986927385,340.0858964725209,340.3407881847106,5704600
2022-05-26,351.59295654296875,353.16940763031835,345.74974838823545,345.9196857996397,4248300
2022-05-27,360.4096374511719,360.4662736455985,353.8018125616482,353.93398288719726,3911800
2022-05-31,358.4084777832031,361.40089168202235,355.80312596038425,358.9276814000351,5016500
2022-06-01,355.4066467285156,361.20266802218134,353.14111211253044,360.2303459546263,4245800
2022-06-02,362.156005859375,362.24096015310874,353.2354593233571,355.32163602370235,3273700
2022-06-03,356.2939147949219,359.2768791555,355.38770689038864,357.870336861612,2749500
2022-06-06,357.2662048339844,361.5046431926467,356.265593679413,359.96595939613707,2659500
2022-06-07,360.7589416503906,361.174264150899,353.71686734580095,354.1416676227307,2649900
2022-06-08,356.8131408691406,360.81561490533574,356.1240574792172,359.1825276021849,3436400
2022-06-09,348.4211120605469,357.2378334284046,348.34557794251333,355.1610772998619,3022000
2022-06-10,338.1979064941406,343.3142635729914,338.1601682364913,342.59683336803033,7629700
2022-06-13,325.1615905761719,331.1841551324089,323.84003145908883,329.5510681615463,10399700
2022-06-14,324.34979248046875,327.8613803807281,321.4895495880838,326.9645926719652,7584200
2022-06-15,328.99420166015625,333.0721811322078,322.81117608698895,327.38946122520645,7887600
2022-06-16,318.1856994628906,321.74447528161477,315.8257616714155,321.40465806740286,8821900
2022-06-17,319.0163879394531,321.772779024512,315.51421967153857,318.412230064034,7084000
2022-06-21,326.8325500488281,328.03138820468274,323.88732317053643,323.9628573203538,5628300
2022-06-22,326.1434326171875,329.9287823995012,322.49025319104777,322.9150247476704,4876100
2022-06-23,329.5699462890625,330.02303578321477,324.85952097320364,328.15398400418377,6708800
2022-06-24,339.83099365234375,339.8498627811722,332.250875696245,332.3075118905606,5458600
2022-06-27,338.556640625,340.9165782130842,337.5371602623936,340.7749877193656,4608600
2022-06-28,331.2408752441406,342.51194086939483,331.2408752441406,339.90656023003896,8797800
2022-06-29,331.4039001464844,333.0341626315334,329.66933094530543,332.1526754248374,3775900
2022-06-30,328.7878112792969,331.59341868883706,324.58887338910193,327.83996820200457,7159600
2022-07-01,332.16217041015625,332.5318142134587,325.66943876189924,328.1054027067552,7481500
2022-07-05,332.7498474121094,332.7877692411714,324.9017064973256,327.4608948302274,6180600
2022-07-06,333.95355224609375,336.1809893532901,330.73089143770665,332.91094795946583,5450900
2022-07-07,338.85394287109375,339.612205858216,335.536491682146,335.5459793703956,3737500
2022-07-08,338.6549377441406,340.3231222677035,335.9820127197028,337.34690937363354,4791300
2022-07-11,334.8255920410156,337.02459508665197,334.12419736775536,336.3326591752754,3491700
2022-07-12,331.7356872558594,336.3896016097753,330.2096733355333,334.2095734590569,4080300
2022-07-13,330.1906433105469,332.69296324329434,326.40875819833593,326.75945555424096,5603500
2022-07-14,329.318603515625,329.8020127448869,323.2618723226683,325.4987970430196,4624800
2022-07-15,335.54595947265625,335.6407206460181,331.5555190239492,333.38487826904236,4520500
2022-07-18,332.768798828125,338.9677018446926,331.66932610184614,338.35160951117473,3544900
2022-07-19,341.8017272949219,342.256702450664,335.7734583422052,336.4369601619275,3620200
2022-07-20,343.9912109375,345.2423417743948,340.70219441126767,341.8869982186154,4270600
2022-07-21,347.4698181152344,347.4982522527998,341.23302289358173,343.46043116325075,4604000
2022-07-22,344.3040466308594,348.6546435012147,342.18088709305096,347.56462959299625,4533900
2022-07-25,344.64520263671875,345.4319285783745,342.5978870731292,344.8632169547664,3902200
2022-07-26,340.51263427734375,343.31824175906144,339.7543713663528,343.23293935101566,2987200
2022-07-27,349.4318542480469,351.0147360878498,343.32774213360915,343.58364936720324,4500300
2022-07-28,353.84881591796875,354.4080399120292,346.891650585147,350.15223337408224,4345300
2022-07-29,359.03350830078125,359.8581271980121,354.4269756348382,355.1852674964527,5246400
2022-08-01,357.95294189453125,360.1898666580153,355.85821673713104,356.5027431046579,4421400
2022-08-02,355.6402282714844,359.829707816809,354.4459655450176,356.4932813406401,4132600
2022-08-03,361.1946105957031,362.1708879223143,357.25157946249226,357.5169743980988,3854800
2022-08-04,360.9102478027344,361.6306178969079,359.4126682618717,361.0145255970444,3410600
2022-08-05,360.16143798828125,360.8438861895133,356.90085535193657,357.00510421037933,2852100
2022-08-08,359.8392333984375,363.8865137535453,358.8250341559416,361.8676029575483,3450800
2022-08-09,358.4174499511719,359.62120043013,357.4316849007715,359.25152768902495,2360500
2022-08-10,365.9243469238281,366.08549299673234,363.11873912465387,364.9101477480665,3651000
2022-08-11,365.9243469238281,370.2749437816921,365.2987669348316,368.5877840268393,3575400
2022-08-12,372.1895751953125,372.23695578153956,366.9005943227414,367.71575445733515,3664400
2022-08-15,373.781982421875,374.17060161612255,370.0948583837396,370.1232925235197,3203900
2022-08-16,374.4360046386719,376.18952043194315,371.9716064096863,372.7298694374294,3864800
2022-08-17,371.8768005371094,374.2558962440728,369.9337335322027,371.13748399233896,3222300
2022-08-18,373.023681640625,373.4691691038707,370.7678391111696,371.9526431170487,3258100
2022-08-19,367.8768005371094,370.55921227980434,367.05218180006847,370.32225154268355,2899000
2022-08-22,360.12353515625,363.53577634236217,359.3178626791866,363.4314985525437,4153700
2022-08-23,359.2704772949219,361.9528606941287,358.77758034213826,359.763345321828,2869200
2022-08-24,360.3605041503906,361.6779911409506,358.4553300852218,359.1377783379779,2241200
2022-08-25,365.6115417480469,365.6115417480469,360.843891950752,361.8486033566798,2631300
2022-08-26,353.0810241699219,365.9147982533101,353.0810241699219,365.44087672782933,5153200
2022-08-29,350.7493896484375,353.5929194515894,349.5456391117537,350.4839946905119,4953200
2022-08-30,346.9390563964844,352.07637943160603,345.0338822474821,351.93417980637076,5044500
2022-08-31,344.209228515625,349.55507767873655,344.1713066909987,348.43660079633696,4062500
2022-09-01,345.2708435058594,345.67843807905024,339.8112861623233,342.2661966606653,6126800
2022-09-02,341.6499938964844,349.8772635435135,340.06708348430556,348.7588158341901,4544200
2022-09-06,340.50311279296875,343.38456363530895,338.3799537122302,342.5125353409353,5680300
2022-09-07,346.6073303222656,347.2708322013176,339.98191492453697,340.1430320867272,4137000
2022-09-08,348.8725891113281,349.26120822263545,343.3750822114758,344.42720301055147,3692000
2022-09-09,354.2563171386719,355.07144822479296,350.6829594834568,350.92937899100343,2621600
2022-09-12,358.1519470214844,358.76806812065655,355.92453908154755,356.218368101519,2961400
2022-09-13,342.5315856933594,351.2043453261556,341.48895237159667,350.0764095861413,5549200
2022-09-14,343.8111572265625,345.17605368065716,340.77804756726823,343.6689576129413,3555500
2022-09-15,339.9723815917969,344.98648006503873,338.7591434900957,342.3230430689145,3807500
2022-09-16,337.2994689941406,337.88715607888713,334.29482223325266,336.0672843981849,4452300
2022-09-19,339.8870544433594,339.8870544433594,334.35165419930104,334.39903478404625,3412600
2022-09-20,336.0578308105469,337.7924002499294,333.47969587470453,336.8445569488974,3624000
2022-09-21,330.14324951171875,340.5600366080129,330.14324951171875,337.79235077288126,5102400
2022-09-22,327.35662841796875,330.3613043377478,326.6931554786477,329.42291982257524,5555600
2022-09-23,321.9159851074219,324.2381835519544,317.8212956116366,324.2381835519544,10491500
2022-09-26,318.7975769042969,323.8401096465825,317.5938264593247,320.58901442821895,5405700
2022-09-27,317.89715576171875,324.01072725829897,315.70761128194493,322.0676602012367,5795700
2022-09-28,324.1413879394531,325.6836443092738,317.19167579538515,318.73393216520583,8683900
2022-09-29,317.382080078125,321.113954550721,314.6688373757407,320.97115841967536,7230100
2022-09-30,312.5458679199219,320.0572647151965,312.374512546291,316.6109821753362,7736600
2022-10-03,320.8092956542969,322.4086702446301,314.2594426998356,315.8683467155209,5739000
2022-10-04,330.54833984375,330.6625767256135,325.7121278417455,325.72165726627526,5110000
2022-10-05,329.9772033691406,331.909817599688,324.50312876206294,326.65468738288996,4755800
2022-10-06,326.5023498535156,331.28147340757704,326.0549026094726,328.6158197429974,3879600
2022-10-07,317.33447265625,323.0560799417081,315.7350978285676,322.8085472708297,5168100
2022-10-10,314.9639892578125,318.6102154544504,312.8886078126513,318.4198012260495,3933900
2022-10-11,312.8885498046875,317.5534070043455,311.1654088537105,313.4026448835534,4968100
2022-10-12,311.91748046875,314.71637130665124,311.7270662919373,313.35500000712585,3235100
2022-10-13,320.0857849121094,321.47571563951095,304.5203678698132,305.4438215637255,6396900
2022-10-14,312.8790283203125,323.8652651296779,312.288784981102,322.37059792998195,4879400
2022-10-17,320.828369140625,321.8755892125409,318.4102480751338,318.51498460889036,3889500
2022-10-18,324.60791015625,328.44452181415664,321.5614565935316,328.13987064725796,4903300
2022-10-19,322.3611145019531,325.2743010697322,319.78116735466875,322.7705021806097,4403200
2022-10-20,319.7145080566406,325.988299196262,318.9719390902627,321.94224400890505,3459100
2022-10-21,327.39727783203125,327.86378397660235,318.0961209134655,319.4003741265242,4362400
2022-10-24,331.3861999511719,332.4715087110009,326.4166909550267,328.8729007519393,5639400
2022-10-25,336.7745666503906,337.041129102858,331.3290516473037,331.3480814463627,5203400
2022-10-26,334.2612609863281,339.0784733583257,333.62342856420577,333.870961234174,4277700
2022-10-27,332.4714660644531,336.81264244065903,331.8716933060213,335.15612028567426,4145300
2022-10-28,340.2304382324219,340.80165188945955,332.2049749630998,332.2906526536854,4388100
2022-10-31,337.91705322265625,339.792520146029,337.0602182110517,338.1169678339017,6431000
2022-11-01,336.5556335449219,341.5537019173513,335.3846761202428,341.3252280887567,8014300
2022-11-02,327.96844482421875,339.9923724281035,327.88276714939184,335.8511104927018,5022500
2022-11-03,324.47454833984375,327.3115572795826,322.6371703905871,324.9600842224531,4534800
2022-11-04,329.22515869140625,331.31956996168697,323.6844357883943,329.78684290242785,3655400
2022-11-07,332.3858337402344,332.928459071446,328.53969307407874,330.405630424674,3316600
2022-11-08,334.1946716308594,336.8888557985225,330.4246790072594,333.40448452387375,3237200
2022-11-09,327.36865234375,333.41393971979477,326.88311649582613,332.32863113105344,3570800
2022-11-10,345.28558349609375,345.5902346166709,337.4029173332228,339.4116507374477,4603600
2022-11-11,348.58905029296875,349.40776744931793,344.3811404512431,346.23757724529554,4877400
2022-11-14,345.7901611328125,350.1408674917928,345.47600962790665,347.07538448641657,5274300
2022-11-15,348.6462097167969,351.9972850916284,345.19039780202564,350.95959438510215,4597800
2022-11-16,345.9996032714844,347.97977750651495,345.4379190939847,347.1991489354065,2755100
2022-11-17,344.99993896484375,345.5711234129849,341.36324302834214,341.58218738242107,3278500
2022-11-18,346.5232238769531,348.04645058122605,343.8956875915436,347.92268423511604,2574400
2022-11-21,345.3045959472656,346.2851680866888,343.55289567165175,345.36171439786284,2397900
2022-11-22,349.90283203125,350.0360987306252,345.78059987350963,347.01823408469033,2316000
2022-11-23,352.092529296875,352.5875656608248,349.407845322044,349.58873013934266,2590900
2022-11-25,352.05438232421875,352.5684774594482,351.34990202814396,351.6640825758903,1423400
2022-11-28,346.48516845703125,350.7025793844922,345.72354056913093,349.2555009240482,3553600
2022-11-29,345.87579345703125,347.6560528753361,344.13362268839995,346.4660367878995,2507800
2022-11-30,356.519287109375,356.61449420612456,344.29544545740777,346.0090860395188,4748800
2022-12-01,356.5669860839844,358.90893011911504,354.1964537655285,357.8331506933336,4608600
2022-12-02,356.0528259277344,356.89060193135896,351.92109341270236,351.92109341270236,3596000
2022-12-05,349.71240234375,354.32967054963893,348.42717916537083,353.4633353561112,3707000
2022-12-06,344.6572265625,349.96944572317096,342.65799367615773,349.4744094778338,3911000
2022-12-07,343.9908447265625,346.16143320582506,343.01980192506886,343.72428224851734,3338000
2022-12-08,346.70404052734375,347.6274941747099,344.24786010255275,345.70443863364295,3604500
2022-12-09,344.1717224121094,347.9036260807912,344.00036704829057,345.58071208303494,4271400
2022-12-12,349.0841064453125,349.0841064453125,344.22883452136665,344.8952552169959,2946200
2022-12-13,351.6640625,359.0897515710389,349.198323498243,359.0135742685456,6161800
2022-12-14,349.5411376953125,354.9104765394703,346.77077605296074,351.3880454568803,4707100
2022-12-15,340.94439697265625,345.8091691237573,339.354522588237,345.0761296231217,5126800
2022-12-16,336.87933349609375,339.70681349702977,334.90868850700105,338.58344503887383,4533100
2022-12-19,333.9756774902344,337.3362822109093,332.4905395376667,337.13636761621433,5538500
2022-12-20,334.48455810546875,335.9194161656149,332.13136986840044,333.3175390488594,5068200
2022-12-21,339.4874572753906,340.4918755691935,336.4264438469229,336.90472993189593,3832400
2022-12-22,334.71417236328125,336.9525477437305,329.3860583566191,336.69428376638615,6458200
2022-12-23,336.5890197753906,336.66556189097173,332.2653243974978,333.7766954691916,4572000
2022-12-27,335.24981689453125,336.7516420611193,333.70017480101257,336.4838030473292,4303200
2022-12-28,331.1365661621094,336.90469457382954,330.87827302028154,335.20199745771396,4464600
2022-12-29,337.00994873046875,337.794344938946,333.33671499334645,333.7576090958334,4086600
2022-12-30,336.0820617675781,336.2255417542249,332.6575462531242,334.59938658511885,5325400
2023-01-03,334.7906799316406,339.6213868404954,332.11228956858895,337.8421474482596,4957300
2023-01-04,337.20123291015625,339.162193995203,334.0349816640441,336.8090348546943,3119100
2023-01-05,333.5184326171875,335.56548173567927,332.94448351748173,335.49854387465365,3216500
2023-01-06,341.10406494140625,342.1371792276601,333.59496760490447,336.3212041146237,3464800
2023-01-09,340.8553466796875,346.020859724043,340.7501377538344,343.15114322929696,3775300
2023-01-10,343.2850341796875,343.36157629743406,339.5448336640339,340.38662180565865,3495700
2023-01-11,347.66619873046875,347.72359073054804,344.0407817000288,344.7582108932883,5710500
2023-01-12,348.967041015625,350.24884403674525,344.93988093061745,348.65138508933717,4743500
2023-01-13,350.3254089355469,350.80369498314855,345.77211642085445,345.97298838701334,3015200
2023-01-17,349.7897644042969,351.7507257104006,349.02448913946955,350.2871714322348,4942000
2023-01-18,344.107666015625,351.693275188744,343.9641568576683,350.74627822289455,3931800
2023-01-19,341.6302185058594,343.75378082113724,340.3962321615683,342.22328861469566,3569900
2023-01-20,347.9148254394531,348.10615153367627,341.3814509326461,342.88327611473403,3265100
2023-01-23,352.15240478515625,353.9316145650097,347.8573769630774,348.6800440039327,3243300
2023-01-24,351.7794189453125,352.60205700724083,349.5506186120916,350.65067077985753,2702400
2023-01-25,351.90374755859375,352.1715865779441,345.95386795020977,347.9817961241855,3061700
2023-01-26,355.6630554199219,355.9021984350071,351.64544108958563,354.3716773000093,3460900
2023-01-27,356.6770324707031,358.79104862728644,354.65867936209366,354.78303840523336,5549500
2023-01-30,352.21942138671875,356.1222520865424,351.8846152974681,354.07517368366393,3280600
2023-01-31,357.22222900390625,357.31789203673156,352.33413119144393,352.60197016799947,4181700
2023-02-01,361.13470458984375,363.65049416814315,353.7021490414326,356.2657555532346,4941700
2023-02-02,366.309814453125,367.71597696153003,362.9235401934876,364.69320486209233,5207900
2023-02-03,362.39727783203125,366.55837152364927,361.38331393192766,361.80420791222633,6472500
2023-02-06,360.302490234375,361.5173264254954,358.7336978059042,360.2259481103063,2880100
2023-02-07,364.95135498046875,366.1279491014264,358.35101372865375,359.4702158624683,4504600
2023-02-08,360.95294189453125,364.38703250811113,360.36944687864144,363.2008923497343,2921500
2023-02-09,357.8631591796875,364.4539546821574,356.75356127982,364.42525868806194,3327700
2023-02-10,358.7336120605469,359.08756821329376,356.03610127336515,356.80134717753896,3256700
2023-02-13,362.8756103515625,362.9616983323613,358.9058422115533,359.33628211554736,2980600
2023-02-14,362.7417297363281,364.85577528149037,359.14503817507534,361.54601450627695,4718000
2023-02-15,363.95654296875,364.00435989419736,359.9867456197051,360.7711417044246,2820200
2023-02-16,358.89630126953125,362.9521577759257,358.80063821768397,359.34589134017517,3077500
2023-02-17,357.9684143066406,358.18843640000927,355.1943610405481,356.97357114359045,3285300
2023-02-21,350.8610534667969,355.21344440742024,350.56451848098357,354.3142643884182,3109200
2023-02-22,350.4210510253906,352.5924884155751,348.9957679115709,351.2341431638721,3872000
2023-02-23,352.18115234375,353.52034740515023,348.31659300176966,353.0420613694885,2867200
2023-02-24,348.4122314453125,349.17747737143065,346.0208014358672,347.53217235724185,4055000
2023-02-27,349.61749267578125,352.7550476836818,348.7565837099554,351.53063668528796,3300100
2023-02-28,348.2974853515625,350.9280588684958,348.24009335566524,349.15842367455383,3022200
2023-03-01,347.02520751953125,348.680087677097,345.7529795362034,347.5608855327496,3764700
2023-03-02,349.61749267578125,350.44970564915496,344.8729037060377,345.1407426996781,2727200
2023-03-03,355.1560363769531,355.52911345388543,350.774949641838,351.33932359554166,4913600
2023-03-06,355.5865173339844,358.17881926021096,355.17516919103036,356.09349932239417,2638300
2023-03-07,350.0862731933594,355.7396178966696,349.5218991485223,355.49089980521916,3546100
2023-03-08,350.6315002441406,351.3489293368723,348.61314707554254,350.2106061743569,2906300
2023-03-09,344.2128601074219,352.86027903892165,343.2658631823423,351.3967250673167,4409600
2023-03-10,339.2769775390625,345.55208803388484,337.8038775577186,343.7250318622632,8360400
2023-03-13,338.7030029296875,343.0936941249886,334.5706340512303,335.52720605691906,6478700
2023-03-14,344.32763671875,345.81034078145416,340.18569295042926,343.2945518400306,4798800
2023-03-15,342.2040710449219,342.3380051423367,337.2586099631763,339.0665159324437,6610400
2023-03-16,348.05828857421875,348.44094074415153,339.57349924744784,340.09963138497443,5016700
2023-03-17,344.25115966796875,347.99135994785223,342.85457262590836,347.0060918878915,5189900
2023-03-20,347.36004638671875,347.79048633500133,344.1937949339805,344.81556098745426,3099800
2023-03-21,351.90374755859375,352.4107296020877,349.0340312688702,350.5071604714288,4117600
2023-03-22,346.06866455078125,355.09870780711543,345.95388056576877,351.80809733952253,4094800
2023-03-23,346.8913269042969,352.2959535328633,344.48074648374535,348.65141609844915,4787200
2023-03-24,349.2032470703125,349.27048985032144,343.59386843194494,345.76463186539905,3740400
2023-03-27,349.779541015625,351.95988950894656,349.0495435850605,351.28754968141453,4144800
2023-03-28,349.1648254394531,349.81799496734715,347.397489338151,349.1840544126748,2413700
2023-03-29,354.1306457519531,354.37077339537103,351.82542623763277,352.891578904429,3636100
2023-03-30,356.24383544921875,356.81053325722087,354.52451305081365,356.57040557692534,3316700
2023-03-31,361.2192687988281,361.47859613736324,356.97379857426233,357.09866965622905,4159800
2023-04-03,362.650390625,362.98657520753477,360.40279927134924,360.76779800024656,3525300
2023-04-04,360.60443115234375,363.4571483608975,359.3557792925193,363.25544937391567,2713300
2023-04-05,359.7304382324219,360.594921267742,358.16483049474795,359.91293760099313,3227700
2023-04-06,361.1039733886719,361.3344865537029,358.00151358449494,358.91401038350506,3076200
2023-04-10,361.49774169921875,361.52658515608886,358.2320116449939,358.79870936010576,2671100
2023-04-11,361.5458679199219,362.84256334152093,360.85429898256655,362.0165088243502,3069000
2023-04-12,360.10498046875,363.66846607174875,359.5382828142264,363.4571525978202,3624200
2023-04-13,364.77313232421875,365.15736004822276,360.61413395526057,361.06557514975134,2680900
2023-04-14,364.0238952636719,366.2714865029415,361.8435467999788,364.2928370535215,2981700
2023-04-17,365.2629699707031,365.3013986022096,362.7656365470138,363.8798323610431,2721000
2023-04-18,365.5126953125,366.8382045702254,364.2640140018002,366.7613473107439,3019300
2023-04-19,365.4934387207031,366.27144986753717,363.71651777574493,363.7741460597731,2671300
2023-04-20,363.428466796875,365.0613468822686,362.05494338752277,362.8617689422289,2953200
2023-04-21,363.6397399902344,364.12960982398147,361.9396466149653,363.7261824351674,2762300
2023-04-24,364.1199951171875,364.4849938705465,362.33345929806416,363.5340976643976,2310400
2023-04-25,358.3665466308594,362.7849016960705,358.2896893601822,362.2854173740494,3795400
2023-04-26,356.7720947265625,359.8841399968991,356.33026801456094,358.90442964094945,3766900
2023-04-27,363.85101318359375,364.15838360648013,358.9140040079806,359.12531750965786,4302400
2023-04-28,366.9631042480469,367.030347032594,363.0730476058258,363.1114762416329,3386900
2023-05-01,366.71331787109375,368.49026818702157,366.4539612719725,366.65568958516786,3069300
2023-05-02,362.6024475097656,366.06026299721924,359.8746003099596,366.0122491814072,4311600
2023-05-03,360.0762634277344,365.18618749346757,359.8073215986148,362.9866097370311,5513000
2023-05-04,357.4444274902344,359.3366052255856,356.27260338987907,359.07727791698704,4421500
2023-05-05,364.0047302246094,365.08049748632277,360.60451424119003,360.902270204255,3139400
2023-05-08,364.20648193359375,364.6291090350289,362.9578296054668,364.42740997240054,2957600
2023-05-09,362.63116455078125,363.63007442689315,362.4294362284794,362.79443493079015,2271000
2023-05-10,364.2160339355469,365.7912561513571,360.8062328697224,365.2629870214267,3512900
2023-05-11,363.7070007324219,363.91831426795653,361.79559373767313,363.524501346621,2676600
2023-05-12,363.2171325683594,365.00369779756795,360.998355091129,364.8500125607841,2531000
2023-05-15,364.475341796875,364.84034051259323,362.0260515071234,363.783772996687,3882600
2023-05-16,362.064453125,364.30242974459645,362.0260244966186,363.4475906221811,2275300
2023-05-17,366.3868103027344,367.00152189493815,362.38146787302185,363.8894766743435,3222600
2023-05-18,369.969482421875,370.3440956426111,365.95455496927565,366.204297116433,3340600
2023-05-19,369.383544921875,371.27575185570964,368.2981633230952,370.7762676155885,3649000
2023-05-22,369.5852966308594,370.9780488356365,368.32702999066356,369.47004003976656,2784000
2023-05-23,365.455078125,368.94170692791533,365.070850440833,368.0580536042276,2887300
2023-05-24,362.7176208496094,364.2736433242445,361.69948196342943,363.9470732392865,3611600
2023-05-25,365.87774658203125,367.1840270563405,363.9567251933693,365.9449600531647,3315900
2023-05-26,370.63226318359375,371.3046324059515,366.4732647044661,366.56932163801156,3042800
2023-05-30,370.74749755859375,372.92787550080163,369.5660882154185,372.44762017431833,3968500
2023-05-31,368.73046875,369.9503067933193,367.3185168406248,369.1338668312726,4205300
2023-06-01,372.2651062011719,373.2256168164573,367.8467515083673,369.02819011765314,3563600
2023-06-02,377.7304382324219,378.4027781188735,374.15733734133767,374.6759920019679,7368900
2023-06-05,377.00042724609375,379.1807758524587,376.31847289728984,377.99936652195396,3481200
2023-06-06,377.7784423828125,378.23949804848917,375.9534780055879,376.56818958069795,2894700
2023-06-07,376.53936767578125,379.1711867418314,376.07834133206194,378.12423366969114,3942900
2023-06-08,378.796630859375,379.14242998196255,375.83827056038814,376.48179636671915,3455400
2023-06-09,379.4305419921875,381.25550646615824,378.5180450989719,379.44974165376976,3060100
2023-06-12,382.91717529296875,382.9459894396729,379.68984429981157,380.34301381253647,3792700
2023-06-13,385.4433288574219,385.98121247909256,383.6279496499391,384.22346156589884,3913100
2023-06-14,385.7411193847656,387.5084556304201,382.7251015885392,385.7507045597002,5161300
2023-06-15,390.68768310546875,391.8210785684863,385.0591051090731,385.16474720416215,5285000
2023-06-16,389.24700927734375,392.618411630962,388.9012394525952,392.5511688386618,5141900
2023-06-20,387.4507751464844,388.3536574662668,385.41449734015214,387.5564172437669,4242900
2023-06-21,385.3280944824219,387.1434444820979,384.8478391273543,386.42306144949646,3423500
2023-06-22,386.73040771484375,386.81685015585214,384.15624620773167,384.4732018247624,3141000
2023-06-23,383.8296203613281,385.43368593391807,383.1764801992674,383.5606785703351,4215300
2023-06-26,382.2447814941406,385.03025630843774,382.02388282112616,383.28214933357543,3250700
2023-06-27,386.4806823730469,387.0185660154629,382.65786857962297,383.0516521682996,4302400
2023-06-28,386.65350341796875,387.5563856641809,384.8861675543603,385.5009083655921,4320700
2023-06-29,388.1346435546875,388.28893279682694,385.8974936851619,386.2928543504572,3914800
2023-06-30,392.7343444824219,393.6407755464173,390.8154250349505,390.9214823544311,5173700
2023-07-03,393.48651123046875,393.48651123046875,392.1557919488246,392.3872405810699,2372000
2023-07-05,392.6090087890625,393.27436843205294,391.50973813608107,391.50973813608107,4230100
2023-07-06,389.40753173828125,389.9089792009588,387.2186135096227,389.3593292181013,6040300
2023-07-07,388.50115966796875,392.15578203438304,388.3275658412558,388.6361443913341,3673200
2023-07-10,389.5426025390625,389.677587271801,387.7008128142093,388.2504628770148,3362300
2023-07-11,392.0400695800781,392.46435772642843,389.3497037038275,390.31398959504725,3177800
2023-07-12,395.12579345703125,396.446860410394,394.1904349719418,395.5404293247333,4246400
2023-07-13,398.3465576171875,399.0311924462587,396.4469129956086,396.8422737920226,3273400
2023-07-14,398.0282897949219,399.8990068395308,397.3629301539181,399.15651727287155,3680900
2023-07-17,399.4168395996094,400.41970513819774,397.8932808822369,397.9125560055614,2963700
2023-07-18,402.4447326660156,403.0040055487562,398.77080568266217,399.1275867629225,3594000
2023-07-19,403.31256103515625,404.3925564901706,402.5796943645383,403.13899664295803,3494900
2023-07-20,400.6800537109375,403.2257825304933,400.00507125920876,402.3964813807279,4085000
2023-07-21,400.7283020019531,402.3964977897157,400.6415198015207,402.2132811129127,3176700
2023-07-24,402.4254150390625,403.1679340034835,401.1622028851811,401.702200626031,3471100
2023-07-25,403.61151123046875,404.6625793491084,402.17473463040545,402.1843574787633,3949300
2023-07-26,403.7078857421875,404.8939678383673,401.7021548524363,402.70502029731193,6138800
2023-07-27,400.9693603515625,407.0732770035006,400.10150894798085,406.7261482131358,4149400
2023-07-28,404.8747253417969,405.59793978326127,403.22580465500585,403.96829422094777,2701200
2023-07-31,405.65576171875,405.9354128532072,404.08397108488407,405.308632940253,3452100
2023-08-01,404.40216064453125,405.0771430097624,403.60178699629665,404.2864510635011,3118000
2023-08-02,398.7997741699219,401.8179941044197,398.13441446555197,401.586545450069,4973700
2023-08-03,397.6714782714844,399.3975581810693,396.40826616341445,396.9771912830463,3022300
2023-08-04,395.7236633300781,401.2683074089185,395.3861573701797,399.35901067998225,5717300
2023-08-07,399.29150390625,399.4457931859687,396.9386733166356,397.56545328396885,2598000
2023-08-08,397.5654296875,397.9993406725135,394.51828280617144,397.05435935337124,3780100
2023-08-09,394.92327880859375,397.9897303374452,394.2482963347949,397.92222326176426,3145900
2023-08-10,395.1546936035156,400.22681699545274,394.02646624826593,397.0928880869087,4588300
2023-08-11,394.78826904296875,395.7525548823758,392.79219029275566,393.3804199571816,2918900
2023-08-14,397.0158386230469,397.0351137493528,393.7276197859584,393.96869128931377,2772900
2023-08-15,392.4643859863281,397.00616462126203,391.89546080086274,395.4440260734295,4686100
2023-08-16,389.5618591308594,393.534712410047,389.44614952896785,392.06900840663604,3353700
2023-08-17,386.4086608886719,391.0950764055293,386.0711549260288,390.8540049218801,7102500
2023-08-18,386.7654724121094,387.6622513392141,383.6411951550097,383.949773741005,4157700
2023-08-21,389.32073974609375,389.94754905866375,385.7046679935772,387.77790600715383,3292400
2023-08-22,388.2311096191406,390.92147536428246,387.70076417588297,390.8732728431385,2646100
2023-08-23,392.4161376953125,393.1104246831219,389.06041234962214,389.1471945446397,3250000
2023-08-24,387.1993713378906,394.47006588877343,387.0643571856283,394.00722748712093,3458800
2023-08-25,389.764404296875,391.3072383204006,385.4347402424137,388.6843792816653,4417800
2023-08-28,392.3293151855469,392.88861744147573,390.6321921506277,391.8471722748272,3236700
2023-08-29,397.90289306640625,398.23074669590443,392.0496713973961,392.25216316874304,3482700
2023-08-30,399.56146240234375,400.207546856632,397.67147041524913,398.27897519658944,3004500
2023-08-31,399.0504455566406,401.25866864300707,398.8865334230693,400.15939795188353,4751100
2023-09-01,399.89898681640625,401.99150011246695,398.4525580045034,401.58648709695956,3588000
2023-09-05,398.1536560058594,399.66759198390247,398.02829412609293,399.40724537585237,4426700
2023-09-06,395.4054260253906,397.41115719972004,393.26471012591304,397.38222979949757,3744100
2023-09-07,394.22894287109375,394.80752022518755,392.32929870554705,392.6282543710899,2245800
2023-09-08,394.7690124511719,396.16720932734444,393.9011316128312,394.2193624342681,4124400
2023-09-11,397.3629455566406,397.65224900132256,395.63689487569536,397.1701060211915,3346600
2023-09-12,395.2318115234375,397.43038194466357,394.67253871414033,396.0321852075872,7595300
2023-09-13,395.6947326660156,396.7072211096896,394.3832885140558,395.3861541093579,2529700
2023-09-14,399.117919921875,399.7061496111744,396.7265097727318,397.9318671229595,3660900
2023-09-15,394.14227294921875,397.931939512761,393.89157858558167,397.6137086349149,4004000
2023-09-18,394.576171875,395.6850948365755,393.582958519478,393.9879421406653,3014600
2023-09-19,393.7854919433594,394.20978016217356,391.2204875033189,393.64085492050793,3623300
2023-09-20,390.10186767578125,395.20294856977193,389.88972359055845,394.83651520187146,4009400
2023-09-21,383.7087097167969,387.6911862984512,383.48691333610117,387.45011479113276,4633100
2023-09-22,382.7829284667969,386.03256729097,382.39721998644376,384.55721101855795,7204200
2023-09-25,384.3739929199219,384.4029497478203,381.2497159846366,381.6258016152687,3227900
2023-09-26,378.7329406738281,382.2043463824432,377.9614942948367,381.5872187069204,5734700
2023-09-27,378.8196716308594,380.3046799603293,375.5411058897308,379.77430512882825,4837700
2023-09-28,381.029541015625,382.607298258641,377.8255515031792,378.34826057837284,4065800
2023-09-29,380.1197509765625,384.03030711093584,378.764576759369,383.9141560728766,5766600
2023-10-02,380.0906677246094,381.14574558061804,377.47715152133054,379.3453160863752,5886200
2023-10-03,374.97979736328125,379.3743351065219,373.6633502279982,378.06757706941846,6886700
2023-10-04,377.73846435546875,378.3289380726889,374.02148414815,375.30889350048824,4333700
2023-10-05,377.4190979003906,378.2709115135311,374.55393082522994,377.3997492418871,3329100
2023-10-06,381.92010498046875,383.4010896165817,374.03119950653445,375.2701929959627,4897200
2023-10-09,384.46588134765625,384.94986367221685,379.74220913355475,380.1874646009682,2959500
2023-10-10,386.45013427734375,388.8119700006763,384.65942359934866,385.0272252927125,3289600
2023-10-11,388.0860595703125,388.2409374589195,385.24024113952447,387.44719935728494,4181800
2023-10-12,385.75323486328125,388.92815751294034,383.5075794817674,388.6184312968267,3872900
2023-10-13,383.7204895019531,388.1150269419707,382.3072401021889,387.0018737056655,3769800
2023-10-16,387.73760986328125,388.7346122787003,385.5790380431303,385.8016805486861,5150900
2023-10-17,387.7472839355469,389.60578914469187,384.5820500220907,384.89180581360455,4214600
2023-10-18,382.5589599609375,387.0019138089827,381.5909953873346,386.11140294363133,7329300
2023-10-19,379.3163146972656,384.8627629520213,378.609719385919,383.2849757960996,6708900
2023-10-20,374.5926513671875,379.2679374301103,374.44746256956785,378.8420305971336,7549600
2023-10-23,373.9344177246094,377.4481340942876,371.5532329813317,373.13102007096126,5537100
2023-10-24,376.7318420410156,377.7578821753504,374.16671216524276,375.8413015927577,4451500
2023-10-25,371.417724609375,375.2605456276612,370.84662898448335,375.1831214496836,5471200
2023-10-26,366.8585510253906,371.11758898155114,366.03577528001205,370.37226693970115,6959400
2023-10-27,365.2323913574219,368.68803189298336,363.9062846493606,368.33954929396793,5638800
2023-10-30,369.626953125,370.53684222486777,366.5778705005194,367.7394398526719,5795800
2023-10-31,371.8630065917969,372.1630732814019,368.3686387129378,370.1013037728693,4523200
2023-11-01,375.95745849609375,376.6156673586068,372.2985533557359,372.7534979159892,5549200
2023-11-02,383.1009826660156,383.2268227754463,379.36465393333344,379.37431349102917,4752200
2023-11-03,386.6438293457031,388.00866314296263,385.0950798888169,385.1725336086276,5981400
2023-11-06,387.3890686035156,387.89242905469814,385.69513070958317,387.3019553423339,4007100
2023-11-07,388.48291015625,389.1604971942073,386.44051902344114,387.4375213827618,3358600
2023-11-08,388.8023681640625,389.60576581400755,386.75994742225816,389.1120943970909,3731900
2023-11-09,385.86944580078125,389.97360650171305,385.4531985471045,389.90584188600553,4145600
2023-11-10,391.8901672363281,392.1321584069893,386.35343760994124,387.75696867581325,3992800
2023-11-13,391.4933166503906,392.4999786231437,389.9155295358684,390.6608516860689,2872900
2023-11-14,399.0143737792969,400.263056400707,396.7590292295573,396.9042180134572,6973100
2023-11-15,399.88555908203125,401.4343084594549,399.15958558073305,400.2921172403307,4414800
2023-11-16,400.4469909667969,400.6889821313792,398.5594480670799,399.51772362604606,3798900
2023-11-17,401.037353515625,401.5019870913287,399.64348232844486,400.6792113914065,4696200
2023-11-20,404.05743408203125,404.8027856893643,400.71797411621816,400.7276336745408,3517600
2023-11-21,403.00244140625,403.4864237823742,401.99574979272865,403.0605169281897,5248200
2023-11-22,404.7447204589844,405.8772224662633,403.69930217848986,404.6769558493361,3692800
2023-11-24,404.9673156738281,405.0834666910343,404.4542956545456,404.79308914801896,1351300
2023-11-27,404.26080322265625,405.1222764698964,403.86393413934275,404.4059920238833,3632600
2023-11-28,404.6575927734375,405.8191621196289,403.3605237428206,403.8832329026003,3382400
2023-11-29,404.396240234375,407.6292383802558,403.9993712125841,406.60319829072205,4092600
2023-11-30,405.96435546875,406.25476257853177,403.2250285934172,405.13192007523446,4405700
2023-12-01,408.3455505371094,408.83922195832724,404.8512123514523,405.41261884739805,4973600
2023-12-04,406.29345703125,406.419297157275,404.1252257518518,405.23837914833086,5806100
2023-12-05,406.1676330566406,407.0000980173287,404.60922414758636,404.938328584158,3419300
2023-12-06,404.4737243652344,408.16169713106115,404.0865443846045,408.1035920710246,4201800
2023-12-07,407.638916015625,408.16162514425235,405.84817568861064,406.3611957189509,3248300
2023-12-08,409.3716125488281,409.8071789064849,406.69033162975114,406.9032850290287,5125300
2023-12-11,410.95904541015625,411.104234191179,408.6940118063955,408.87792744233604,5247100
2023-12-12,413.00146484375,413.00146484375,409.7103616039622,410.6299397809503,5982600
2023-12-13,418.6253356933594,418.7511462762663,412.8465859208396,413.20472809204483,8659100
2023-12-14,419.8546447753906,421.41305360046,417.42504417935777,420.30958931847374,8349100
2023-12-15,419.21575927734375,420.33860168905414,418.3929835099772,419.31256163937513,5326000
2023-12-18,421.5873718261719,422.41980732477396,420.53229380262434,420.7162094667229,4280500
2023-12-19,424.15240478515625,424.18144254117186,421.9841735628283,422.0712868308752,4061500
2023-12-20,418.030029296875,425.04757759493594,417.845354631517,423.2980624789471,5783200
2023-12-21,422.1025695800781,422.45249042349946,418.77845504590016,420.98482208981403,4621600
2023-12-22,423.084228515625,424.59075376712093,421.32498432058213,423.2494450080611,4037800
2023-12-26,424.8434753417969,425.6404891980363,423.36607801572427,423.4535804673769,3835800
2023-12-27,425.62109375,425.7377241535941,424.1826125565362,424.6491341709126,4271000
2023-12-28,425.6890563964844,426.53465632221645,425.38775135770277,425.9612038399596,4703700
2023-12-29,424.5518798828125,426.0487057551888,422.7440495265199,425.59188362292423,4376900
2024-01-02,421.84014892578125,423.0647977165465,420.23639203331885,421.7429470441396,9076000
2024-01-03,418.71038818359375,420.85841010073085,418.1855218148717,420.19748484343427,4805000
2024-01-04,417.3885498046875,420.64461997498626,417.17471753393164,418.2633073989254,3945300
2024-01-05,417.9231262207031,420.17804955438714,416.6207041444514,417.5440478054694,5724600
2024-01-08,423.90069580078125,424.0367547047961,418.3021996640071,418.37997303360095,7222400
2024-01-09,422.8704528808594,424.19230364474805,421.0140065618687,421.4610996541426,7939600
2024-01-10,425.6598815917969,426.437437209762,423.268869887801,423.55071674375216,4278800
2024-01-11,425.5141296386719,427.0400834096384,421.8303950722397,426.63187705730013,4796600
2024-01-12,425.7084655761719,427.4677096240855,424.48381696706366,426.7970553006438,5182700
2024-01-16,424.26031494140625,425.6988256565868,422.54965675706717,424.54219149720063,5730800
2024-01-17,421.8984069824219,422.2969138798858,419.7017693345926,421.4415848962409,6044600
2024-01-18,425.65020751953125,426.0973302364027,421.9859309619678,423.3660968115119,4331300
2024-01-19,430.8599548339844,431.17095934525145,426.0195856235769,426.6902400823036,4836800
2024-01-22,431.841552734375,433.41615188991824,431.2389426478342,432.2983748422119,5870400
2024-01-23,433.12457275390625,433.3189765119629,431.3361708948109,432.35671646998605,3251600
2024-01-24,433.4841613769531,436.59444330779195,433.2509006137866,435.74884337946645,4568200
2024-01-25,435.923828125,436.17654708237154,433.6008307229449,435.5739369488081,4167100
2024-01-26,435.6614074707031,436.90551441597916,434.6214037104745,435.53504799267637,6404000
2024-01-29,438.8299560546875,438.94658644105516,435.1559505748661,435.6613884649233,4543300
2024-01-30,438.5189208984375,439.140959469495,437.80937988187816,438.19815769651984,3410000
2024-01-31,431.3750305175781,436.86659522691673,431.306986240342,436.4486598013469,7108000
2024-02-01,437.0513000488281,437.0513000488281,432.1817735988637,432.8621570944858,6138400
2024-02-02,441.5417175292969,443.0968585104143,437.0804274176228,437.3914615462157,6253500
2024-02-05,439.92828369140625,441.4153804707957,437.9066210766093,441.0071741104096,7101900
2024-02-06,441.2987365722656,441.5514555145718,439.529763299818,440.8613429662508,4383600
2024-02-07,444.92413330078125,445.33233962793093,442.5039342852951,443.3592632817845,6763400
2024-02-08,445.2254638671875,445.47815314929886,444.2146177531983,444.9727449232282,4184600
2024-02-09,447.7525634765625,448.1024546335249,445.32266490260855,445.68228514565806,4002600
2024-02-12,447.5484619140625,449.7645283818911,446.85837897615465,447.6942499063177,4564200
2024-02-13,441.2404479980469,442.9219485830995,438.3537271450082,441.7361568265215,8152200
2024-02-14,445.43927001953125,445.8086193277156,441.6583338152556,443.77719813270176,5624000
2024-02-15,448.4523620605469,448.598150038261,445.5753408783692,446.03216298310474,5695700
2024-02-16,446.1585693359375,449.19107823845206,445.5462301033432,448.1510744517237,5527900
2024-02-20,443.7092590332031,445.21578445524534,441.687566579658,444.6131742864285,5306800
2024-02-21,444.1563415527344,444.3021295478758,440.880842727205,442.55261428247775,4208600
2024-02-22,453.4871520996094,454.2258211512874,449.3563242149013,450.2310818345871,4328500
2024-02-23,453.6911926269531,455.72258414673394,453.02053829005825,454.96445702613704,4050600
2024-02-26,452.0292053222656,454.47853254898746,451.9028458431759,454.0897546869149,3450800
2024-02-27,452.86505126953125,453.04972593465556,450.90170389413066,452.6512190079056,3586900
2024-02-28,452.16522216796875,452.7678322474069,451.09606090033014,451.46541021659135,2800600
2024-02-29,453.8370056152344,455.3532599400039,451.445993743382,453.8758922974162,7332900
2024-03-01,458.2108154296875,458.5412780681457,454.32297780757153,454.7117556374137,4839400
2024-03-04,457.6665344238281,459.34803492468484,457.404116054637,457.4138154789306,3970200
2024-03-05,453.0788879394531,456.21832761526434,451.04749626516883,455.8003921740631,4616500
2024-03-06,455.4796447753906,457.462450411218,454.2161093216683,456.0919839910027,5325100
2024-03-07,459.9895324707031,460.89344762792433,457.57906238959856,458.4052338431026,7149800
2024-03-08,457.20001220703125,462.94426635715894,456.6459882110379,460.4852101766343,6285600
2024-03-11,456.8209228515625,457.2680158749936,454.2841230283075,456.0433671880434,5323900
2024-03-12,461.70989990234375,462.2153081419701,456.40300956979655,458.68712022725464,4811000
2024-03-13,461.01007080078125,462.1375472890502,459.6396044571573,461.9820302222013,3544500
2024-03-14,459.9992370605469,462.0014711495382,457.25833396147954,461.8362546540909,5153000
2024-03-15,456.8306579589844,458.5510154596663,455.5768219978242,457.21943579586843,6807100
2024-03-18,459.6882629394531,461.9529155505798,459.2508692944326,460.6602224511874,3939100
2024-03-19,462.263916015625,462.3999749131874,458.07477319837346,458.9592598489975,4550200
2024-03-20,466.2975769042969,466.5599952948461,461.61272492734184,462.2056356551239,6179400
2024-03-21,467.8526611328125,469.68964896684025,467.7165725797047,469.0870388872984,5044700
2024-03-22,467.2413024902344,468.3529138624443,466.8902861141077,467.9141136350483,5881500
2024-03-25,466.0321960449219,466.86102436866435,465.65189855533623,465.8274364967342,6081300
2024-03-26,464.7255554199219,467.42653038089605,464.55977786301696,467.12425638645345,8073500
2024-03-27,468.78192138671875,468.88916646405994,465.5543920918854,467.5630650138289,4951400
2024-03-28,468.7234191894531,470.14703510256624,468.52839026667675,468.8891669923009,4065000
2024-04-01,468.1091613769531,469.9520569401305,466.9000354881642,469.44502334627634,5734000
2024-04-02,465.04736328125,465.1058660109081,462.88267301218787,464.46230622743144,4817800
2024-04-03,465.4666442871094,466.87076931797674,463.9357831797264,463.98452553552175,6224800
2024-04-04,459.7331237792969,469.4839745697162,459.5283344874888,469.2109519378739,6871200
2024-04-05,464.6183166503906,466.41246976729684,460.6497426793459,461.0690221548606,5588200
2024-04-08,464.8035583496094,466.15894092215063,464.1112562606006,465.26184953692183,4736800
2024-04-09,465.3788757324219,466.6757556373485,460.96174122259197,466.4612357154859,5250400
2024-04-10,460.8739929199219,462.5706613258709,458.94334335614315,460.1524394269733,6933400
2024-04-11,464.1990051269531,465.5348669378354,458.9433119705731,462.17084123484983,5109900
2024-04-12,457.8706970214844,462.2390590290112,456.25205225718315,460.99095134725576,6959700
2024-04-15,452.0592041015625,461.7905644388149,451.31815963560854,461.67355898404514,9530000
2024-04-16,451.2498474121094,453.91184024728693,450.08949384989614,452.4881946832666,6761400
2024-04-17,448.5293884277344,453.6485852347036,447.3008014289822,453.52181940975424,7156200
2024-04-18,447.50555419921875,451.7569109139792,446.7937313699373,449.8652434562048,5637300
2024-04-19,443.7612609863281,448.48066957623485,442.5911468948112,447.55432677401416,9787500
2024-04-22,447.6128234863281,450.22607428795857,444.00502630758,446.1501957702104,5818100
2024-04-23,453.2585754394531,453.5413584636596,449.19248704698526,449.6897602362428,4257400
2024-04-24,452.927001953125,454.69190349834855,450.9183291474315,453.9703500896724,7687800
2024-04-25,451.0549011230469,451.9129808647712,445.8674704469441,447.3398288718567,4876200
2024-04-26,455.5695495605469,456.9541836425966,453.2293510237727,453.7363846169481,4907100
2024-04-29,457.1589050292969,457.72447106411136,454.5944263972696,457.1589050292969,3253200
2024-04-30,449.93353271484375,456.67137465861595,449.86526961274456,455.774312986479,4364800
2024-05-01,448.47088623046875,455.43300817962495,447.9931040502374,449.2899541496808,6115400
2024-05-02,452.6539611816406,453.3657839462751,447.7200334481435,451.81537260548725,3972400
2024-05-03,458.2705078125,459.26508390580574,455.79378331673564,458.0559878993671,4586900
2024-05-06,462.8924255371094,462.98017963010847,460.06468454171284,460.45471265189906,4782500
2024-05-07,463.55548095703125,464.7646067951639,462.8826698133752,463.8480243605378,3451300
2024-05-08,463.57501220703125,464.0040223121988,461.702835556784,461.7905896526527,3214900
2024-05-09,466.2369079589844,466.2369079589844,463.106893298952,463.74069262627086,3486000
2024-05-10,466.812255859375,468.42117016497644,465.69091388671137,467.73859865610086,3347200
2024-05-13,466.841552734375,468.4504671968238,465.82748550327096,468.38220408783405,3108400
2024-05-14,469.054931640625,469.4742110800933,466.55871623542714,467.0462587717116,3257700
2024-05-15,474.7689514160156,475.0907461780993,470.71259363966624,471.29765067844266,4399500
2024-05-16,473.8621520996094,476.3973795510761,473.7256258892108,474.91523101412463,3347400
2024-05-17,474.5641784667969,474.6031902035436,472.6237686042647,473.97912144454125,3274000
2024-05-20,475.0321960449219,476.43629113773403,474.33013361989873,474.65189859263535,2599600
2024-05-21,476.30963134765625,476.40711606230303,474.2326951011708,474.40820329622164,2453600
2024-05-22,474.9249267578125,476.26078852833405,472.8577511925762,475.63674956393936,3250600
2024-05-23,471.3951416015625,477.7819370830333,470.2737996916326,477.703943368469,3811300
2024-05-24,474.6031799316406,475.2564702825184,472.262951893268,473.09178017708865,2555200
2024-05-28,474.98345947265625,475.5002533965972,472.4579925796439,475.2564821162999,4034700
2024-05-29,471.638916015625,472.6042407456172,470.9270931775811,471.1513734639544,5605000
2024-05-30,468.4698791503906,470.7223233091055,467.2607831710937,470.1080149463223,3386800
2024-05-31,472.5457763671875,472.82855940213034,464.60859845565005,469.2499836892826,5334000
2024-06-03,473.06256103515625,474.2911778632605,468.4309065093676,474.18390302153125,4211300
2024-06-04,473.6378479003906,474.2911680394703,470.53708428698235,471.94120927366475,2560300
2024-06-05,479.30303955078125,479.30303955078125,473.94983220303067,475.7147337450054,3026100
2024-06-06,479.19586181640625,479.9174153251468,477.4407204005149,479.58588993580014,21344000
2024-06-07,478.57177734375,481.2337705026539,477.34319029576415,478.3280060574589,3063600
2024-06-10,480.14166259765625,480.4146852381735,477.3626640826414,477.9574814735186,3461900
2024-06-11,481.2337341308594,481.36049995130765,476.9238450217915,478.7570097173072,4028400
2024-06-12,485.2413635253906,487.68880689186335,484.3345117667459,485.52411677922635,3698800
2024-06-13,486.15789794921875,487.0062469506849,483.70069430138585,486.8599603853474,8808900
2024-06-14,486.5479431152344,486.6064458369527,483.92496198167345,484.87079565909767,5812000
2024-06-17,490.4093322753906,491.61842835030205,485.5046551156365,486.06046079803457,4609500
2024-06-18,491.7159423828125,491.79393610228334,490.10705782324305,490.5165769256307,3431700
2024-06-20,490.3507995605469,493.13952866143234,488.70290336193796,492.5545014075653,4810900
2024-06-21,489.2781982421875,490.6823231608961,488.3713762447152,489.59023261461954,4338100
2024-06-24,487.96185302734375,491.8719539895773,487.96185302734375,489.5219952141698,7022800
2024-06-25,489.9900207519531,490.30202536694395,487.85458201270893,489.209934821387,6325200
2024-06-26,490.5361022949219,491.21864405774426,488.4104237717734,488.9759600756684,3202700
2024-06-27,491.296630859375,491.91093923012284,489.8047518549455,490.4678025775285,3619700
2024-06-28,489.4021911621094,494.88207685347857,488.3062199964304,492.1812694359308,5598600
2024-07-01,490.52752685546875,490.9189408701463,487.90502010785656,490.7330139871538,4368500
2024-07-02,493.7077941894531,493.78606504401796,488.8933154019355,488.9716161194742,4210100
2024-07-03,495.9388427734375,496.2617809443911,493.40440226755067,493.40440226755067,2131100
2024-07-05,498.9039001464844,499.1583326882195,495.6257518596426,496.25203815838313,3156900
2024-07-08,499.3833923339844,500.24452108442506,498.3950771725253,499.5497589683548,3143400
2024-07-09,499.931396484375,501.0273676463413,499.5888980305169,500.2445097713836,3140600
2024-07-10,504.7458190917969,505.1078777749723,500.7141983013472,500.99798613260884,3446900
2024-07-11,500.4206848144531,505.70481883084165,499.87266935586837,504.9317858538417,5537800
2024-07-12,503.51287841796875,506.91827294953146,501.1839246960305,501.49706785559664,5238200
2024-07-15,505.0393981933594,507.98484308637353,503.307405402936,505.49934772537944,7771500
2024-07-16,507.906494140625,508.2588174793808,505.51883011054537,506.23321211679354,4164300
2024-07-17,500.81207275390625,504.06083579786605,500.5869955212603,502.5440953645252,4984300
2024-07-18,497.044677734375,503.160615090969,495.01907211475697,502.2407757234992,5055900
2024-07-19,493.72735595703125,498.2776370285527,492.7586010810688,496.7511015245622,4039400
2024-07-22,498.8549499511719,499.3735801912485,495.576801891983,497.36753502644467,4342900
2024-07-23,498.0232238769531,500.6750859327214,497.58286444547866,498.7277810495271,3116000
2024-07-24,486.6230773925781,493.87413557509984,485.8989301757388,493.60990799562876,6157400
2024-07-25,484.16693115234375,492.34762406178413,483.32539255027973,486.8775036964725,5646600
2024-07-26,489.597900390625,492.10301582378474,486.9949837124142,487.67015572748574,3636000
2024-07-29,489.9599304199219,491.98550594903355,488.07130648049167,491.05590149303805,3096200
2024-07-30,487.3961486816406,492.22042265797694,484.3039571017678,491.28099319938235,3817800
2024-07-31,495.0777893066406,497.73944647413737,492.51399311074556,493.6589097388313,5367600
2024-08-01,488.3257751464844,498.96260821147746,485.11613253923093,496.946797725012,6939200
2024-08-02,479.4013671875,482.9339178603365,475.3795117199654,481.8477418461309,8561200
2024-08-05,465.0069885253906,470.8586986217334,458.83234019426664,460.084883044408,15244300
2024-08-06,469.64520263671875,476.4167506626196,465.73100335974516,467.1499125428363,8255000
2024-08-07,466.38665771484375,478.070546015352,465.8973827604271,475.28170266555554,5976400
2024-08-08,477.2681579589844,477.7965534086052,469.3516927772094,471.16198621882876,4177200
2024-08-09,479.31329345703125,480.67346221627554,475.3990940671336,476.48527006360393,7661300
2024-08-12,479.5579833984375,481.7890761003158,477.51281757696364,480.40931708082894,3578100
2024-08-13,487.5233459472656,487.6897125729187,482.3468383859742,482.56212056230396,3247900
2024-08-14,489.0792236328125,490.1067189362642,485.8304606901785,488.21812481353066,3700500
2024-08-15,497.4751892089844,497.68067632068016,493.6686158688247,494.2557517652134,4279000
2024-08-16,498.52227783203125,499.16809451165864,495.78232008799654,495.9682469652443,3449300
2024-08-19,503.3171081542969,503.3171081542969,498.14060077740953,498.9234287381907,3804300
2024-08-20,502.4853820800781,504.4228918022805,501.26219468455696,502.896356321708,3156000
2024-08-21,504.24676513671875,505.5775787024164,501.8493058718112,503.4345519745285,3344100
2024-08-22,500.1662292480469,506.5268037771389,499.15832401718666,505.959228095893,3677100
2024-08-23,505.5775146484375,506.44843830683334,501.26213629909756,503.29753661143275,5102800
2024-08-26,504.3348693847656,507.17262838349,502.8572494148955,506.5366067562003,3398600
2024-08-27,505.01007080078125,505.509140827363,502.1526619674008,503.2291027391916,3031800
2024-08-28,502.12335205078125,505.15683307444897,499.21705743860997,504.73606375348544,3940400
2024-08-29,502.2016296386719,506.9769580614743,501.14477899403255,503.94341745159164,3487100
2024-08-30,506.9280090332031,507.45646424586016,501.135009887493,504.364212869266,5637700
2024-09-03,496.6727600097656,504.37394255945156,494.2655357378153,504.0705944946639,5866400
2024-09-04,495.4398193359375,498.60054637149466,494.1872766157027,494.83312315530446,3601400
2024-09-05,494.21661376953125,498.0231872048973,492.05402685776596,495.49851174617265,3425600
2024-09-06,485.987060546875,496.06611306687176,485.1650523110733,494.5004271773547,7411400
2024-09-09,491.4571228027344,492.5726541503985,488.0517584293392,489.86208170137087,3656800
2024-09-10,493.48272705078125,493.8839361131967,488.78569924348113,493.14025845920844,2975400
2024-09-11,498.53204345703125,499.4910331477214,485.60540712717784,493.4925172448302,5956900
2024-09-12,502.818115234375,503.1116682640542,497.1620680501185,499.1485231855438,4092900
2024-09-13,505.489501953125,506.4289313081814,503.19966903027506,503.395390944988,4416600
2024-09-16,506.2527770996094,506.48767925014846,503.61074009700394,505.2644918504433,4256300
2024-09-17,506.4877014160156,509.57009796260206,504.4425057147861,508.2979949564259,8150000
2024-09-18,504.8437194824219,511.51743785128815,504.41315508036746,507.06504716187914,6921300
2024-09-19,513.650634765625,515.3043865920258,510.98900753489346,513.6213093242309,5558400
2024-09-20,512.6427612304688,513.6604316942914,509.94195376676424,512.2807025209381,5612700
2024-09-23,513.905029296875,514.5509056711675,512.5938058900675,513.7386925387462,29289200
2024-09-24,515.3826293945312,515.5392308175344,512.1534268249226,514.7270177163062,4650600
2024-09-25,514.3356323242188,515.9893841526753,513.3962625832398,515.3141822883717,35418000
2024-09-26,516.380859375,518.5532117588336,514.2182423216009,518.308574252945,5273900
2024-09-27,515.7123413085938,518.0583766328396,514.6718490598533,517.3908966913864,5598600
2024-09-30,517.960205078125,518.2449070645155,512.5810630019286,514.6718731705009,8013000
2024-10-01,513.120849609375,517.4006051851347,510.6570275036894,517.3417116648087,9198700
2024-10-02,513.209228515625,514.2104183780814,510.0190329680171,512.247221118015,3270600
2024-10-03,512.237548828125,514.1222017659547,510.2547000621774,511.96267240383906,4008000
2024-10-04,516.958984375,517.3221711045891,512.6889940410271,516.4779506811909,5354400
2024-10-07,512.30615234375,516.0460410029416,511.22641773605807,515.4767568922831,3970500
2024-10-08,517.1552734375,517.6755495287163,513.866941615471,514.6718597736344,2626700
2024-10-09,520.6890258789062,521.2583698822126,516.6251930109413,517.1748858690215,2941800
2024-10-10,519.8154296875,521.1307983688197,518.3725082882332,519.5307876194084,3637600
2024-10-11,522.9075317382812,523.6142541346439,519.6486164491873,519.7565779410698,5429200
2024-10-14,527.187255859375,528.0804843741477,524.1442637409352,524.4191401528863,2638900
2024-10-15,523.1724243164062,527.7172308155311,522.0337962545556,527.4914823000324,4811300
2024-10-16,525.3712158203125,525.8718407321495,522.4264197855338,523.1233764154284,3237200
2024-10-17,525.4498291015625,528.8461825401563,525.3026252278194,528.7087443283668,3225300
2024-10-18,527.471923828125,528.1982973638926,525.7050579469537,527.020426717803,5070400
2024-10-21,526.6571655273438,527.7172489590226,523.8890500761253,526.8436117599301,3671400
2024-10-22,526.2939453125,527.3933910020603,523.6534423493922,524.2816799114177,3366600
2024-10-23,521.4939575195312,524.8804250854173,518.3037617628916,524.4485791754515,5227800
2024-10-24,522.6718139648438,523.3687705874174,520.2865363911719,523.3589450148135,4477800
2024-10-25,522.4657592773438,527.3737530181041,521.6313643941947,524.8117946643151,4327200
2024-10-28,524.0951538085938,525.7148156057839,523.8497541370213,525.6755732266629,3408000
2024-10-29,524.9295654296875,525.9602321008533,521.9651181304208,523.3099035806904,3027600
2024-10-30,523.3491821289062,526.333280780603,522.7897235437483,524.5172870801617,3067000
2024-10-31,513.0521850585938,519.4914702508985,512.895155625039,519.3540919635498,7972800
2024-11-01,515.2803344726562,519.3441667636745,514.887671096048,515.496257391377,6106900
2024-11-04,514.1614379882812,516.595843745509,512.4240488574308,515.3982620586726,3681500
2024-11-05,520.345458984375,520.4141780844138,514.8288789552767,515.0644530628205,3300300
2024-11-06,533.3025512695312,534.1271205226546,528.2669452443171,531.6829493935097,7483300
2024-11-07,537.4547729492188,538.3872437984406,535.118563215567,535.187222403,6051300
2024-11-08,539.8302612304688,541.096502088775,537.9750251567375,537.9848507304665,6798000
2024-11-11,540.27197265625,541.5774558490915,538.7504466734412,541.2829882083015,4893100
2024-11-12,538.6522827148438,540.8019862487199,536.3749665579315,540.262118950045,4818600
2024-11-13,538.9271240234375,540.7430575222294,536.9049733322062,539.0546767261405,3701600
2024-11-14,535.5014038085938,539.4572758487509,534.8535749425033,538.9958932446852,3940300
2024-11-15,528.5909423828125,532.5860566019652,526.8731445199156,532.1541507428126,7360100
2024-11-18,530.7798461914062,531.9577766145053,528.247364680578,529.0031549398423,4494500
2024-11-19,532.713623046875,533.3712773962776,527.0203626058906,527.6092978572915,6978400
2024-11-20,532.9100341796875,533.0768892071101,527.5504829451661,532.7922471118553,3949100
2024-11-21,535.599609375,537.0032885370773,530.102619883355,535.5407158406485,4530600
2024-11-22,537.395751953125,537.9650959113734,535.3344188764656,535.7761502248993,5574600
2024-11-25,539.1234741210938,542.2155342162587,537.1308597691253,541.0572548552856,4305000
2024-11-26,542.1467895507812,542.6474144865879,539.7320351183151,540.3700982545455,4438600
2024-11-27,540.4192504882812,542.2155932110169,539.0057457069885,541.881823231083,3312200
2024-11-29,543.2658081054688,544.4928064705492,540.929598425393,541.145521379873,3988700
2024-12-02,544.797119140625,545.3468120313469,543.6977333591811,544.1590560031658,5441000
2024-12-03,544.9247436523438,545.2093857210931,543.5995493945732,544.5909737165401,4202900
2024-12-04,548.3602294921875,548.5958035587545,545.9356499143904,546.5835385094705,5490300
2024-12-05,547.4474487304688,549.1161186401786,547.2020490482136,548.3505027857989,3021600
2024-12-06,548.5369873046875,549.6560241905203,547.8106138597878,548.1933918158637,5134900
2024-12-09,545.6805419921875,548.5860958990751,545.1603258020416,548.4290664582859,4412300
2024-12-10,544.1296997070312,546.6327647572137,543.3836750055096,546.3382970887285,4110100
2024-12-11,548.2523803710938,549.0965409199401,546.4167355835775,546.6719608453295,3514400
2024-12-12,545.4254150390625,547.928480078592,545.3959383163202,547.4082039397836,4048600
2024-12-13,545.3860473632812,547.8891121027528,544.0020195371835,547.2511088855712,4666900
2024-12-16,547.5259399414062,548.5173642553202,546.1811544597703,546.8781111339158,22846800
2024-12-17,545.2290649414062,546.1517702090399,544.0903767837124,545.2486561772037,6110900
2024-12-18,529.2191162109375,547.2707299567629,528.6203554069077,545.0817242036275,24584900
2024-12-19,529.0227661132812,535.0693872906687,528.7381240799518,533.6853595887234,16792100
2024-12-20,535.0105590820312,539.4277534401089,525.9896642076092,526.7356888406764,9389400
2024-12-23,538.8402709960938,539.0076600875695,532.0751071331382,535.0194722366268,7063400
2024-12-24,544.3843383789062,544.4631344606987,539.1848788490076,539.6969632249583,3439300
2024-12-26,544.37451171875,545.5167845013513,541.5285966302906,542.7890935940745,4492000
2024-12-27,538.7318725585938,541.2330918979649,534.911074447244,540.9869067624593,7077100
2024-12-30,532.7347412109375,535.7874727529154,529.1995565554658,532.3113100181428,6505100
2024-12-31,530.5880737304688,534.7830782512789,529.1996159472831,534.1725438951211,6040800
2025-01-02,529.2586669921875,535.245846141,525.6446259716673,533.7490814056929,7142700
2025-01-03,536.0928344726562,536.565490751944,530.972171066441,531.9470546943717,6416300
2025-01-06,539.2144775390625,543.0155622530009,537.4911812973554,539.9136650802099,5983400
2025-01-07,533.1484375,541.2134662607305,531.3266912411951,540.9377701179018,5383200
2025-01-08,533.8672485351562,534.7141109710842,529.869204363723,533.0597540832973,4317000
2025-01-10,525.7431640625,530.5289888689639,523.8819899364989,530.4896208830268,7935200
2025-01-13,526.4226684570312,526.7475895936792,520.9475128996966,521.3217191514115,5621000
2025-01-14,527.0922241210938,529.7017504554799,523.6948572820406,529.1207872026486,8820000
2025-01-15,536.7328491210938,537.7963857924339,533.4930742018936,534.5566108732337,5307300
2025-01-16,535.9352416992188,538.170622207767,535.0982361883013,538.0130300456511,3632800
2025-01-17,541.07568359375,542.7103268216594,539.3228161782723,540.5438851130153,6558700
2025-01-21,545.999267578125,545.999267578125,542.0996733585615,543.8919083739461,5301700
2025-01-22,549.1011962890625,550.4010611047578,548.2346197452656,548.6876220625494,4780000
2025-01-23,552.1441040039062,552.1441040039062,548.3035913611121,548.5399195045825,6217900
2025-01-24,550.4798583984375,553.0893849544879,549.5049748104619,552.203154467145,3612100
2025-01-27,542.8185424804688,542.9761346348199,538.485719896555,538.5841699151772,7617400
2025-01-28,547.3679809570312,548.1558214372907,540.8391466567061,543.8721642150928,4164700
2025-01-29,544.9652709960938,547.0234053033014,542.5625015191425,546.6984240750484,4174500
2025-01-30,547.8112182617188,549.2686753120945,543.9510516956591,546.8954166584949,4296500
2025-01-31,544.8865356445312,552.3311722121412,544.2760012779022,550.0957918061882,6233900
2025-02-03,541.3119506835938,543.5374741830069,534.6944622205689,536.6738005559549,7824000
2025-02-04,544.9061889648438,545.3789053251571,540.8490624862834,541.3119218239533,4181400
2025-02-05,547.1416015625,547.2499086103586,542.0110810784528,543.9116834465898,3424200
2025-02-06,549.111083984375,549.1406550541047,545.7334307209534,548.7861027363489,3606300
2025-02-07,543.7738647460938,550.6670501301527,543.37008737261,549.5837992218022,10161600
2025-02-10,547.6635131835938,548.2839045749407,545.7826249641777,546.9643257145432,3517600
2025-02-11,548.1558837890625,548.6186830252569,545.5364401122018,545.6447471542308,2752900
2025-02-12,546.3438720703125,547.4369195957402,541.9913359079403,542.5920131854684,3579500
2025-02-13,552.114501953125,552.3213191189566,546.2356293508819,547.3877590375503,3388500
2025-02-14,552.1341552734375,553.2862848333916,551.5236209696129,552.3409724165227,3380600
2025-02-18,553.7294921875,553.7294921875,550.9525164438988,553.227264857813,3844900
2025-02-19,555.0687255859375,555.3149107396688,551.9766857339577,552.4591990186635,3857600
2025-02-20,552.73486328125,553.8968499274379,549.7018455330176,553.8082569353269,4446800
2025-02-21,543.33056640625,552.6363760754703,542.8579102033503,552.5378659640063,6148700
2025-02-24,540.760498046875,546.0485505591995,540.1401066255364,545.1622599276301,4772300
2025-02-25,538.0720825195312,541.3808566003912,533.8967920098371,540.7998332031837,5491500
2025-02-26,538.406982421875,542.9367656398703,535.9451306503987,539.6477653313076,4180800
2025-02-27,529.7608642578125,541.4891582964647,529.3965150492568,540.455192701812,5521400
2025-02-28,537.9932861328125,538.5447384003979,527.4073259164317,530.2039552364047,7328100
2025-03-03,528.7268676757812,540.908103203701,525.1128867656403,539.834769685876,7290000
2025-03-04,522.3556518554688,530.0661874137345,518.1310763075224,524.9258103402923,10477400
2025-03-05,528.21484375,529.5835874063059,518.88931968723,522.1586654556734,6221700
2025-03-06,518.63330078125,525.2901566717017,516.2206743565089,521.1148662585603,7228900
2025-03-07,521.429931640625,522.7790212652371,512.1930612989321,516.8902925357977,7308300
2025-03-10,507.6436462402344,515.7086743159493,503.03503730275526,513.9361532220796,11176900
2025-03-11,503.4781799316406,509.63283882113456,499.7854026290835,506.48165683552634,11208900
2025-03-12,505.92034912109375,509.83959754442606,501.33145423860674,509.0025920613055,8590600
2025-03-13,499.31268310546875,506.21572396718926,497.707581254977,505.67412868626286,21650000
2025-03-14,509.5639343261719,510.5092469133108,503.04492577565327,503.478214079359,7412300
2025-03-17,513.45361328125,515.8465860332356,509.18972939690383,509.5540786414544,6269800
2025-03-18,508.0374450683594,511.59240395335274,506.22555620591476,511.39544383253303,6010600
2025-03-19,513.3748168945312,516.9494299629342,508.53970704988063,509.6426116772001,5373900
2025-03-20,512.1931762695312,516.6146523197004,509.4260573543861,510.0563058164338,6029700
2025-03-21,512.3211669921875,513.0006404273415,506.8065834319207,507.91934514606857,5059000
2025-03-24,521.3118286132812,522.2965691905275,517.8553795705399,518.4461998753696,22376300
2025-03-25,522.5526123046875,523.4880677717315,521.0360733465499,522.4935302740975,6260200
2025-03-26,516.4570922851562,523.3009915784708,515.1177993498898,522.4639860847526,4410200
2025-03-27,515.0361328125,518.4650006710768,513.0795454945501,515.1151417637196,5534900
2025-03-28,504.7494201660156,514.295028559721,504.11701682481265,513.603308191569,5831800
2025-03-31,507.82257080078125,509.2257939422708,496.68610800500113,499.3244642469189,8196700
2025-04-01,509.69012451171875,511.22175206093647,502.8521116490426,506.2908703159534,7697000
2025-04-02,512.7633666992188,515.3128229008657,503.88975613793747,504.0972903526442,6308600
2025-04-03,488.3065185546875,497.6939879813744,487.6543328494714,495.0654929231716,16226000
2025-04-04,460.00579833984375,477.57518896962335,458.7409614386571,475.57912718752755,30966500
2025-04-07,458.0690002441406,475.0652735148211,437.5548985777292,444.21508190617027,31285300
2025-04-08,451.3297424316406,476.7747245135711,444.2743339549422,473.9980123765347,19002700
2025-04-09,493.18798828125,496.1129175804031,447.7921615759029,448.11823933936773,29286600
2025-04-10,476.3498229980469,484.492207575753,462.78244894456367,483.3558357718002,16651300
2025-04-11,484.7392578125,487.16024879898663,472.3379288558126,474.9960673114421,11541200
2025-04-14,489.61090087890625,494.3342791315886,484.8776314292905,494.1267449325158,7701500
2025-04-15,488.23736572265625,493.35599997396895,487.5753189425992,490.15438830661475,8200600
2025-04-16,477.5059814453125,485.94480042748773,472.56520820493915,482.86176275046864,6374900
2025-04-17,478.1679992675781,482.3775474638631,475.79643428677383,479.04747132612346,5638900
2025-04-21,466.77459716796875,473.81025329985033,461.7942893952547,473.3458194180841,7762500
2025-04-22,478.55340576171875,480.717466775718,471.5375019813061,472.407082865335,6236300
2025-04-23,486.24127197265625,495.24334647234707,484.88750491011984,490.8065416880457,8047600
2025-04-24,496.45880126953125,497.0418089177221,486.38950256902916,487.4171918900189,6184300
2025-04-25,500.11492919921875,500.52007621939623,493.8302801785216,496.48841856635664,6933400
2025-04-28,500.4212646484375,502.71376039653416,495.02591883247914,500.8066292603859,4210000
2025-04-29,503.45489501953125,504.50233651948554,498.2868655816271,498.5635476730097,6525500
2025-04-30,503.7019348144531,505.44109662483027,491.8638615677883,497.29871206913054,7873700
2025-05-01,507.2691955566406,512.2989295609877,506.6961092503956,509.02813988786886,5784500
2025-05-02,514.5420532226562,516.221867955319,510.7672950482643,512.9708607194034,6285400
2025-05-05,511.8541564941406,514.6802639813669,510.15455964856386,510.95496240717455,4793500
2025-05-06,507.4964599609375,511.69611704077414,505.8758719305031,506.8146308696066,4694300
2025-05-07,509.7890319824219,512.041993327815,505.0458713461905,508.8205993676989,5460000
2025-05-08,513.1882934570312,518.0203241500598,510.23366021289115,513.3858761492235,5088200
2025-05-09,512.5064697265625,515.451151492689,511.23171153778543,514.5222836432683,4739500
2025-05-12,529.5718383789062,529.5718383789062,524.1073743694976,528.1686756229391,7793600
2025-05-13,533.0501098632812,535.0659234971846,529.4334906323021,529.9769635896997,7356800
2025-05-14,533.7122192382812,535.006699479632,531.8643747787694,533.9691491096019,5031300
2025-05-15,536.3308715820312,536.8150577503942,531.4691671917018,531.884175291416,7362200
2025-05-16,539.7893676757812,539.9968415520739,535.2833848933101,537.0323776080226,7255300
2025-05-19,540.3427734375,540.96531573862,534.1766976094333,534.2260932831997,7766100
2025-05-20,538.4257202148438,539.5917354853847,535.5699387499851,538.7616590270774,7158200
2025-05-21,529.4237060546875,538.2380298094416,528.484946950765,534.5027757892601,6339500
2025-05-22,529.670654296875,532.8425920008434,528.1093531228822,529.2555859351714,5816600
2025-05-23,526.093505859375,528.4749317844183,522.842438794324,523.158655487372,6455900
2025-05-27,536.9039916992188,537.0818523045986,530.8169250805144,532.3386615791028,6118100
2025-05-28,533.8406982421875,538.445533029108,533.2181559413284,537.348635448627,4910500
2025-05-29,535.8960571289062,538.8210167150148,532.3584464617888,538.6925517807217,4659500
2025-05-30,535.3427124023438,536.9534094258679,529.8090097660312,534.9375351910791,6171500
2025-06-02,538.455322265625,538.455322265625,531.4295571989908,533.8505481470529,5933500
2025-06-03,541.5087890625,542.3684788478987,537.6451306268028,538.0799211180993,4993600
2025-06-04,541.1629028320312,543.1392120759175,540.9553686490414,542.2498487913,4543400
2025-06-05,538.6332397460938,544.1075947443031,536.903969124517,542.9711927823978,6372100
2025-06-06,544.1372680664062,545.7776387261326,542.2005233563124,543.7815468313498,4736000
2025-06-09,544.72021484375,546.1530510540722,543.6826645921958,544.7696105105537,4516400
2025-06-10,547.8231201171875,548.1689501508953,544.216331195703,545.2440507238474,5984100
2025-06-11,546.3111572265625,549.6412335227296,544.3842436251888,548.8309394842792,20800600
2025-06-12,548.37646484375,548.4258605164963,544.6017066384095,545.0661103992724,8422900
2025-06-13,542.2696533203125,546.6965669074394,540.9257171423568,543.7222117240232,7100600
2025-06-16,547.5068359375,549.1076415922383,545.3328837174321,545.4020617780901,7421300
2025-06-17,542.8427124023438,546.6075790645245,542.141161227064,545.2538120699983,4753300
2025-06-18,542.7340698242188,546.1629979452991,541.8941624663983,543.6431552474866,4602300
2025-06-20,541.2320556640625,546.1728290940441,540.1451096343368,545.1846744080477,9978500
2025-06-23,546.8052978515625,547.1412970038394,539.2854546808218,542.1609584652606,9820200
2025-06-24,552.813232421875,553.7914958623559,549.7795904494493,550.5799932927674,6770000
2025-06-25,553.0899047851562,554.3745541101757,551.7263068232141,553.8804767735297,16472300
2025-06-26,557.4674682617188,557.8626939332373,554.315252525122,554.8686167149866,6081400
2025-06-27,560.2342529296875,561.5979110792872,556.5385644389811,558.416021959498,6056500
2025-06-30,563.034423828125,564.1445690193511,560.4077053587704,562.5090559349038,5750600
2025-07-01,562.7767333984375,563.797643544966,560.8240272177263,561.5773530337011,7412700
2025-07-02,565.2745361328125,565.3241448041769,561.8251605151165,562.38023314898,6164000
2025-07-03,570.1611938476562,570.6072484185595,567.0984027576593,567.1479509325636,4837000
2025-07-07,565.5916748046875,568.5455079104005,562.9847998732964,567.9606701299001,6417800
2025-07-08,565.215087890625,566.8010529755829,564.4716837722209,566.1270405013692,6944600
2025-07-09,568.5653686523438,569.2096764225231,565.7404571949959,567.425518633757,7156500
2025-07-10,570.2305297851562,571.1920304772511,567.6633416917596,568.7338604576703,4961700
2025-07-11,568.1787719726562,569.328604199982,566.3450660476724,567.4155848976424,4428900
2025-07-14,569.2988891601562,569.6260039344892,566.5532908979867,567.8120808202254,4747000
2025-07-15,566.8306884765625,572.0840648388883,566.8207667431207,571.7767935940647,5399000
2025-07-16,568.6942138671875,569.2096600685217,563.1731921667705,568.3572378881463,6141200
2025-07-17,572.1039428710938,572.569840882386,568.7536636775687,568.971760331342,6495300
2025-07-18,571.84619140625,573.4123128476089,570.7757331537139,573.3825476469618,4262400
2025-07-21,572.8672485351562,575.4245757437644,572.5104290637369,572.8969532419156,5913800
2025-07-22,572.8672485351562,573.7494359770413,570.5775661793049,573.1943632998162,4767700
2025-07-23,577.7340087890625,577.8331656356169,573.7791086225254,575.4641700301397,4257300
2025-07-24,578.1304931640625,579.6073795862175,577.5952035088426,578.2098065386097,3840900
2025-07-25,580.4301147460938,580.8860305422963,578.457625545007,578.6756617086899,4210100
2025-07-28,580.2913818359375,581.3420573030288,579.1019230717017,580.8860809688624,4193100
2025-07-29,578.78466796875,581.9169110619646,577.9917157104203,581.6591879658721,5053400
2025-07-30,578.0809326171875,580.9950789610317,575.4442923307498,579.5181320721142,6974700
2025-07-31,575.9102172851562,582.9873783099143,574.7406020990009,582.660324066064,7046800
2025-08-01,566.42431640625,570.6765656312542,564.283278944516,570.666643897891,8781300
2025-08-04,575.0379638671875,575.1073555108563,570.0224665393055,570.11164115375,6640100
2025-08-05,572.2723999023438,576.3859264140208,571.3308031934026,575.6821488173161,4647400
2025-08-06,576.5247802734375,577.1492445769367,572.3319398787457,573.1645791162055,4545000
2025-08-07,576.1777954101562,580.3706356109889,573.2240225226957,579.726327867841,4594300
2025-08-08,580.5886840820312,581.0148951756205,577.4762843771637,577.8033991228041,4342300
2025-08-11,579.3992309570312,582.1944376774672,578.3089291256416,580.8761779445863,5373900
2025-08-12,585.5844116210938,585.7628213504628,580.2814259215887,581.5898244353438,5851900
2025-08-13,587.6262817382812,588.8058186761161,585.6141055802884,587.6460647089266,5393000
2025-08-14,587.6361694335938,588.2903989571143,585.3068606565832,585.7231500362158,6236700
2025-08-15,586.367431640625,588.7265055171714,585.4654007769201,588.6372704049,7196300
2025-08-18,586.1593017578125,586.8135313023968,585.158174468763,585.782638807509,5311700
2025-08-19,582.9577026367188,586.9126029500222,581.7781656574542,586.0502589944169,6739300
2025-08-20,581.4213256835938,582.8288205214969,576.7328826381186,582.6404890609169,7113600
2025-08-21,579.1316528320312,581.3023952819268,577.5259047730272,579.7858218382106,4807300
2025-08-22,587.9929809570312,589.0932044386129,580.6878019511486,581.1140130161294,6389300
2025-08-25,585.5050659179688,588.012784223769,585.356360902513,586.8431690635549,6483000
2025-08-26,587.8442993164062,588.2110404915132,584.6030381488821,585.187875981241,4776600
2025-08-27,589.1923828125,589.9060822636886,587.2298151939054,587.309128577012,6171400
2025-08-28,591.27392578125,591.8190767080134,588.0525078977411,589.8366657027772,5058700
2025-08-29,587.8641357421875,590.3123841249704,586.0502128584033,590.0051128603625,7512000
2025-09-02,583.5325927734375,583.6217673864533,578.5368784963725,580.9058740842105,11116700
2025-09-03,586.5160522460938,587.0215766987938,583.6019663392423,585.614081917551,8205900
2025-09-04,591.3433227539062,591.521732486179,586.3971564326381,587.2595003878146,8045600
2025-09-05,589.7276611328125,594.3268087915956,586.2485200591447,593.642874559179,6641500
2025-09-08,591.2540893554688,592.1560597543082,589.7970462884857,591.0657578877923,9472200
2025-09-09,592.6913452148438,593.1076345883802,589.7771986033229,591.3631032157169,7844800
2025-09-10,594.4060668945312,596.4578694009673,592.8994152766546,595.6351519519028,21641100
2025-09-11,599.2531127929688,599.9072817997485,595.6054838346989,596.1407130220641,9109700
2025-09-12,599.1242065429688,600.6506411105012,598.638525566862,599.2729115553343,8130500
2025-09-15,602.24658203125,602.4249917631229,600.8687918536735,601.1363762022913,7710700
2025-09-16,601.4535522460938,603.069222020557,600.7299916041937,602.8114989156663,6393200
2025-09-17,600.759765625,602.9800562560589,596.2596539546817,601.5031697469196,11613600
2025-09-18,603.5845947265625,605.9337465914036,601.7310455420402,603.1980101163041,11057500
2025-09-19,606.3997192382812,607.2818461391039,603.4954339354288,605.2498869992692,6065700
2025-09-22,609.3534545898438,609.8093703647636,605.1408315485464,605.1507532825017,11583800
2025-09-23,606.1618041992188,609.8491202066346,604.9724059694563,609.3039692682628,10753000
2025-09-24,604.1397094726562,607.3512053855185,602.8412327795328,607.2421873078496,23787300
2025-09-25,601.2553100585938,602.5834914151789,598.043753744741,601.2850147614307,6965700
2025-09-26,604.7938842773438,605.3291739335754,601.235490629035,602.6826723499571,6438600
2025-09-29,606.4937744140625,608.0345246465214,604.8535837551024,607.1498142748059,5658800
2025-09-30,608.7303466796875,609.2074665640926,604.6448559909707,605.7979159354161,6515700
2025-10-01,610.9072875976562,611.7224078350231,605.9370866415643,606.0663167201345,10020000
2025-10-02,611.583251953125,612.8059020220676,609.366561653458,612.7363119253488,7139500
2025-10-03,611.6328735351562,614.7342738550001,610.6288833068066,612.2790238815379,7210700
2025-10-06,613.720458984375,614.5952192358031,611.811858069586,613.7800989709996,6056400
2025-10-07,611.5335693359375,615.052449952773,610.1617889475402,614.6150698192058,7466300
2025-10-08,615.082275390625,615.2115054706356,611.7920047478754,612.5474243376465,5035200
2025-10-09,613.4221801757812,615.8973912257493,611.6130804113881,615.5394906452223,5898500
2025-10-10,596.9310913085938,615.9072847855525,596.6527309298096,614.3068946217413,13664200
2025-10-13,605.9768676757812,607.3884485268497,602.9649572403994,603.750227203237,6968400
2025-10-14,605.1219482421875,608.4917589504126,596.9310670198112,600.599077642172,7493500
2025-10-15,607.7860107421875,612.5375521653754,602.209459611245,609.4162512810436,6504900
2025-10-16,603.7700805664062,611.1358916179069,600.5394499756538,609.4559612838597,7594800
2025-10-17,607.1199951171875,608.3724954618767,601.4936936753926,602.7263544728665,6911000
2025-10-20,613.4917602539062,614.3267806996383,609.8535998943682,609.8535998943682,4086200
2025-10-21,613.4122924804688,615.0524224043328,612.3088617504234,613.6508524205653,4216200
2025-10-22,610.3108520507812,614.1478934561385,606.1955716010244,614.1478934561385,6961600
2025-10-23,613.7601928710938,614.7840227435737,610.3307419945351,610.5892021578989,5851800
2025-10-24,618.8397216796875,620.0723218348116,617.50774177195,618.2134714925842,5694900
2025-10-27,626.245361328125,626.5336111606823,623.422260305451,623.998820641968,7804300
2025-10-28,627.9252319335938,629.6151123421238,625.8874617371589,627.9451321516672,5625600
2025-10-29,628.1837158203125,630.3507161733162,624.1280148208657,629.4362161783326,6104500
2025-10-30,621.513671875,626.8715630015012,621.37449168879,625.0624025949658,6243300
2025-10-31,623.3029174804688,626.185658200983,620.7780773263205,626.0862784539568,7058600
2025-11-03,624.5256958007812,626.7821259425053,621.4341844708481,626.6628459645905,5568100
2025-11-04,617.2890014648438,621.4440821352898,616.5037315646089,617.9451019594076,8390500
2025-11-05,619.1478881835938,622.2691890925746,616.1359778110763,616.8914580995074,10323100
2025-11-06,612.5673217773438,619.0782729385742,611.1558016844767,618.2532632578175,7099400
2025-11-07,613.2134399414062,613.3426700140377,604.2968682868144,610.430139668182,7571300
2025-11-10,622.736328125,623.471968828887,616.9609570533538,618.978887759439,8425000
2025-11-11,624.167724609375,624.7442848850294,620.350644404964,621.4341141937292,5639200
2025-11-12,624.4758911132812,626.016701925343,622.3685307909411,625.8974219577688,6090200
2025-11-13,614.306884765625,622.2890565805263,612.8357247053674,621.9411061126289,13065800
2025-11-14,614.1478881835938,617.517638430504,606.1955663967515,608.1041066376015,9681700
2025-11-17,608.392333984375,615.758205743299,605.1816035964019,612.070294809192,8902500
2025-11-18,603.3823852539062,607.8655161433646,599.4062245603055,605.0921052298838,8542600
2025-11-19,605.5692749023438,609.9132255284358,602.0602840309415,603.8992947215679,7449400
2025-11-20,596.3843383789062,617.4281509480406,595.787877897927,615.0324802581875,13985000
2025-11-21,602.3187255859375,607.3684664083013,594.8137347773977,598.6606652069587,9821400
2025-11-24,611.2750854492188,612.4182559523309,604.6845940432606,605.6488445902281,6242700
2025-11-25,616.9609375,618.0444679671622,607.34858616432,611.1160371911918,7389500
2025-11-26,621.2254638671875,623.0743641635969,618.5514931786121,619.3467132411256,5323200
2025-11-28,624.664794921875,624.8835153218425,621.9809348350611,622.299034989577,2953200
2025-12-01,621.7920532226562,624.2672036446949,620.3804724373059,620.4500625327584,9191600
2025-12-02,622.845703125,625.0226535116376,620.8973625613007,623.2731331150744,5280600
2025-12-03,625.0226440429688,626.0266343011092,621.2254033923623,622.0405235952942,6338400
2025-12-04,625.5494995117188,626.4242597607089,622.7462988053734,626.3745698838935,5147700
2025-12-05,626.7224731445312,629.2075737526369,625.728432901289,626.5435531813158,5693100
2025-12-08,624.8635864257812,627.7065267950836,622.9649963669528,627.5971969358177,6876700
2025-12-09,624.3566284179688,626.4540993605336,623.9192483009646,624.4361686223511,12849000
2025-12-10,628.3923950195312,629.7343856259172,622.7363041347564,623.889424685639,22457400
2025-12-11,629.9332275390625,630.0922472732628,623.5316063201866,626.245316610652,33921000
2025-12-12,623.1339721679688,629.6548734201248,620.7582015408516,629.0286232435809,8534700
2025-12-15,622.2294311523438,626.8019918458085,620.8477007005091,626.8019918458085,11337200
2025-12-16,620.4898681640625,622.487838044206,616.9510874043185,620.8278078632031,15819600
2025-12-17,613.6707153320312,621.9113477169055,613.4818452603641,621.4640174764938,21356900
2025-12-18,618.3029174804688,622.209487951944,616.8714972513377,619.3366973848541,37062400
2025-12-19,623.81982421875,624.386434375836,620.1418635877716,620.2611435501691,10487000
2025-12-22,627.7484130859375,628.2867528109041,625.8244935060131,626.9907948382787,9850100
2025-12-23,630.67919921875,630.8885603281927,626.9409991129198,626.9609556499431,13798500
2025-12-24,632.7825927734375,633.320871673865,630.54959018221,630.6791859839406,3275200
2025-12-26,632.8424072265625,634.0784956451618,631.8854061074372,633.1414510628205,3852100
2025-12-29,630.6094360351562,631.7956940140008,628.9646644322377,630.3103921839986,6579400
2025-12-30,629.732177734375,631.2175403545457,629.423155625341,630.2107087222766,4180400
2025-12-31,625.1566772460938,630.1509225120875,624.9672726664797,629.9515396635827,5556800
2026-01-02,626.3229370117188,629.6723496085568,623.2426942846066,628.6556005821125,11337000
2026-01-05,630.4699096679688,632.0448941989613,629.2437386391077,629.393290983123,16175600
2026-01-06,634.2080688476562,634.676560700582,630.5396559530523,630.6492952152564,8672000
2026-01-07,632.1744995117188,636.2117435867215,631.9352644321782,634.5769502621604,8820100
2026-01-08,632.0648193359375,633.1015248945556,630.2505389760319,631.4866273690646,9017400
2026-01-09,636.3014526367188,637.4279017776852,631.8056343411428,633.1514228551882,7864100
2026-01-12,637.3282470703125,638.1456132747566,633.1613465285859,633.1912813337509,7929800
2026-01-13,636.0223999023438,638.1357242292579,633.8193319990434,637.667171495868,8860000
2026-01-14,632.9420776367188,634.1183573055588,629.0144729471913,633.4903348185279,8683400
2026-01-15,634.6167602539062,637.5674680057444,633.6996722290087,636.7600192444881,6937000
2026-01-16,634.0885009765625,636.5008691494698,632.6829036215094,635.9526119524139,6733700
2026-01-20,621.189208984375,627.7783952333785,620.262081797702,624.7878350890451,14877600
2026-01-21,628.3067016601562,631.4069619456919,621.6876413873049,623.0533256649838,10403800
2026-01-22,631.5763549804688,633.6198920846093,629.7620746664077,632.4336342193808,6085500
2026-01-23,631.8355712890625,633.4703645304628,629.9813778307397,630.8885484448035,5850400
2026-01-26,635.0853271484375,636.3812243340543,632.5234067392744,633.0318116823709,9007400
2026-01-27,637.6870727539062,638.5842042244849,635.8628141657504,636.4110713160646,4339600
2026-01-28,637.58740234375,639.7904702337662,636.2117398014742,639.032851924327,5568700
2026-01-29,636.2615966796875,639.0228390403352,627.8381738425048,638.4147731092087,8697200
2026-01-30,634.218017578125,636.4410419515368,629.9614950902494,634.2479523837117,6562300
2026-02-02,637.6671142578125,638.9431156917317,632.0747818242223,632.1844210853287,9490300
2026-02-03,632.1546020507812,638.9830234398476,627.1304220220587,638.315148704146,9702800
2026-02-04,628.9247436523438,633.9189888563574,625.0270736799457,632.9321137380748,11322000
2026-02-05,621.1392822265625,626.7715278478421,619.5443412444276,624.269416268178,11714700
2026-02-06,633.2410888671875,634.7164123007573,624.2295568204432,624.7478791699393,12987900
2026-02-09,636.2216796875,637.9761512786496,631.1177955185733,632.0747966164091,8908500
2026-02-10,634.4373779296875,638.6042178247523,634.0785253093898,637.1288942681263,13645300
2026-02-11,634.3475952148438,639.1325398960017,631.8455444528879,638.4745826229479,5345000
2026-02-12,624.5186767578125,637.5077057629776,623.7909932456909,636.5008740941993,8951100
2026-02-13,624.9174194335938,629.1839201895053,621.1592627846891,624.9572716646039,9312800
2026-02-17,626.013916015625,627.947813918952,619.5543258756086,623.5716131766302,8718600
2026-02-18,629.1640014648438,631.8056262746594,626.0238891485947,627.1303817388545,9509200
2026-02-19,627.5491333007812,629.0942438607823,624.8376604869816,626.9709413081965,5212400
2026-02-20,632.0249633789062,632.5831988061159,625.0569683853632,625.5055037062776,7482000
2026-02-23,625.6550903320312,632.613107438793,623.781001114451,630.6194006833334,10868700
2026-02-24,630.220703125,631.0979389749934,623.4321339778913,625.1766274090892,6930300
2026-02-25,635.52392578125,635.9924176365773,632.7426660811561,632.7726008854187,12135200
2026-02-26,631.9552001953125,635.7631873344244,627.4494035350784,635.6435697985864,9497700
2026-02-27,629.0543212890625,629.7023003091678,624.9672468574614,626.2631440545715,10471100
2026-03-02,629.2936401367188,631.3471556958345,621.637752524395,622.2259227981638,9211400
2026-03-03,623.7510375976562,625.8145312957482,613.9420348844322,618.8565145092585,18493400
2026-03-04,628.197021484375,629.9714496087968,623.1031155924247,624.9472699077184,13489800
2026-03-05,624.837646484375,628.5160377831583,619.4446966266207,625.316116623046,12198800
2026-03-06,616.4840087890625,619.8633562416012,614.0616624542542,617.3911794080059,9739200
2026-03-09,621.8370971679688,623.352333704435,607.2830628384654,610.931519267521,13929200
2026-03-10,620.760498046875,626.5223396993956,618.6771085868369,621.3586465715416,15570400
2026-03-11,620.0726928710938,623.46195761512,617.3512419647918,621.2389942063103,6433300
2026-03-12,610.5726928710938,615.766320864175,610.492927564936,615.2778116016729,15487600
2026-03-13,607.1734619140625,616.3843775608374,606.336078290218,613.6031176456171,25527500
2026-03-16,613.2542114257812,616.1351321936789,611.6093790701457,612.7856587154628,8303200
2026-03-17,614.9488525390625,618.3182215917396,614.3308083547819,616.4241759669457,9941800
2026-03-18,606.4656372070312,613.9520154926196,606.21642387312,612.755779321226,14276900
2026-03-19,604.8407592773438,607.7715105075661,600.6439848455091,602.238986682796,10271900
2026-03-20,596.0584716796875,603.6943412769623,592.6990808864354,603.5248932500269,17685700
2026-03-23,602.528076171875,609.107344931135,601.1623919200568,604.9504225639998,24014300
2026-03-24,600.4844970703125,604.0033575888065,597.4341283991844,598.7400037913939,18363300
2026-03-25,603.754150390625,607.5222851160179,601.4613999408256,605.4887262623266,23288300
2026-03-26,593.0479736328125,602.0096754492398,592.8087385654484,599.407902827006,7712600
2026-03-27,582.9600219726562,590.8300170898438,582.030029296875,590.6799926757812,11707700
2026-03-30,580.9299926757812,588.6699829101562,578.4600219726562,588.3900146484375,11839200
2026-03-31,597.5499877929688,598.8499755859375,586.5,587.3499755859375,12447300
2026-04-01,602.2999877929688,605.3499755859375,600.27001953125,601.0599975585938,11332500
2026-04-02,602.989990234375,604.7899780273438,593.030029296875,594.22998046875,12780100
2026-04-06,605.6699829101562,606.4400024414062,602.6099853515625,602.9199829101562,6316800
2026-04-07,606.0399780273438,606.3099975585938,598.5,603.5800170898438,6690000
2026-04-08,621.3400268554688,622.489990234375,617.2999877929688,621.7999877929688,9805100
2026-04-09,625.02001953125,626.1699829101562,619.4000244140625,620.3400268554688,5498300
2026-04-10,624.5999755859375,626.989990234375,623.719970703125,626.3300170898438,4609400
2026-04-13,630.719970703125,630.9000244140625,621.97998046875,622.75,5158400
2026-04-14,638.3499755859375,638.52001953125,632.219970703125,632.22998046875,5042900
2026-04-15,643.4500122070312,643.7899780273438,638.22998046875,639.1900024414062,5165600
2026-04-16,644.8599853515625,646.0700073242188,642.1500244140625,644.510009765625,5882400
2026-04-17,652.780029296875,654.8800048828125,648.8599853515625,649.1799926757812,7815300
2026-04-20,651.5399780273438,652.5999755859375,649.1699829101562,651.6199951171875,6384100
2026-04-21,647.25,653.8599853515625,645.9400024414062,652.9400024414062,8514900
2026-04-22,653.9000244140625,654.1900024414062,651.0900268554688,651.97998046875,4537200
2026-04-23,651.260009765625,654.9000244140625,645.6599731445312,652.22998046875,6519500
2026-04-24,656.4199829101562,656.8200073242188,651.8200073242188,653.4000244140625,4793800
2026-04-27,657.5,657.9000244140625,654.8400268554688,655.6699829101562,5319200
2026-04-28,654.260009765625,655.3900146484375,652.010009765625,654.4099731445312,5527100
2026-04-29,654.239990234375,654.719970703125,651.260009765625,653.6199951171875,6302000
2026-04-30,660.5800170898438,661.77001953125,653.1500244140625,657.0,5948400
2026-05-01,662.52001953125,666.4199829101562,662.3800048828125,663.0900268554688,5426500
2026-05-04,660.1199951171875,663.8499755859375,657.3900146484375,661.989990234375,5962400
2026-05-05,665.2999877929688,666.5499877929688,663.3300170898438,663.5800170898438,5052600
2026-05-06,674.6599731445312,675.3400268554688,669.1500244140625,669.4500122070312,6441500
2026-05-07,672.5399780273438,676.760009765625,670.9199829101562,675.8200073242188,6260300
2026-05-08,678.0399780273438,678.530029296875,675.3699951171875,675.7000122070312,4348100
2026-05-11,679.52001953125,681.0599975585938,677.0800170898438,677.0800170898438,5693400
2026-05-12,678.6699829101562,679.260009765625,672.7999877929688,677.469970703125,6073400
2026-05-13,682.4099731445312,683.9099731445312,676.2000122070312,678.9000244140625,4918000
2026-05-14,687.72998046875,689.0999755859375,683.6599731445312,683.739990234375,5370000
2026-05-15,679.4400024414062,683.52001953125,678.4400024414062,682.0399780273438,6448500
2026-05-18,678.9099731445312,681.6099853515625,674.25,680.1799926757812,7585400
2026-05-19,674.5900268554688,678.1500244140625,672.5499877929688,675.5599975585938,5664200
2026-05-20,681.5700073242188,682.0,674.739990234375,676.3200073242188,5506800
2026-05-21,682.8400268554688,684.8300170898438,677.6199951171875,679.0800170898438,7335400
2026-05-22,685.5499877929688,688.5800170898438,684.47998046875,686.0999755859375,4319800
2026-05-26,690.010009765625,691.510009765625,688.0800170898438,689.6500244140625,6633800
2026-05-27,689.9600219726562,690.780029296875,687.9199829101562,690.3599853515625,7386500
2026-05-28,693.9099731445312,694.2899780273438,688.8499755859375,689.760009765625,8477100
2026-05-29,695.489990234375,697.0,693.8900146484375,695.0,5064300
