Date,Close,High,Low,Open,Volume
2021-06-01,46.881072998046875,47.00890853157014,46.719150806444375,46.9577736679623,10035300
2021-06-02,46.991859436035156,47.000383538048304,46.7021017364433,46.804368203654434,8016400
2021-06-03,46.46348571777344,46.650976977681836,46.36121923554743,46.54018639219116,8433000
2021-06-04,46.881072998046875,46.881072998046875,46.719150806444375,46.77880652182385,7317400
2021-06-07,46.6935920715332,46.71063702865048,46.454965922884455,46.65950215729865,24666100
2021-06-08,46.4975700378418,46.557225749549865,46.36121366093872,46.50609088908904,7113900
2021-06-09,46.46348571777344,46.62540791888069,46.420874954428676,46.49757562884639,8168100
2021-06-10,46.78733444213867,46.864035118312394,46.59984317793782,46.65097804571794,6263600
2021-06-11,46.58280563354492,46.778817781399084,46.48905998652914,46.744727864121806,7187200
2021-06-14,46.770286560058594,46.87255303822767,46.616885217308614,46.7106308435439,6120900
2021-06-15,46.45496368408203,46.6509790559876,46.35269719730004,46.64245495234318,6168100
2021-06-16,45.824310302734375,46.41234658522631,45.636819060059025,46.318600963888635,7464200
2021-06-17,46.0885124206543,46.25895549611773,45.95215275869431,46.04589840079517,6889700
2021-06-18,45.730567932128906,45.986235757864954,45.679433066584586,45.89249012986342,6643100
2021-06-21,45.95330810546875,45.95330810546875,45.49925893548961,45.73913347539625,8283400
2021-06-22,45.75627136230469,45.78197127411834,45.413590620575796,45.550662263658204,6060600
2021-06-23,46.021846771240234,46.30455559101892,45.98757804519264,46.05611222924224,9520000
2021-06-24,46.36452865600586,46.415931749986925,46.20175709380133,46.313128830070696,7323200
2021-06-25,46.74147415161133,46.818577151976854,46.57013378768287,46.775739609960524,4814100
2021-06-28,46.852848052978516,46.90425114854197,46.715776399521964,46.76717949508542,7693600
2021-06-29,46.818572998046875,46.818572998046875,46.39878930706931,46.527295385625486,6154100
2021-06-30,46.52729797363281,46.630100881368804,46.4244917978513,46.46732933844969,8876600
2021-07-01,46.27885437011719,46.61296626950686,46.038979830667266,46.527297724859174,13517900
2021-07-02,46.22745132446289,46.22745132446289,45.93617369713266,46.133213964437594,9074600
2021-07-06,45.39645767211914,45.7134352210529,45.2422516714388,45.68773531028805,8443800
2021-07-07,45.439292907714844,45.713436188493716,45.250818176662236,45.66203309783054,8505200
2021-07-08,44.57402420043945,44.72823019980965,44.41125265356895,44.56545865293915,9691400
2021-07-09,45.38788986206055,45.396458677869084,45.00237485181868,45.12231212877266,5764300
2021-07-12,45.41358947753906,45.42215829329177,45.13088065056725,45.25081792673988,5978100
2021-07-13,45.439292907714844,45.687736277184975,45.42215854416045,45.439292907714844,8827900
2021-07-14,45.66202926635742,45.89333825286417,45.5592263617029,45.89333825286417,5652100
2021-07-15,45.704864501953125,45.936173493340256,45.59349604791321,45.790536314343996,9812900
2021-07-16,45.39645767211914,45.81623813215791,45.302220308587195,45.807672584584836,7143600
2021-07-19,44.728233337402344,44.805336342496055,44.50549313826818,44.805336342496055,11160800
2021-07-20,44.76249313354492,44.890999205739675,44.33414391695598,44.47978108193454,6426700
2021-07-21,45.14801788330078,45.14801788330078,44.57402810908024,44.66826548007509,7511500
2021-07-22,45.216552734375,45.27652137714903,45.0280812576763,45.24225591559667,5295300
2021-07-23,44.51405715942383,44.71966625530276,44.29988251573756,44.71966625530276,7681900
2021-07-26,43.66592025756836,43.88866041262566,43.511714277895926,43.52884863875344,13939000
2021-07-27,42.72356033325195,42.83493207169122,42.20954245561005,42.757829063240344,20521700
2021-07-28,43.93150329589844,43.99147193663725,43.20331079090104,43.26327943163985,14409300
2021-07-29,44.0857048034668,44.265610707309946,43.91436444683478,44.265610707309946,9256000
2021-07-30,43.785865783691406,44.00860598080915,43.60595986278333,43.648794138993,10373900
2021-08-02,44.13711166381836,44.36842067483762,44.08570857202105,44.171380391683236,17030800
2021-08-03,44.24847412109375,44.26560521338983,43.80299055635883,44.02573070470375,9155700
2021-08-04,44.35984802246094,44.63399128557959,44.25704511580282,44.471219744367104,7944600
2021-08-05,44.222774505615234,44.42838357821152,44.222774505615234,44.27417759077564,8354500
2021-08-06,43.92292785644531,44.13710245886525,43.81155614813433,44.11996809850624,9084400
2021-08-09,44.0771369934082,44.21420861806769,44.01716836187251,44.1114057165844,6354300
2021-08-10,44.239906311035156,44.35984356810047,44.1285346003123,44.33414366102795,6007900
2021-08-11,44.402687072753906,44.57402416699616,44.19707798439938,44.52262434594172,7275100
2021-08-12,44.11140823364258,44.1456736907287,43.948633423290126,44.12853932816289,7988900
2021-08-13,44.02573013305664,44.034298947138495,43.7687212673665,43.965761506663775,6751900
2021-08-16,43.67448806762695,43.70875679111813,43.4945821713663,43.70875679111813,9926500
2021-08-17,42.88633346557617,43.109073665573696,42.68929317802756,42.912033378025086,9863000
2021-08-18,42.93772506713867,43.374643103367646,42.93772506713867,43.19473394654355,9206600
2021-08-19,42.278072357177734,42.41514399517533,42.12386635592473,42.183838261341464,16111900
2021-08-20,42.278072357177734,42.36374417345475,41.89256062209087,41.89256062209087,11097600
2021-08-23,42.88633346557617,42.946302106654194,42.56935262782569,42.67215881371301,7661300
2021-08-24,43.84584045410156,43.880109187000585,43.50315966120383,43.52029402765334,13128400
2021-08-25,43.888668060302734,43.94007115183235,43.6916277781745,43.81156505703119,7730800
2021-08-26,43.52885055541992,43.751590720284945,43.5031473789793,43.67448772705372,10140100
2021-08-27,44.0771369934082,44.0942713549963,43.71732193614873,43.837259199220114,5895500
2021-08-30,44.20564270019531,44.30844887646115,44.0000368837547,44.20564270019531,13626500
2021-08-31,44.745365142822266,44.84816805438634,44.69396205301741,44.80533378023845,14079700
2021-09-01,45.28508758544922,45.447859139597604,44.96811002503574,44.985241120802314,22058700
2021-09-02,45.10518264770508,45.37075712245302,45.04521400708162,45.29365411764489,8506000
2021-09-03,45.3107795715332,45.36218265397889,45.14800804585627,45.19084231387176,6490300
2021-09-07,45.68773651123047,45.79053942503776,45.516396142854525,45.52496169065275,8152100
2021-09-08,45.01093673706055,45.439285956252874,44.92526493239497,45.439285956252874,9100300
2021-09-09,45.07090759277344,45.165144948538234,44.85673297259721,44.90813278989048,9331500
2021-09-10,45.00237274169922,45.456425184936506,44.98523837893125,45.422156459400576,9145300
2021-09-13,45.14801788330078,45.267955167095735,44.916708863962285,45.07948042510602,12018100
2021-09-14,44.728233337402344,45.0366453577772,44.62543041995933,44.92527362418721,13299400
2021-09-15,44.71109390258789,44.71966271776311,44.39411637005945,44.56545672506377,11561100
2021-09-16,44.24847412109375,44.29987393407215,43.974330891725344,44.11996805255759,10831000
2021-09-17,44.0771369934082,44.29131161119148,43.94006536874872,44.22277416483908,11198000
2021-09-20,42.87787628173828,43.24967502805215,42.50607753542441,42.981633074225954,21047400
2021-09-21,43.22372817993164,43.33612997543501,43.03350468235931,43.22372817993164,12919900
2021-09-22,43.84628677368164,44.14891546632687,43.68200488798469,43.68200488798469,12007600
2021-09-23,44.05379867553711,44.13161709641059,43.88086848488837,43.96733193102822,12078800
2021-09-24,43.56959533691406,43.70793883145964,43.52636361331277,43.63012040962968,8825500
2021-09-27,43.803043365478516,43.90680014465324,43.43124466686984,43.57823646087186,9239500
2021-09-28,43.29290771484375,43.690644843550906,43.15456422232087,43.681999818304675,13751000
2021-09-29,42.947044372558594,43.31884310151736,42.903812652570814,43.19779296620405,13801500
2021-09-30,43.241024017333984,43.56959102122266,43.171853926097235,43.43124754038039,22117300
2021-10-01,43.2669677734375,43.4226046091841,42.895169032306065,43.318844519773755,19161600
2021-10-04,42.67035675048828,43.08539049142201,42.410963136181266,42.998923754407166,12834400
2021-10-05,43.076744079589844,43.2150875665823,42.851937150115454,42.886520548086885,8676000
2021-10-06,42.91246032714844,42.947043723594795,42.43690481773126,42.50607490899273,11198200
2021-10-07,43.75116729736328,43.93274580035896,43.474480328874144,43.53500539708309,9236800
2021-10-08,43.91545486450195,43.9932732848116,43.77711137265914,43.863574818172516,7621400
2021-10-11,43.79440689086914,44.2526691118551,43.78575856686798,44.13161896279233,8801500
2021-10-12,43.67334747314453,43.984621127250456,43.66470244869436,43.90680271372398,8007500
2021-10-13,44.2440071105957,44.29588714345731,43.92408848720288,44.04513859884513,9178000
2021-10-14,44.31319046020508,44.442888922363,44.140260276784154,44.408302226005034,6776300
2021-10-15,44.78874969482422,44.8665681188807,44.442892597749214,44.52935604742567,7626600
2021-10-18,44.72821807861328,44.85791653252799,44.52934953474777,44.55528790618324,7677900
2021-10-19,45.23836135864258,45.30753474862184,44.94438104796826,45.02219946251054,6456300
2021-10-20,45.247013092041016,45.32482821407979,45.12595965045297,45.30753816365053,7013600
2021-10-21,44.88385009765625,44.96166850199829,44.78009332465631,44.88385009765625,11157300
2021-10-22,44.77145004272461,45.08272369513245,44.58122982053993,44.90979352175379,7901900
2021-10-25,44.935733795166016,45.0135522058495,44.69363024061262,44.927085472663066,5926000
2021-10-26,44.63310241699219,45.07407448305705,44.581225678656374,45.013549422752995,9875200
2021-10-27,44.399654388427734,44.710928062316704,44.36507099006036,44.477472806899975,9150100
2021-10-28,44.35641860961914,44.391005303191974,44.03649993999202,44.183488440123604,8851200
2021-10-29,43.803043365478516,44.00191189988363,43.62146817733061,43.93274181322332,11536200
2021-11-01,44.22673034667969,44.22673034667969,43.803051530326044,43.83763822928739,12786000
2021-11-02,43.75981903076172,43.84628247826455,43.690645634064175,43.81169577991578,8543400
2021-11-03,44.07973098754883,44.15754939772017,43.673345590168644,43.81168906398785,9914200
2021-11-04,43.984619140625,44.18348767768412,43.85492398951788,44.157549307136414,8669400
2021-11-05,44.00191116333008,44.17484132463895,43.83762932418932,44.17484132463895,10389300
2021-11-08,44.460174560546875,44.51205459993595,44.27859937023798,44.33047940962705,7855200
2021-11-09,44.35641860961914,44.66769225503737,44.269955174055696,44.52070375490578,8560100
2021-11-10,44.235374450683594,44.66769828358643,44.11432430520985,44.468829716255414,11786500
2021-11-11,44.99626159667969,45.091373359786836,44.797393045805116,44.823331418154766,7881700
2021-11-12,45.03084945678711,45.10866457584877,44.89250267169377,44.94438271610377,6535100
2021-11-15,44.94438552856445,45.14325409702728,44.89250548090798,45.13460907160242,8483900
2021-11-16,44.92708969116211,45.030849780728545,44.78010117849638,44.96167638768425,7932600
2021-11-17,44.76280975341797,45.05679008974888,44.66769798308017,45.05679008974888,10025700
2021-11-18,44.22673034667969,44.373718869711695,44.04515182631718,44.347780494675256,8646900
2021-11-19,44.1489143371582,44.43424637326772,44.1489143371582,44.32184124468187,9875000
2021-11-22,43.69063949584961,44.088379874242676,43.69063949584961,43.95868142284101,10581300
2021-11-23,43.7338752746582,43.93274381813889,43.526358408469974,43.77710699308988,14304900
2021-11-24,43.6819953918457,43.70793376332499,43.38801508772857,43.45718517779623,10756400
2021-11-26,42.402313232421875,42.6444134714674,42.177503040420994,42.63576844794508,13251100
2021-11-29,42.46284484863281,42.73088349800002,42.33314638719334,42.73088349800002,19083200
2021-11-30,42.532020568847656,42.80006255204108,42.12563837942649,42.57525559395932,20824800
2021-12-01,42.506080627441406,43.353434974195864,42.48878727770733,43.076747975189065,18932600
2021-12-02,43.00757598876953,43.26696962666802,42.75682737617441,42.99892766509711,22318400
2021-12-03,42.41096115112305,43.06809512820347,42.25532433014972,42.94704170204863,21125000
2021-12-06,42.687652587890625,42.72223928471403,42.17751035403676,42.367733888196526,13722700
2021-12-07,43.3101921081543,43.34477879872554,43.14591027549341,43.163200322410674,14655400
2021-12-08,43.56959533691406,43.647413758744015,43.28426332245028,43.379371795025484,11548300
2021-12-09,43.35342788696289,43.578238098385654,43.284257797703425,43.45718467003642,17677100
2021-12-10,43.43125534057617,43.46584204159065,43.24968010780417,43.379375289054444,13189500
2021-12-13,42.76547622680664,43.14592334156615,42.679012772562764,43.10268831607486,17059600
2021-12-14,42.67035675048828,42.75682348750313,42.48013652579314,42.48878155031025,16849400
2021-12-15,42.514713287353516,42.54929997676183,41.952694427125515,42.445543206905135,20915100
2021-12-16,42.62712478637695,43.04215522655859,42.54066134822739,42.843286680119604,20637200
2021-12-17,42.33314895629883,42.4887858001239,42.12563536344479,42.255330534386296,14400100
2021-12-20,41.746376037597656,41.78130040412568,41.466961120042114,41.746376037597656,23244400
2021-12-21,42.45364761352539,42.47111146388865,42.05198904783711,42.10438059892688,19453500
2021-12-22,42.689395904541016,42.706859751348226,42.27027357383255,42.331395372213684,14604100
2021-12-23,42.94261932373047,43.047399080119355,42.671934677930075,42.794178282198516,18927300
2021-12-27,43.08232879638672,43.169644708991065,42.93388774789306,42.96008518638521,15682600
2021-12-28,42.93388748168945,43.10852263670392,42.93388748168945,43.08232852926273,18368000
2021-12-29,42.750526428222656,42.89023390030617,42.5671609956547,42.85530953045195,13618500
2021-12-30,43.300621032714844,43.43159822985996,42.76798531629452,42.76798531629452,15833800
2021-12-31,43.187110900878906,43.562575341048465,43.16964705123279,43.26569655884204,14828700
2022-01-03,43.49272155761719,43.536379514565844,43.12598739129354,43.3704746149169,13977200
2022-01-04,43.31808853149414,43.55384550768959,43.23950287276233,43.51891780805572,9323100
2022-01-05,42.67193603515625,43.449058970627156,42.663205776383,43.169644057444096,18329200
2022-01-06,42.91642379760742,43.099789197944034,42.654469418968496,42.82037430289159,14844700
2022-01-07,43.13471984863281,43.23076601904254,42.82910749623944,43.01247290914235,10705600
2022-01-10,43.2220344543457,43.3879360137375,42.96008339655766,43.265692408828976,18169200
2022-01-11,44.06028747558594,44.06902106666165,43.34428622827388,43.44906600495907,16480000
2022-01-12,44.732627868652344,44.75882197840818,44.39209111827111,44.54052884807264,15080100
2022-01-13,44.17379379272461,44.61911027072606,44.156329944249656,44.59291616345789,12451500
2022-01-14,44.26111602783203,44.313507580742105,44.02535903607017,44.095214439950276,13133500
2022-01-18,43.606231689453125,43.85945250363784,43.55384347333809,43.62369553845434,19183200
2022-01-19,43.780860900878906,43.99042372953546,43.72847269188089,43.91183808515027,14639500
2022-01-20,44.05154800415039,44.70642730055236,43.99042620295727,44.488134201751706,16328800
2022-01-21,43.36174011230469,43.98169170061469,43.33554600687669,43.964227853366594,21514300
2022-01-24,42.78545379638672,42.794184056060196,41.89481741969405,42.72433198600584,36464800
2022-01-25,42.77671813964844,43.00374150229299,42.340131931503336,42.584619142180294,26653700
2022-01-26,42.33140182495117,43.12598865591609,42.23535231831442,43.029939149279336,20414900
2022-01-27,41.9559326171875,42.453640612350526,41.92973851140681,42.40125240078915,22849100
2022-01-28,42.025794982910156,42.05198909303876,41.51062305475139,41.93847573100002,27922500
2022-01-31,43.3704719543457,43.431597087390415,42.506033134770234,42.549691089040685,20554000
2022-02-01,43.623695373535156,43.623695373535156,43.178378883797805,43.52764586983589,21060100
2022-02-02,43.545108795166016,43.763401905892984,43.248230031341805,43.754671647054856,11594200
2022-02-03,43.17837142944336,43.36173681527363,42.97754219769288,43.06485809640595,13942700
2022-02-04,43.20457458496094,43.39667359944329,42.80291603730578,42.90769580389218,15478800
2022-02-07,43.20457458496094,43.422867708367704,43.07360070945011,43.11725866795372,13489300
2022-02-08,43.59749984741211,43.60623010615142,43.134719523793144,43.15218004127178,11707700
2022-02-09,44.24364471435547,44.26984215183632,43.90310800510024,43.972963397197944,11085600
2022-02-10,43.999168395996094,44.52307397375892,43.85073064737464,43.911852465146914,13962400
2022-02-11,43.31808853149414,44.103941787923524,43.230769282409476,43.96423432027682,15697700
2022-02-14,42.99501419067383,43.187109870420116,42.76798748158005,43.12598806356148,17819000
2022-02-15,43.97296142578125,44.01661937844081,43.59749703731017,43.63242473179313,12628200
2022-02-16,44.30477523803711,44.47067681812022,43.89438308675557,43.91184693690466,12961900
2022-02-17,43.728485107421875,44.12141011002025,43.64989944072438,44.01663033138662,11970000
2022-02-18,43.387935638427734,43.64989002483827,43.27442562393078,43.64989002483827,15194200
2022-02-22,42.715599060058594,43.003747597099334,42.44491770441427,42.75052676107364,19444900
2022-02-23,42.322669982910156,43.01247369126258,42.26154817749777,42.97754932451877,15556200
2022-02-24,41.46696472167969,41.48442524101596,40.296913403707165,40.366765473718814,31161900
2022-02-25,42.235355377197266,42.27028307866548,41.475696190152846,41.72018343865244,18987800
2022-02-28,41.75510787963867,41.82496327712038,41.31852163804405,41.4058375540075,22508100
2022-03-01,41.187538146972656,41.833687151505394,41.01290634169889,41.48441687918151,23007800
2022-03-02,41.31851577758789,41.49315091563391,40.88192959791694,41.231199874008986,16913500
2022-03-03,40.742225646972656,41.23993366800091,40.68983410180024,41.17881186407733,17723400
2022-03-04,39.97383499145508,40.22705580958021,39.79046957042185,40.087348346285076,25190600
2022-03-07,38.559303283691406,39.51106158550601,38.53310917062425,39.41501206307411,21377900
2022-03-08,38.72519302368164,39.12685484272777,38.332268124464,38.72519302368164,25919200
2022-03-09,39.70315170288086,39.781737355301125,39.11812443911029,39.153052135938964,16960800
2022-03-10,39.0919303894043,39.231637846035895,38.847443173021134,39.17924630071585,17520900
2022-03-11,38.29734802246094,39.36261958394987,38.28861443178935,39.29276418213274,18450900
2022-03-14,37.38051223754883,38.113977198448005,37.266998891094985,37.869486657556,27183200
2022-03-15,37.36304473876953,37.415432946715136,36.64704369581613,36.81294523912403,34112700
2022-03-16,40.27070999145508,40.288173839090604,38.85617164186079,39.039537045701316,33405400
2022-03-17,39.97383499145508,40.034956798466155,39.458663096012664,39.84286111824077,26385700
2022-03-18,40.602516174316406,40.67237156441045,39.55470863912412,39.68568583010628,30410100
2022-03-21,40.08936309814453,40.22947432902234,39.73908669120763,40.10687741956866,22204800
2022-03-22,40.71110916137695,40.851220389998716,40.54472478078441,40.57099793275518,23516500
2022-03-23,40.430877685546875,40.859970141979524,40.22946803147105,40.32579511396703,19841900
2022-03-24,40.676090240478516,40.719874383540414,40.35208357320127,40.5534933036988,17516500
2022-03-25,40.3608283996582,40.387098210449956,40.09812027019535,40.31704426816692,22809800
2022-03-28,40.49217987060547,40.49217987060547,40.12438585567605,40.36957963861916,19367000
2022-03-29,41.11392593383789,41.21900851354989,40.89500194413749,41.11392593383789,15914100
2022-03-30,41.06137466430664,41.39413999665512,40.96504759384938,41.12267310177685,23389300
2022-03-31,40.395851135253906,40.87748319227455,40.395851135253906,40.87748319227455,19759200
2022-04-01,41.16646194458008,41.37663042609464,40.912512677581454,41.21900490008739,18031700
2022-04-04,41.88454055786133,41.96334998960154,41.569289468840154,41.68312754169718,15647300
2022-04-05,41.14895248413086,41.77945127089743,41.10516501600258,41.77069578158066,15185300
2022-04-06,40.69358825683594,40.98256615764216,40.49217860705835,40.94753752102485,17994600
2022-04-07,40.395851135253906,40.55347665799006,40.16816833996185,40.46590506729519,18050600
2022-04-08,40.47467041015625,40.676080090395125,40.395857636104935,40.509695711556155,12011400
2022-04-11,39.96676254272461,40.220715169434825,39.922978413416104,40.05433414185655,16692400
2022-04-12,39.80913543701172,40.273256542845324,39.74783699029093,40.229469074746355,16535100
2022-04-13,40.23822784423828,40.264497652646426,39.91422129198351,39.91422129198351,12040000
2022-04-14,39.800376892089844,40.09811361352463,39.78286257429785,40.09811361352463,16026500
2022-04-18,39.63399887084961,39.809138736215886,39.42383370482214,39.52016079779935,19001600
2022-04-19,39.43258285522461,39.45009717299694,39.09982083909391,39.24868752938693,15956300
2022-04-20,39.17863845825195,39.485130705996546,39.1260954984179,39.485130705996546,20952500
2022-04-21,38.46931457519531,39.24868325842484,38.390501824053324,39.187384823149316,20043900
2022-04-22,38.16283416748047,38.775818709268,38.12780552494541,38.52186940217683,22372700
2022-04-25,37.768768310546875,37.80379361073083,37.34843464370413,37.44475839485379,26472400
2022-04-26,37.00690460205078,37.584863720854216,36.989393624963434,37.52356527950495,24194100
2022-04-27,37.52356719970703,37.70746587368003,37.25210361427277,37.31340205875887,53537400
2022-04-28,38.01396179199219,38.04899043239408,37.40097394701913,37.830066440654775,19501900
2022-04-29,38.04023742675781,38.79333660813798,38.031481935574206,38.62695555152524,20111300
2022-05-02,37.961421966552734,38.11029203029817,37.49730413469958,37.856339377183495,25821000
2022-05-03,38.25040054321289,38.30294350441915,38.06650518976356,38.21537190240872,20873600
2022-05-04,38.626953125,38.679492749832185,37.61114584522228,37.84758417851304,23587300
2022-05-05,37.225830078125,37.900116300956235,36.910582369989754,37.83881785710928,20766700
2022-05-06,36.71792984008789,36.98939677526522,36.481491543097604,36.91058400960179,31210700
2022-05-09,35.728397369384766,36.253816991892265,35.667098914502844,36.04364847478622,29101100
2022-05-10,35.877262115478516,36.28008142801898,35.54449673791629,36.21002415252598,33960000
2022-05-11,35.62331008911133,36.3501359614869,35.59704028062632,36.04364372744566,30111800
2022-05-12,35.44816970825195,35.74590644852024,35.045350395099206,35.28178868947532,26431600
2022-05-13,36.32387161254883,36.33263044370351,35.745912355406396,35.76342667720045,15708700
2022-05-16,36.24505615234375,36.3939262063181,36.026132156893,36.104944928875874,13006200
2022-05-17,37.076969146728516,37.19081056321835,36.787987860373214,37.13826760010416,14383600
2022-05-18,36.271331787109375,36.98940568076656,36.21003332578136,36.84053560288737,16249700
2022-05-19,36.796749114990234,36.963130165038784,36.36765657258081,36.385170894772564,15545600
2022-05-20,36.93685531616211,37.28713503121039,36.463978703001416,37.173293622742456,12317500
2022-05-23,37.19956588745117,37.28713749225064,36.96312756526533,37.155781755309015,10585800
2022-05-24,36.53403091430664,36.65662779541272,36.2100210536526,36.61284367223404,13145000
2022-05-25,36.73544692993164,36.840529511903746,36.41144035355055,36.46397997427908,12023000
2022-05-26,37.287139892578125,37.38346365328557,36.682907472367866,36.682907472367866,14458700
2022-05-27,37.68996047973633,37.70747480238165,37.392223675796835,37.54109040750885,13420900
2022-05-31,38.21536636352539,38.62694448203321,38.21536636352539,38.60943016416963,19722800
2022-06-01,37.961421966552734,38.48684159442951,37.81255524332259,38.40802881727375,10936200
2022-06-02,38.64446258544922,38.6532180749814,38.05774457134611,38.1540716587746,10197700
2022-06-03,38.04023742675781,38.32045991185059,37.96142464404325,38.276675774901506,9320800
2022-06-06,38.25040054321289,38.78457562367384,38.17158777166103,38.66197872137429,11482500
2022-06-07,38.443050384521484,38.443050384521484,38.00520244547461,38.07525637865448,10240500
2022-06-08,38.583168029785156,38.74954907180176,38.43429796859958,38.583168029785156,9156200
2022-06-09,37.75125503540039,38.36424290254407,37.74249620472562,38.276671298372044,13729900
2022-06-10,37.45351791381836,37.80379430570248,37.35719082038281,37.75125468420317,15577600
2022-06-13,36.236289978027344,36.76170607598338,36.104934283281295,36.52526782974894,23994400
2022-06-14,36.76171875,36.893074490032426,36.5340392531944,36.612852029110805,20284100
2022-06-15,37.30464553833008,37.52356952233557,36.75295950380696,36.96312465776389,17427400
2022-06-16,36.139976501464844,36.30635754891845,35.90353816633689,36.17500514530202,18107300
2022-06-17,36.2975959777832,36.60408820872779,36.043643363277816,36.48149131634995,16097300
2022-06-21,36.87632369995117,37.01747696006608,36.76163562443306,36.79692478080159,11495800
2022-06-22,36.267601013183594,36.50579777139731,36.117623780815315,36.179378121978964,14401600
2022-06-23,36.44404983520508,36.61166830991371,36.117630128419094,36.42640525386315,14524700
2022-06-24,37.22038269042969,37.246851239055346,36.73516859350677,36.796922931368286,11450100
2022-06-27,37.24685287475586,37.44093650283283,37.19391914053896,37.40565071204739,11693700
2022-06-28,36.999839782714844,37.661496452855125,36.973374592824385,37.47623339290221,12196800
2022-06-29,36.902793884277344,37.052767757446915,36.77928183151735,36.955724255815156,12481100
2022-06-30,36.74399185180664,36.796922217312805,36.23230921618742,36.42639619733387,13290700
2022-07-01,36.52344512939453,36.54991031609056,36.13527110926907,36.36464727849947,13034100
2022-07-05,36.2323112487793,36.2411352204313,35.650053638034876,35.80885147417964,15717000
2022-07-06,35.985294342041016,36.117623630257555,35.729453006652854,35.994114948445116,11606600
2022-07-07,36.73517990112305,36.85868861486384,36.43522872545539,36.46169728222845,9526600
2022-07-08,36.64695739746094,36.796931290520156,36.426405179178715,36.576379072237934,7877900
2022-07-11,35.7382698059082,35.95000135600205,35.62358510807624,35.9411807505376,11642400
2022-07-12,35.6059455871582,35.79120861644489,35.438323771305136,35.579480401648475,12804600
2022-07-13,35.50008010864258,35.65887458092713,35.07661696468654,35.08544093642183,15757700
2022-07-14,35.26189041137695,35.29717620930464,34.90900550922139,35.217777274587625,18559400
2022-07-15,35.38539123535156,35.394211841528715,34.91782170470342,35.20012821739955,14423900
2022-07-18,35.553016662597656,36.038230866315246,35.53537208141669,35.86179178522503,23135300
2022-07-19,36.05587387084961,36.11762821960275,35.84414563665588,35.950009753752745,21114800
2022-07-20,35.90589904785156,36.04705232208153,35.80003493351897,35.976474002286785,20319700
2022-07-21,36.34700012207031,36.34700012207031,36.002939257976585,36.055869627616104,14990800
2022-07-22,35.976470947265625,36.3293557855543,35.835317685022,36.26760144365766,8552400
2022-07-25,36.14408874511719,36.14408874511719,35.950001769080934,36.07351043915533,10830900
2022-07-26,35.800025939941406,36.17937253478148,35.755912818471906,36.07350844704376,10031900
2022-07-27,36.505794525146484,36.58519343749057,35.99411189773819,36.15290972242636,11653800
2022-07-28,36.6204833984375,36.66459652782345,36.126448656763955,36.532263870384156,12100400
2022-07-29,36.45286560058594,36.479330786403146,36.03822640753317,36.18820364633582,12881200
2022-08-01,36.2323112487793,36.45286342505156,35.93236015443465,36.19702209288954,14053200
2022-08-02,36.02058792114258,36.39111401207474,35.80885632249593,35.92354441198618,13208000
2022-08-03,36.21466827392578,36.276422616786924,35.85296282344225,36.01176066661641,7069800
2022-08-04,36.514617919921875,36.59401683833074,36.355820083104156,36.47932876388257,11478200
2022-08-05,36.505794525146484,36.57636946647518,36.24995321144234,36.29406297044263,8281100
2022-08-08,36.5851936340332,36.81456640128229,36.52343929802926,36.63812399897435,8486300
2022-08-09,36.505794525146484,36.717522714491444,36.4263956128024,36.65576837881926,7219500
2022-08-10,36.96455383300781,37.017484212571595,36.62931351254457,36.76164282681386,7292400
2022-08-11,37.14098358154297,37.617377070011806,37.052764060874956,37.29978141103258,10109800
2022-08-12,37.52915954589844,37.5379801522909,37.09687579476607,37.14098555744672,9075700
2022-08-15,37.38801193237305,37.44976628252382,37.17628032802778,37.2203900973698,8868500
2022-08-16,37.40565490722656,37.458585282020636,37.25567765947111,37.308611399624716,10804300
2022-08-17,37.31742858886719,37.47622642942332,37.18509929864322,37.2733188254592,10500500
2022-08-18,37.079227447509766,37.22920466380976,36.93807420206445,37.1762709347582,11487100
2022-08-19,36.66459274291992,36.86750032878378,36.585193829724595,36.84103178081271,10237500
2022-08-22,36.40876007080078,36.53226877279329,36.36465030085485,36.44404923290142,10150400
2022-08-23,36.63813400268555,36.761642708416375,36.40876117280828,36.48816010725807,11575200
2022-08-24,36.66459274291992,36.84985575192271,36.32935251327754,36.37346227275074,9775000
2022-08-25,37.34389877319336,37.352719380117215,36.91161499601822,36.94690415443239,11979000
2022-08-26,36.84986114501953,37.67031557966112,36.832216565576125,37.62620581373231,8782400
2022-08-29,36.67341232299805,36.973363390529336,36.67341232299805,36.74399062846839,9447100
2022-08-30,36.2323112487793,36.81456885952372,36.11762317481716,36.81456885952372,10693400
2022-08-31,36.28523635864258,36.69987206304308,36.28523635864258,36.558718838391314,9337500
2022-09-01,36.11762237548828,36.13526695304266,35.76474092047785,36.064692008184196,18818700
2022-09-02,35.826499938964844,36.21467059978763,35.755921619528245,36.06469671902411,10848500
2022-09-06,35.517723083496094,35.81767419555325,35.46479271189499,35.75591985177907,14144900
2022-09-07,35.81766891479492,35.85295806756571,35.341278813824616,35.376564601236566,9883200
2022-09-08,35.71180725097656,35.72945182856215,35.42068013421203,35.508899656780905,12770900
2022-09-09,36.18820571899414,36.24996006634413,35.98529809693566,36.02940786427715,9009700
2022-09-12,36.74399185180664,36.75281245760468,36.42639619733387,36.49697113979507,10716200
2022-09-13,35.57947540283203,36.12644380712777,35.52654167389032,36.00293513828926,9973100
2022-09-14,35.75592041015625,35.87060849268188,35.62359111372765,35.76474438246712,10471000
2022-09-15,35.447147369384766,35.75591908160479,35.35892784171026,35.53536689705927,14054400
2022-09-16,34.997222900390625,35.11191099134393,34.84724901367906,35.00604687334991,19815200
2022-09-19,35.13938903808594,35.14833226869758,34.73702893163959,34.76385521263142,20290600
2022-09-20,35.01420974731445,35.13938768431004,34.87114876062765,35.01420974731445,10472300
2022-09-21,34.433021545410156,34.96055955764877,34.37937580877621,34.7996155260612,19732800
2022-09-22,34.33467102050781,34.53137774603973,34.20948967227825,34.46878877734644,19730200
2022-09-23,33.54783248901367,33.762422255357755,33.36006559075189,33.73559938727546,22623300
2022-09-26,33.082889556884766,33.45842342275805,33.01135734766501,33.261716669090674,21316600
2022-09-27,33.064998626708984,33.52994764333096,32.92193765319781,33.3332375256871,19028000
2022-09-28,33.32429885864258,33.44053696952547,32.82358372862941,32.877232874616,15878500
2022-09-29,32.67158508300781,32.805702840543084,32.37651987691281,32.76099692136466,15620900
2022-09-30,32.62687301635742,32.912994938200576,32.58216369476001,32.65369588064198,14585900
2022-10-03,33.127593994140625,33.20806602047632,32.6805279391297,32.88617791513353,25180700
2022-10-04,34.05748748779297,34.164782371091526,33.70877655894053,33.75348247607802,15692700
2022-10-05,34.12007522583008,34.227370105266644,33.79818717667766,34.021720165162094,11790500
2022-10-06,33.878665924072266,34.13796506086534,33.851843051591395,33.94125490042323,12713600
2022-10-07,33.20805740356445,33.61041743083753,33.14546844497113,33.52994542538292,14150700
2022-10-10,32.75205993652344,33.002415834265065,32.62688198765263,33.002415834265065,11826300
2022-10-11,32.24239730834961,32.59110820108886,32.14404225432726,32.38545827487962,14793200
2022-10-12,32.23345947265625,32.40334674379045,32.12616458251674,32.26028575332342,13520200
2022-10-13,32.35863494873047,32.51957897710477,31.419797057108877,31.446619924890328,24983600
2022-10-14,31.884750366210938,32.56428925753216,31.86686731501258,32.56428925753216,17628500
2022-10-17,32.698402404785156,32.84146336839041,32.492752482780254,32.492752482780254,19459100
2022-10-18,32.70735168457031,33.07394568480745,32.48381867440516,33.011353303985594,13684600
2022-10-19,32.13510513305664,32.40334748077088,32.03675347118364,32.19769410463179,14793200
2022-10-20,32.38546371459961,32.85935260629545,32.34075438373973,32.376520484090406,11343100
2022-10-21,32.85935592651367,32.85935592651367,32.17981700540312,32.269228854471244,12821500
2022-10-24,31.580739974975586,31.679095034506076,31.187323147696308,31.625445889986896,32579800
2022-10-25,31.840042114257812,31.875808214037917,31.58968623748308,31.58968623748308,18412100
2022-10-26,32.269222259521484,32.54640439233362,31.875805428844682,31.902628295914575,14333800
2022-10-27,32.036746978759766,32.331808726269145,31.992037655972556,32.04568679681174,14762300
2022-10-28,31.813222885131836,31.813222885131836,31.49133477196424,31.598629672738973,12132400
2022-10-31,31.696979522705078,31.74168543974742,31.428740609608173,31.43768042867951,18313400
2022-11-01,32.224517822265625,32.52852283609239,32.1082797082264,32.456990639501214,21685500
2022-11-02,31.98310089111328,32.67158291548278,31.974157661365116,32.31392876409717,18052600
2022-11-03,32.24239730834961,32.34074895152947,31.804271179752547,31.804271179752547,19192000
2022-11-04,33.55677795410156,33.55677795410156,33.10077206576418,33.42266018028159,18646100
2022-11-07,33.49418640136719,33.73560246868737,33.37795168849844,33.664073676986845,14516600
2022-11-08,33.63724136352539,33.78030233211481,33.324296560624326,33.45841430007798,16713600
2022-11-09,33.020294189453125,33.476299997034815,32.975588272763595,33.33323901712264,11003200
2022-11-10,34.12902069091797,34.1558469733473,33.71772074266323,33.84289869118917,14703600
2022-11-11,34.81749725341797,34.933735363116796,34.54925834790299,34.60290749334308,13116800
2022-11-14,34.701263427734375,34.9337362421389,34.593965134154296,34.719146476664385,19903400
2022-11-15,35.47021484375,35.74739699197348,35.237742024252455,35.74739699197348,14947400
2022-11-16,34.90690994262695,35.21985474103096,34.88902689545494,35.201971693858944,12313200
2022-11-17,35.09468078613281,35.12150365449963,34.361492823468296,34.37937587266046,10152900
2022-11-18,34.844329833984375,34.987390836857855,34.70126883111089,34.94268491299302,13884800
2022-11-21,34.52243423461914,34.5939630151149,34.3525469856118,34.53137405311513,11523200
2022-11-22,34.61185073852539,34.62973378877574,34.397260957207415,34.49561602816277,12576700
2022-11-23,34.799625396728516,34.84433473772878,34.59397538933386,34.629741497796545,8148200
2022-11-25,34.674434661865234,34.79067276615164,34.63867197741314,34.75490667085696,4877400
2022-11-28,34.59396743774414,34.93373856835389,34.558204748345524,34.60291066822609,14967900
2022-11-29,35.27350997924805,35.40762773995543,35.166215088513525,35.24668369843211,12193700
2022-11-30,36.230228424072266,36.346466537102344,35.77421920186965,35.997752198012115,16331300
2022-12-01,36.14081954956055,36.38223563724935,35.99775854324608,36.31964666016449,18123200
2022-12-02,36.36434555053711,36.46270061288497,35.9083397470112,35.9083397470112,12581500
2022-12-05,35.99774932861328,36.40905260097079,35.899397683258236,36.40905260097079,11066600
2022-12-06,36.024574279785156,36.19445810915725,35.917275998331,36.16763524421493,10671300
2022-12-07,35.80998992919922,35.90834500595163,35.65798910937696,35.72951790375118,13380600
2022-12-08,36.22127914428711,36.346460466326434,36.04245550591546,36.167633417112526,16254600
2022-12-09,35.91728591918945,36.266000313971624,35.91728591918945,36.212351158425896,10962700
2022-12-12,35.81892776489258,35.81892776489258,35.50597953047014,35.80998453516587,15846000
2022-12-13,36.00669479370117,36.587878526928804,35.94410582875116,36.48058364570633,20943100
2022-12-14,36.06928253173828,36.22128332406285,35.8278664990675,36.06034271312499,19430000
2022-12-15,35.371864318847656,35.997754010892685,35.30927534964315,35.85469302259053,16821500
2022-12-16,35.32714080810547,35.58643981120693,35.309261176232354,35.47914496576005,12156700
2022-12-19,35.39530563354492,35.58613956504889,35.30442985671701,35.58613956504889,19755100
2022-12-20,35.27717208862305,35.43165919010456,35.159035301202685,35.21356077229441,18051400
2022-12-21,35.60432052612305,35.61340637200918,35.168127125891836,35.25899945098113,15728300
2022-12-22,35.28626251220703,35.50435747033211,35.0136386147154,35.50435747033211,17285500
2022-12-23,35.213558197021484,35.32260566467322,35.04998526226564,35.231733352722856,14616500
2022-12-27,35.767887115478516,35.94054588902629,35.486177411373475,35.51344187729098,13829000
2022-12-28,35.249916076660156,35.713370513602094,35.249916076660156,35.667934347871665,15688000
2022-12-29,35.8587646484375,35.94964043714105,35.64975553425467,35.67701653758729,13383100
2022-12-30,35.422569274902344,35.75880100784854,35.286260799330115,35.66792869080039,15760600
2023-01-03,35.80424118041992,36.149558763728585,35.704279550204404,35.87693834185873,12098600
2023-01-04,36.73115158081055,36.76750189645047,36.11321354771644,36.30404750499066,13970300
2023-01-05,36.622100830078125,36.69480145486576,36.39491657745164,36.4221810450253,9447800
2023-01-06,37.249141693115234,37.267313387686265,36.58576044487406,36.78568375073072,12189500
2023-01-09,37.449058532714844,37.70350730157564,37.43997268615711,37.61263150321205,14642900
2023-01-10,37.71259307861328,37.721678925154265,37.394536451320164,37.55810942151584,8682200
2023-01-11,37.86707305908203,37.88524821695656,37.56719162054452,37.63080293982693,11254400
2023-01-12,38.03973388671875,38.12152036078203,37.58536535671314,37.921597098281396,12603900
2023-01-13,38.2941780090332,38.31235316567671,37.976121434163495,37.976121434163495,8663200
2023-01-17,38.09425354003906,38.13060385216911,37.93976991332119,38.0760818505306,14381200
2023-01-18,37.86707305908203,38.46684286927086,37.86707305908203,38.39414223777273,10775600
2023-01-19,38.16695785522461,38.27600533560361,38.01247421356744,38.02156005920031,11808300
2023-01-20,38.61223602294922,38.62132186751554,38.23056468659028,38.357787309857756,12689100
2023-01-23,38.893943786621094,39.06660603912358,38.63949853016265,38.69402399935659,13000000
2023-01-24,38.930301666259766,38.95756267287712,38.712203213649076,38.766728693441074,13591800
2023-01-25,38.93938064575195,38.95755580247732,38.530451752379605,38.71219638651989,8435800
2023-01-26,39.23926544189453,39.275615755261896,38.98482018143631,39.166564815159795,10829900
2023-01-27,38.97572708129883,39.084774544244624,38.86667961835303,39.084774544244624,11910800
2023-01-30,38.2760124206543,38.55772221921568,38.2760124206543,38.43958540477929,11908200
2023-01-31,38.37596130371094,38.37596130371094,38.05790475517143,38.139691220018214,14673600
2023-02-01,38.766719818115234,38.88485659733946,38.257825856235634,38.48501010352102,23841300
2023-02-02,38.49409866333008,38.77580490586925,38.34870088656767,38.77580490586925,11068700
2023-02-03,37.885250091552734,38.339618661227874,37.812552923014394,38.10334853028192,13327200
2023-02-06,37.494483947753906,37.549009411137874,37.21277771999407,37.34000033466707,12668700
2023-02-07,37.56718826293945,37.69441089013362,37.22186722730057,37.4581407919954,11589100
2023-02-08,37.494483947753906,37.667146181858335,37.32182518020574,37.61262071847437,11288000
2023-02-09,37.639892578125,37.99430299255382,37.530845086446966,37.93069166686186,8787500
2023-02-10,37.32183074951172,37.47631785220798,37.221869118335924,37.45814269503449,6052700
2023-02-13,37.65806198120117,37.73076260891126,37.403616717329314,37.4854031902248,5597800
2023-02-14,37.54901885986328,37.71259182461994,37.2582232484197,37.3490955770369,8875500
2023-02-15,37.367271423339844,37.37636073630301,37.076475806547876,37.14008713106129,8818400
2023-02-16,37.29457473754883,37.494494560095625,37.0492152827095,37.15826277378567,7802700
2023-02-17,36.99468994140625,37.04921542042564,36.83111697090534,36.958339622059995,7075600
2023-02-21,36.58575439453125,36.976511627780326,36.58575439453125,36.8038528254486,12837300
2023-02-22,36.43126678466797,36.6311900357002,36.34948031529629,36.52213909883358,14404200
2023-02-23,36.558494567871094,36.894726337578824,36.36766060127133,36.84929017408704,13227300
2023-02-24,35.8587646484375,36.022337601547,35.72245616521751,35.87693980617821,20141500
2023-02-27,36.0405158996582,36.122302383339374,35.96781872891783,36.10412722401498,14329600
2023-02-28,35.82241439819336,36.06777382830444,35.79515339481109,35.92237603267086,10625000
2023-03-01,36.54031753540039,36.676629485442845,36.4676203708528,36.631193324280986,12820000
2023-03-02,36.70388412475586,36.80384574191377,36.36765243058895,36.44034958253161,13843800
2023-03-03,36.97651290893555,37.04012423129107,36.75841793701864,36.80385410062158,8122600
2023-03-06,36.84928894042969,37.10373768726788,36.81293862423038,36.940164730927954,8619700
2023-03-07,36.304046630859375,36.72206485098266,36.2949573188898,36.7129790055699,9885900
2023-03-08,36.4948844909668,36.567585128280044,36.35857252928306,36.36766184222581,6696800
2023-03-09,35.749717712402344,36.24043657919603,35.695192238350735,36.16773594712722,8372600
2023-03-10,35.549800872802734,35.886036157120714,35.51345401674902,35.72246317192752,14675700
2023-03-13,35.51344680786133,35.74063107822925,35.3044342285528,35.386220704547526,14464000
2023-03-14,35.53162384033203,35.61341032862159,35.36805086375291,35.46801251239097,10215200
2023-03-15,34.940940856933594,34.96820185959663,34.63197011604423,34.83189337972464,23584100
2023-03-16,35.3862190246582,35.40439418141163,34.81371718643034,34.850064033380505,14642100
2023-03-17,35.20447540283203,35.422570357032896,35.0954244591748,35.41348451167319,8361300
2023-03-20,35.26631164550781,35.3845338818852,35.02987064181717,35.129904574977715,7514800
2023-03-21,35.63916015625,35.72100577922945,35.46637649398842,35.58459872030625,7121900
2023-03-22,35.748294830322266,36.239365165952144,35.730106526178304,35.866513603661595,8075800
2023-03-23,36.1848030090332,36.56674698133178,36.01201585760497,36.339398387611894,9410700
2023-03-24,36.1120491027832,36.13023740622042,35.88470051341429,35.94835784091245,8957900
2023-03-27,35.93927001953125,35.957458325294326,35.75739043096507,35.8574243781297,7548100
2023-03-28,36.36668395996094,36.37577637766703,36.17570849748927,36.18480438425973,5786400
2023-03-29,36.493995666503906,36.54855710645016,36.30302021949976,36.40305415148667,9960600
2023-03-30,36.848663330078125,36.93960138695822,36.68497205244235,36.78500599644916,6306800
2023-03-31,36.73953628540039,36.90322755999484,36.65769064810316,36.8122860357399,8309800
2023-04-03,36.894126892089844,36.92140761129892,36.73043563870742,36.77590466041054,9475800
2023-04-04,36.930503845214844,36.948692147880344,36.748624287623834,36.83956233188733,6596700
2023-04-05,36.60313034057617,36.866855590512415,36.46671977155677,36.866855590512415,6787900
2023-04-06,36.82137680053711,36.90322242644893,36.52127501583914,36.62130894407179,7399600
2023-04-10,36.73953628540039,36.75772112118694,36.566749123848226,36.62131403840119,5814800
2023-04-11,37.012351989746094,37.13966664799878,36.96688296452217,37.048728597550934,7100300
2023-04-12,36.73043441772461,37.12147423568778,36.684965397532956,37.08509763190891,7865500
2023-04-13,37.17604064941406,37.2306020882318,37.05781841686895,37.09419502212345,5708200
2023-04-14,36.97597885131836,37.14876255100689,36.83047587551103,37.01235546253634,6061600
2023-04-17,37.17604064941406,37.22150967145018,37.0396301142417,37.17604064941406,14731500
2023-04-18,37.10329055786133,37.23970110450056,37.00325661953447,37.19423207864225,8100500
2023-04-19,36.721343994140625,36.785001319676326,36.62131006285193,36.71224810817035,6359200
2023-04-20,36.67587661743164,36.89412932361626,36.58493509896786,36.694061452060176,6724200
2023-04-21,36.33030319213867,36.39396051598734,36.15751605392316,36.39396051598734,6920600
2023-04-24,36.28483581542969,36.33939725602234,36.175705996116136,36.27573992928816,8266900
2023-04-25,35.66645431518555,35.902895364863376,35.63007770167671,35.86651875135454,10370800
2023-04-26,35.911983489990234,36.14842448855866,35.87560688434461,36.10295546603366,10182000
2023-04-27,36.37577438354492,36.41215099050387,36.06658016252222,36.093860883209345,8388200
2023-04-28,36.59402847290039,36.621309192034396,36.403053031770426,36.42124133421442,9111300
2023-05-01,36.47580337524414,36.712244350308374,36.439426773214656,36.44852265825388,13057500
2023-05-02,36.09385681152344,36.32120537577379,35.96654217059345,36.32120537577379,11429900
2023-05-03,36.084774017333984,36.30302675453562,36.057493292449955,36.1302430484956,9552800
2023-05-04,36.39397048950195,36.49400444555318,36.30302895260769,36.4121587968808,8866000
2023-05-05,36.785003662109375,36.830472687664006,36.45762112761319,36.52127845720253,6629800
2023-05-08,36.79409408569336,36.948692927078405,36.73043675955366,36.921408737972754,26327200
2023-05-09,36.566749572753906,36.60312618290245,36.41215418321931,36.45762321137275,9169700
2023-05-10,36.57584762573242,36.66678568742438,36.39396803328382,36.57584762573242,11900700
2023-05-11,36.43033981323242,36.45762053430838,36.19389533369335,36.3303058772016,28532700
2023-05-12,36.021114349365234,36.23027465442797,35.96654943406276,36.21208634932715,26730000
2023-05-15,36.648590087890625,36.67587427622017,36.23936195358734,36.3757724880431,20806300
2023-05-16,36.39397048950195,36.539473479467844,36.357593874744246,36.3757821821231,18151700
2023-05-17,36.52128219604492,36.55765880783837,36.28484115751678,36.357590912039036,9341700
2023-05-18,36.29393005371094,36.366683270237345,36.139334672188774,36.366683270237345,9298600
2023-05-19,36.27573776245117,36.36667927311365,36.184799720852624,36.321206783250446,8734000
2023-05-22,36.512184143066406,36.675875401811446,36.4848999538995,36.493995839976506,8717400
2023-05-23,35.966548919677734,36.2848390507933,35.948360614837036,36.212085831430514,11626700
2023-05-24,35.71192169189453,35.93017442469951,35.675545080072155,35.89380128194177,8592200
2023-05-25,35.64826202392578,35.830141602075976,35.5936971097614,35.830141602075976,9488900
2023-05-26,36.2393684387207,36.28484093771938,35.92108176011766,35.96655079005172,8469500
2023-05-30,35.766483306884766,36.093862375861434,35.67554178572654,36.084769958277775,12867000
2023-05-31,35.51184844970703,35.620974799680795,35.2208425370676,35.593694079453385,13526500
2023-06-01,36.12114715576172,36.14842787802189,35.566416009375736,35.584604313903974,14261200
2023-06-02,36.69406509399414,36.766818315986015,36.62131534106683,36.6395036465648,9367600
2023-06-05,36.657691955566406,36.69406509750126,36.50309309335118,36.575846315350006,7578800
2023-06-06,36.93959426879883,36.96687845585687,36.530366153566526,36.566742756934694,7998700
2023-06-07,36.85775375366211,37.166947987013366,36.80319231011233,36.966883578890304,8395400
2023-06-08,37.05782699584961,37.08510772157403,36.85775908969765,36.866854977649005,8976100
2023-06-09,37.1578483581543,37.303351294489566,37.076002739649226,37.09419104032409,10055100
2023-06-12,37.24879837036133,37.28517498340849,37.15786030680819,37.221517645108335,7245900
2023-06-13,37.5579833984375,37.72167464779324,37.50342196136152,37.60345241902211,8306100
2023-06-14,37.912654876708984,37.967219794738355,37.62164891868167,37.64893311222868,8886900
2023-06-15,38.27641296386719,38.28550538207966,38.06725265433469,38.10362926531371,10193000
2023-06-16,38.1400032043457,38.3309786814446,38.067253449931776,38.32188279397746,9704300
2023-06-20,37.46064376831055,37.70751686238443,37.378352736952586,37.67094229557141,12278200
2023-06-21,37.396644592285156,37.44236106241917,37.25034979509048,37.360070021000716,8392800
2023-06-22,37.2320556640625,37.268626740679984,37.06747361148521,37.122331970382675,6856700
2023-06-23,36.71088409423828,36.77488784481517,36.60116038929835,36.75660056065851,8339800
2023-06-26,36.82974624633789,36.99432831597029,36.793175165930656,36.85717891657183,8476200
2023-06-27,37.17719650268555,37.19548378628648,37.003472540390696,37.12233465188273,7398200
2023-06-28,37.03089904785156,37.07661550958141,36.893746174719574,36.957749918729846,7332800
2023-06-29,36.875457763671875,36.902886939687235,36.774879467692884,36.81145053973268,9086400
2023-06-30,37.19548797607422,37.32349548775714,37.113196934571896,37.2046298749331,7622800
2023-07-03,37.561222076416016,37.73494603683306,37.50636022620621,37.57950587187661,4891400
2023-07-05,37.37834930419922,37.45149494316504,37.314345562125744,37.44235304627269,8001600
2023-07-06,36.665164947509766,36.930325341707814,36.53715744353634,36.87546697597228,7924400
2023-07-07,37.10405349731445,37.277777471975085,36.820605813238,36.820605813238,6731700
2023-07-10,37.11319351196289,37.131480795937286,36.84803312624837,36.89374959221296,5512800
2023-07-11,37.442359924316406,37.46978910797445,37.14977033882064,37.30520703014021,7374500
2023-07-12,38.15554428100586,38.21040613292631,37.90867117927801,37.93610384920962,7753200
2023-07-13,38.57614517211914,38.603577844769795,38.31098824807903,38.3201301470005,7400300
2023-07-14,38.33841323852539,38.475566122944635,38.30183867095456,38.44813345329514,8034400
2023-07-17,38.38412857055664,38.393273956150665,38.027535267127874,38.19211732839386,5386800
2023-07-18,38.109832763671875,38.2561275665136,38.0001125335264,38.16469462271623,6676000
2023-07-19,38.05495834350586,38.32926057229993,38.02752916700908,38.173823921562054,7513000
2023-07-20,37.81723403930664,38.000103370750224,37.76237219349085,37.95438342193254,16580400
2023-07-21,37.7989501953125,37.95438687401449,37.75323373027913,37.89952851115153,8739900
2023-07-24,38.30184555053711,38.39328198588753,37.82638655054499,37.86296112468516,5984000
2023-07-25,38.594425201416016,38.7772945369506,38.56699602186569,38.749865357400274,6986000
2023-07-26,38.83216094970703,38.94188116875121,38.4389930528606,38.45728033735844,6717700
2023-07-27,38.40242004394531,38.89616628161665,38.35670357481494,38.86873360978401,7094600
2023-07-28,39.33504867553711,39.35333595985361,39.097317467365464,39.15217932031496,7433300
2023-07-31,39.38076400756836,39.40819318928129,39.14303629418987,39.207040043481875,6857800
2023-08-01,38.83216094970703,39.04245948951791,38.78644099449099,38.996743022244736,5868100
2023-08-02,37.990962982177734,38.31098522627722,37.908671946602766,38.30183984013397,8465400
2023-08-03,38.15554428100586,38.28355178087746,38.03667867914961,38.073253247096574,6815700
2023-08-04,38.20125961303711,38.530423738903636,38.1464012506878,38.33841249479572,7930900
2023-08-07,38.13725662231445,38.30183868851592,38.018394509568864,38.30183868851592,8382300
2023-08-08,37.74409103393555,37.75323642035949,37.460646837766426,37.634370812448886,8101300
2023-08-09,37.80809020996094,37.972672266237566,37.65265353900108,37.945243086172304,6947800
2023-08-10,37.88124465942383,38.34755822571847,37.80809551838928,38.04582673880853,7871700
2023-08-11,37.33263397216797,37.48807063963211,37.241197560769244,37.46064146018372,8667700
2023-08-14,37.15890884399414,37.213770694243166,36.84803200180168,36.9851848834529,9253000
2023-08-15,36.7657356262207,37.003466788134446,36.71087727188843,36.985179507376294,9959000
2023-08-16,36.518863677978516,36.79316940974674,36.500576396664485,36.66515844054851,9421100
2023-08-17,36.63774490356445,36.99433832156567,36.592028424733684,36.99433832156567,10690300
2023-08-18,36.40914535522461,36.46400720199528,36.23542140569782,36.28113786736882,12520800
2023-08-21,36.4914436340332,36.50058553300737,36.28114507819608,36.363436120736104,7957800
2023-08-22,36.427433013916016,36.656018812575645,36.37257116657841,36.63773153012978,9951400
2023-08-23,36.96690368652344,37.021765545805295,36.674314079573335,36.68345597881536,8213500
2023-08-24,36.81145477294922,37.113189695584886,36.78402559377958,37.04918595222746,9860900
2023-08-25,36.78403091430664,36.85718005326269,36.50972861910731,36.78403091430664,10158300
2023-08-28,37.14977264404297,37.18634372854201,36.985190555996056,37.04919431379839,9341400
2023-08-29,37.64350891113281,37.65265429663361,37.17719540092772,37.26862832828006,10768900
2023-08-30,37.50636291503906,37.625228521710454,37.45150106089621,37.46064644722481,7344200
2023-08-31,37.05833053588867,37.30520363013999,37.04004325246902,37.30520363013999,8443700
2023-09-01,37.46064376831055,37.63436772875839,37.3966400203591,37.55207669740043,11385100
2023-09-05,37.2411994934082,37.35091970483816,37.186337643721906,37.323490523966335,8283200
2023-09-06,37.06747055053711,37.39663462851006,37.030895988997415,37.19547802798389,8385200
2023-09-07,36.68345642089844,36.76574746684132,36.59202347560336,36.74746018019365,7904200
2023-09-08,36.7566032409668,36.82974889498442,36.674312200232556,36.77489052645697,7729100
2023-09-11,37.17719650268555,37.19548378628648,37.003472540390696,37.09490547045268,7020300
2023-09-12,37.076622009277344,37.1772003354803,36.893752642357704,36.92118531455864,7308600
2023-09-13,37.040042877197266,37.14062119101502,36.957751846613895,37.01261369631702,8036800
2023-09-14,37.25949478149414,37.350927729338856,37.122341871783675,37.2229202071789,6672500
2023-09-15,37.06747055053711,37.25033987029343,37.030895988997415,37.213765308753736,8296300
2023-09-18,37.01032257080078,37.02875550186167,36.85361452564087,36.92736031545561,7427900
2023-09-19,36.825965881347656,36.94580104549092,36.77065653257541,36.8812717137267,7604100
2023-09-20,36.71534729003906,37.047192802670786,36.706127307903444,36.88126828815848,9652000
2023-09-21,36.12539291381836,36.300537417286336,36.12539291381836,36.24522807149755,12836100
2023-09-22,36.5494270324707,36.74300448315023,36.512554132419375,36.7061315830989,13280100
2023-09-25,36.411155700683594,36.43880861774205,36.26366761571631,36.28210406588638,9023800
2023-09-26,35.987125396728516,36.22679219950856,35.9502524989491,36.13461347145309,12282900
2023-09-27,36.0332145690918,36.20835555802281,35.876506512559374,36.18070264303187,12274500
2023-09-28,36.10696029663086,36.14383319773607,35.830420571128585,35.885729922786396,8924400
2023-09-29,36.14382553100586,36.51254743105886,36.10695263772203,36.51254743105886,11064200
2023-10-02,36.01478576660156,36.180710324560735,35.922607019465936,36.143837419148966,15001400
2023-10-03,35.55387878417969,35.82120202710271,35.49856943572876,35.70136686365563,14829500
2023-10-04,35.40638732910156,35.5262224811237,35.31420860686475,35.4709131379459,12806100
2023-10-05,35.55387878417969,35.5630987671181,35.314211973678724,35.48013650263831,12896000
2023-10-06,36.04243469238281,36.11618049503209,35.51700815588365,35.56310104073615,8077500
2023-10-09,35.821197509765625,35.83963395692429,35.4985649590782,35.563094282329885,8680800
2023-10-10,36.39271926879883,36.42959216915751,36.08852663182303,36.08852663182303,10417300
2023-10-11,36.503334045410156,36.66004211198604,36.383502395174034,36.549426928539894,8324500
2023-10-12,36.11617660522461,36.558640824285476,36.00556142955765,36.54942435814366,10723000
2023-10-13,35.9779052734375,36.263664955521214,35.90416299456003,36.134613330190845,8884300
2023-10-16,36.23600769042969,36.29131351385017,35.94103157754499,35.95946450775672,9309500
2023-10-17,36.07929992675781,36.26366087781039,35.91337542244976,35.91337542244976,7607500
2023-10-18,35.48935317993164,35.72901999185583,35.44326381414543,35.71980352525587,8860600
2023-10-19,35.360294342041016,35.60918108623029,35.3418578962056,35.45247305482557,12489600
2023-10-20,34.936275482177734,35.16672583887708,34.91783903167458,35.09298003686446,12400000
2023-10-23,34.862525939941406,34.9823610971587,34.530676899273814,34.66894850501631,10778600
2023-10-24,35.295772552490234,35.35107837989153,34.95470354034873,34.95470354034873,10458700
2023-10-25,34.9178352355957,35.083759755692284,34.84408944160034,35.000797495643994,12138000
2023-10-26,34.788787841796875,34.87175011193095,34.66895267018245,34.7058255716628,14799400
2023-10-27,34.82564926147461,35.222024070744986,34.77955990336255,35.13906181958624,11386300
2023-10-30,35.13907241821289,35.38795924675822,35.05611014203111,35.332653406899496,10203000
2023-10-31,34.973140716552734,34.973140716552734,34.71503747292429,34.89939843968445,10625700
2023-11-01,35.22203063964844,35.23125062282595,34.880965106339424,34.92705447304714,10184900
2023-11-02,35.765892028808594,35.793548460728154,35.58153105371509,35.66449331668751,8751400
2023-11-03,36.42036819458008,36.49411398721567,36.1346120390995,36.14382850498249,8225300
2023-11-06,36.53099060058594,36.669258701257135,36.46646478366072,36.641605784401555,7206300
2023-11-07,36.54020690917969,36.55864335913467,36.254450725860615,36.43880819262391,8266100
2023-11-08,36.3742790222168,36.55863998837502,36.32818965977548,36.44802481523727,8356200
2023-11-09,36.0516471862793,36.43880202057741,36.0147742926149,36.35583976802886,6534800
2023-11-10,36.300540924072266,36.30975739106424,36.03321766819145,36.10695995330729,6802200
2023-11-13,36.36506271362305,36.494114335574274,36.18070174666717,36.24522755764278,6659600
2023-11-14,37.2131233215332,37.259212690469184,36.798311968322494,36.82596840279884,9723700
2023-11-15,37.47122573852539,37.655583192726915,37.37904349503159,37.44356930728073,11710600
2023-11-16,37.08406448364258,37.24998899271959,36.93657642183999,37.05641157092733,8660000
2023-11-17,37.2315559387207,37.25920885395623,37.11172077871161,37.14859367662103,19053100
2023-11-20,37.6279296875,37.674019050327246,37.332953545734036,37.332953545734036,8716600
2023-11-21,37.406700134277344,37.627930487106546,37.35139078787351,37.56340467449861,7471700
2023-11-22,37.3053092956543,37.44357741624948,37.20391056404822,37.36983512187748,6353500
2023-11-24,37.42513656616211,37.4527930001466,37.25921202782873,37.277648478353925,2391500
2023-11-27,37.24999237060547,37.31451818372085,37.19468302376667,37.27764528582832,10166800
2023-11-28,37.5541877746582,37.591057155441966,37.351390356578904,37.42513263453946,9536100
2023-11-29,37.342166900634766,37.55418428148356,37.31451398852087,37.35138688226785,11069500
2023-11-30,37.452789306640625,37.48965868766166,37.194682541135144,37.43435285793359,9398300
2023-12-01,37.6094970703125,37.618717053652965,37.16703281259039,37.26843153097546,9284800
2023-12-04,37.27764129638672,37.462002249726034,37.21311549017686,37.37903999654297,11018200
2023-12-05,37.148597717285156,37.18547061920526,36.95502025679482,37.02876254424155,8508300
2023-12-06,37.102508544921875,37.37904827800284,37.102508544921875,37.296086006439204,10089300
2023-12-07,37.24999237060547,37.286865268498,37.13937719332096,37.2315559216592,7593100
2023-12-08,37.065635681152344,37.15781793653703,36.918147588930346,36.991893393238094,7744300
2023-12-11,37.2315559387207,37.24999238767542,37.001105601376416,37.04719496556665,13378300
2023-12-12,37.2315559387207,37.24999238767542,36.96423270346698,37.11172077871161,10349000
2023-12-13,37.58184051513672,37.58184051513672,36.899705986100265,37.05641404017868,11221200
2023-12-14,38.079612731933594,38.13491855909797,37.78463659908065,37.79385306481042,13440600
2023-12-15,37.85838317871094,38.12570642837716,37.85838317871094,38.07961706170205,11128700
2023-12-18,37.85367965698242,37.87251276411701,37.66535217768442,37.768932470900715,11145300
2023-12-19,38.11733627319336,38.16441724537695,37.90076092751048,37.93842714207653,9147300
2023-12-20,37.31694793701172,37.82542745138716,37.298114830249986,37.75951337374501,16805400
2023-12-21,38.04200744628906,38.0608369615292,37.80659899326017,37.91017569527262,15129700
2023-12-22,37.91017150878906,37.96667082441394,37.75951025917026,37.834842680003426,13387300
2023-12-26,38.15499496459961,38.24915689040055,38.08908089812951,38.136161861029976,12500800
2023-12-27,38.362159729003906,38.399822348236235,38.2397463383679,38.24916109516408,9863800
2023-12-28,38.59756851196289,38.785892385977675,38.58815016303356,38.64464948046658,11344600
2023-12-29,38.70114517211914,38.823558563760166,38.578735372525756,38.578735372525756,10314100
2024-01-02,38.24916076660156,38.44690657809881,38.164413587973485,38.35274105070784,11730100
2024-01-03,38.136165618896484,38.23974590271246,37.938423400001035,38.004337472966185,9683200
2024-01-04,38.070247650146484,38.2491567453085,38.0419997909228,38.11732861286836,9929100
2024-01-05,38.126739501953125,38.34331476174316,38.07965495639514,38.13615425583682,8938300
2024-01-08,38.192657470703125,38.202072225552,37.81600261990443,37.844250476497926,11027400
2024-01-09,37.750091552734375,37.81600561804293,37.67475913978336,37.750091552734375,13068500
2024-01-10,37.712432861328125,37.78776528929085,37.64651878288468,37.77834693977158,8019700
2024-01-11,37.87250900268555,37.97608928561443,37.63710057495537,37.957256180350306,12870600
2024-01-12,38.051414489746094,38.29623765076206,38.02316663056465,38.16440951851906,7892100
2024-01-16,37.26044464111328,37.637099552063944,37.21336367525631,37.60884809891181,12668400
2024-01-17,36.76137924194336,36.780212346339376,36.563637033856224,36.6295511032186,15727300
2024-01-18,36.97795867919922,37.05328751313861,36.82729741927266,36.959125572702426,10678200
2024-01-19,37.31694793701172,37.33578104377345,36.91204512175406,37.06270638380009,9934800
2024-01-22,37.02504348754883,37.10979067954566,36.87438221200425,36.902630078653814,10555600
2024-01-23,37.23219680786133,37.27927777375352,37.025036247478745,37.05328410860457,11831400
2024-01-24,37.712432861328125,37.947841310639845,37.674766647346765,37.91959344617776,11096700
2024-01-25,37.80659103393555,37.947833920788625,37.703010761681654,37.87250509954308,8637800
2024-01-26,37.816009521484375,37.91958980396019,37.71242923900856,37.740680692804936,7775300
2024-01-29,37.8254280090332,37.91959354423011,37.618271015695775,37.910175194686474,12469700
2024-01-30,37.46760559082031,37.49585345221865,37.326359099733686,37.420524624473934,8527000
2024-01-31,37.32635498046875,37.646510545158876,37.25102616103718,37.38285428907775,9833700
2024-02-01,37.58060073852539,37.5994338435286,37.37344017553761,37.45818735202829,12720700
2024-02-02,37.31694793701172,37.35461055848735,37.12862046144223,37.27928172348826,10067300
2024-02-05,37.41110610961914,37.46760542421205,37.185116035342425,37.21336389661515,10195400
2024-02-06,38.33390808105469,38.34332642985095,37.957256746299,38.023170819682434,10777600
2024-02-07,38.3056640625,38.37157814249751,38.155002795070274,38.18325066019836,9253800
2024-02-08,38.1079216003418,38.211501894604865,38.023174413403645,38.164417330268606,7914500
2024-02-09,38.25857925415039,38.29624187319582,37.96667150625084,38.1267511073724,8825000
2024-02-12,38.42807388305664,38.60698299893897,38.1832471012728,38.21149855581562,8682500
2024-02-13,37.72184753417969,38.12675031489467,37.580601041540504,38.0231700325656,35414600
2024-02-14,38.26798629760742,38.31506725596027,38.12674342254888,38.183239135753546,9530700
2024-02-15,38.50341033935547,38.51282869008426,38.3433342974493,38.36216740685856,7562500
2024-02-16,38.691734313964844,38.81414771794069,38.62582023306585,38.64465334075814,8155600
2024-02-20,38.767059326171875,38.908305823898225,38.654064283219384,38.823558643671944,8923700
2024-02-21,38.80472183227539,38.936549968472626,38.69172680011309,38.814140180316514,11952300
2024-02-22,39.143707275390625,39.19078823555081,38.99304604764983,39.12487417291715,14835700
2024-02-23,39.153133392333984,39.200214361837084,39.02130164885851,39.153133392333984,8514500
2024-02-26,39.02130126953125,39.10604845063208,38.98363864952353,39.02130126953125,9508400
2024-02-27,39.143707275390625,39.209621338024284,39.11545941770392,39.143707275390625,11725900
2024-02-28,38.54106521606445,38.88005390157463,38.493984252420766,38.88005390157463,6849100
2024-02-29,38.62582015991211,38.78589618692135,38.56932083694226,38.748233563656115,10169300
2024-03-01,39.143707275390625,39.200206582811056,38.86121792238251,38.9365467402294,15639200
2024-03-04,38.983638763427734,39.17196264015966,38.94597255126227,39.17196264015966,8596700
2024-03-05,38.719974517822266,38.93654982535701,38.663478797972424,38.823554793610036,7463300
2024-03-06,39.20021438598633,39.350875643717686,39.171962930628894,39.228462249296044,10248500
2024-03-07,39.3885383605957,39.43561932594957,39.17195945428261,39.26612497703774,7739600
2024-03-08,39.3226203918457,39.558028808825746,39.27553942685917,39.454452122674326,12121100
2024-03-11,39.42619323730469,39.548606596829856,39.36969752679053,39.36969752679053,6976400
2024-03-12,39.76519012451172,39.774608472917286,39.52978170303672,39.633361983213305,6316500
2024-03-13,39.53919982910156,39.61452865568529,39.482700515128194,39.52978148074895,10209100
2024-03-14,39.3226203918457,39.60511336585966,39.23787321805099,39.58628026145557,6643000
2024-03-15,39.20857620239258,39.36880543255359,39.1897290886373,39.349954723393175,5914600
2024-03-18,39.29340362548828,39.51018139340549,39.25570580158481,39.51018139340549,6729200
2024-03-19,39.1331787109375,39.208577955545415,38.972949473612076,39.1331787109375,7812700
2024-03-20,39.4442024230957,39.4630531311805,39.08604975569938,39.18029970071842,9988200
2024-03-21,39.47248458862305,39.67041165199609,39.4442067257088,39.67041165199609,8668500
2024-03-22,39.21799850463867,39.31224844337988,39.170873535268065,39.293397736550695,8168700
2024-03-25,39.21799850463867,39.27454702972152,39.16144638415113,39.16144638415113,8294900
2024-03-26,39.1331787109375,39.255706528256326,39.1331787109375,39.255706528256326,8532300
2024-03-27,39.236854553222656,39.24627811021784,39.086052473463525,39.15202815864532,6784100
2024-03-28,39.36880874633789,39.48190941541529,39.28398234567848,39.31225661409647,6862800
2024-04-01,39.529029846191406,39.76465831031001,39.4442034552925,39.60443268050378,9390000
2024-04-02,39.660987854003906,39.81178993881206,39.61385928123455,39.68926212134128,8542100
2024-04-03,39.717533111572266,39.78350879351933,39.50075535725977,39.53845677420238,17641800
2024-04-04,39.57615280151367,40.1322360417701,39.55730209560953,40.019131806345236,15019100
2024-04-05,39.69868469238281,39.77408753061625,39.51018119220444,39.57616047336131,13412800
2024-04-08,39.94374084472656,40.01914008854293,39.87776515811026,39.87776515811026,12719900
2024-04-09,40.29247283935547,40.35844853064127,40.13224718777724,40.2359207059367,8974600
2024-04-10,39.8494873046875,39.97201512074767,39.74581019843699,39.90603943411649,13390400
2024-04-11,39.981441497802734,40.02857007335346,39.75524015494356,39.981441497802734,9347300
2024-04-12,39.20857620239258,39.585583194790736,39.13317696115603,39.585583194790736,12304300
2024-04-15,38.963523864746094,39.44420436060225,38.888121028703104,39.397079385777936,13310700
2024-04-16,38.48284149169922,38.633643561023966,38.37916439490003,38.50168860438549,16523300
2024-04-17,38.54882049560547,38.7844489739517,38.445143389868285,38.76559826423537,14338700
2024-04-18,38.652488708496094,38.83156862855514,38.55823876823694,38.66191585976486,8766000
2024-04-19,38.53939437866211,38.595946509330744,38.41686655991607,38.48284584339882,16916700
2024-04-22,38.86927795410156,38.89755222285318,38.50169448330314,38.520545194272714,8416500
2024-04-23,39.189727783203125,39.218002048299354,38.90697075062075,38.91639790258951,7065000
2024-04-24,39.312252044677734,39.39707843547743,39.170877123614915,39.34995346178983,5988800
2024-04-25,39.434783935546875,39.46305820360586,39.02950264814283,39.02950264814283,8399900
2024-04-26,39.88719177246094,39.90604248371116,39.72696611994237,39.76466394703727,6255300
2024-04-29,40.283042907714844,40.283042907714844,40.05683800523651,40.09453942155039,6554300
2024-04-30,39.745811462402344,40.0379920806359,39.726964347398585,39.953165681497474,10650600
2024-05-01,39.79294204711914,40.16052193016002,39.73638991303379,39.764664182373686,12105500
2024-05-02,40.763729095458984,40.85797905404931,40.21706926849983,40.34902424409392,7447700
2024-05-03,41.121883392333984,41.1407341022083,40.83912993502984,40.989932018619065,9291800
2024-05-06,41.04648208618164,41.093607064925195,40.97108283927303,41.03705852859509,8758100
2024-05-07,40.75429916381836,40.848549107668056,40.71659774811652,40.801424135743204,7311100
2024-05-08,40.71659851074219,40.75429992715018,40.4998207595037,40.51867146770769,8144800
2024-05-09,40.87682342529297,40.89567413316858,40.6506221215954,40.76372277344418,9857800
2024-05-10,40.96165466308594,41.17843243621567,40.93338039562716,41.12188390129811,7764000
2024-05-13,41.282108306884766,41.41405967827827,41.21613262118801,41.35751114505546,6805000
2024-05-14,41.489463806152344,41.49888736351401,41.30096030027117,41.31038745303816,8627200
2024-05-15,41.84761428833008,41.857037844381274,41.564857271126705,41.70623577972839,7240600
2024-05-16,42.00784683227539,42.083249674731256,41.85704474276908,41.904169721601285,9801100
2024-05-17,42.3094482421875,42.38485107970835,42.10209403441036,42.139795453170784,9999900
2024-05-20,42.21520233154297,42.28117802298633,42.111525217730396,42.13979948680454,8348500
2024-05-21,41.97014236450195,42.05496875840468,41.857041704433364,42.0078437829932,5187400
2024-05-22,41.84761428833008,42.03611417259256,41.75336075079401,41.96071493796853,5654300
2024-05-23,41.527164459228516,42.00784497471026,41.45176162010692,41.98899426492986,7511400
2024-05-24,41.659114837646484,41.77221549822326,41.593139152692935,41.63083697594841,5688000
2024-05-28,41.54601287841797,41.79106490124197,41.451759334712534,41.706238509609605,5834500
2024-05-29,41.02763366699219,41.1124600716303,40.95223441587253,41.05591153214197,8038200
2024-05-30,40.952232360839844,41.05590947190664,40.782579560077,40.83913169213309,5290500
2024-05-31,40.6035041809082,40.62235129664267,40.33017426248667,40.59407702763545,10096300
2024-06-03,41.0087776184082,41.22555897625324,40.82027771743797,41.112454721184925,10536500
2024-06-04,40.36787033081055,40.40556815268517,40.16051613117742,40.29246749625121,13022800
2024-06-05,40.886253356933594,40.905104066090935,40.594072758102534,40.594072758102534,8354800
2024-06-06,41.07476043701172,41.13130897401265,40.9239547505947,41.037059015407465,7268300
2024-06-07,40.73545455932617,41.03705873932018,40.6883259849352,40.961655896618964,8035800
2024-06-10,40.952232360839844,41.018208050535904,40.66947889137024,40.93338165015448,7629700
2024-06-11,40.857975006103516,40.86740215827184,40.65062439866668,40.820277183645516,7057100
2024-06-12,41.17842483520508,41.40462971933676,41.103025604097624,41.30095263058493,9027600
2024-06-13,41.13130569458008,41.31980919216636,40.99935432489123,41.244406354969776,4471900
2024-06-14,41.24440383911133,41.25383099088844,41.008775380352816,41.09360176932208,6505800
2024-06-17,41.470611572265625,41.517736548153074,41.23498309742321,41.29153522573126,4790200
2024-06-18,41.80048751831055,41.875890351579976,41.50831052790397,41.58370976576842,7175100
2024-06-20,41.7250862121582,41.90416253918891,41.546009885127496,41.88531183180597,9742900
2024-06-21,41.583168029785156,41.715628053511196,41.573704537081895,41.649398041648176,8758500
2024-06-24,41.554779052734375,41.84808595415089,41.554779052734375,41.59262580309743,6846700
2024-06-25,41.431785583496094,41.56424561027078,41.32770881695454,41.51693897346054,10373200
2024-06-26,41.31824493408203,41.3655551797108,41.21417177778773,41.308785050515276,7393200
2024-06-27,41.2993278503418,41.4601711462823,41.26148109508571,41.431787884472854,9108200
2024-06-28,41.403404235839844,41.58317453266521,41.30879094960108,41.56425115356435,9177500
2024-07-01,41.49802017211914,41.70617372815157,41.441250036128814,41.65886347686025,12952900
2024-07-02,41.64939880371094,41.66832218019875,41.39393863502299,41.431785387998616,8358400
2024-07-03,42.2643928527832,42.27385634578387,41.85755288538118,41.85755288538118,7496300
2024-07-05,42.25493240356445,42.2927791565305,41.98054885845816,42.26439228717346,7304400
2024-07-08,42.25493240356445,42.387392429680595,42.2076257669894,42.2927791565305,8687100
2024-07-09,42.43470001220703,42.4536233891119,42.24547346168862,42.35901011385268,9928800
2024-07-10,42.60500717163086,42.61447066479948,42.46308725748775,42.52931727260756,7567400
2024-07-11,42.9361572265625,43.134847255124164,42.832080466097395,43.05915375323506,8468200
2024-07-12,43.13485336303711,43.26731340083462,43.106470100442024,43.106470100442024,6332300
2024-07-15,42.69015884399414,42.89831237413645,42.65231570063962,42.89831237413645,8192800
2024-07-16,42.96454620361328,42.96454620361328,42.71854950826179,42.74693277061553,7094000
2024-07-17,42.340084075927734,42.58608074170016,42.31170081698684,42.54823759953393,8376500
2024-07-18,41.971092224121094,42.43470235141884,41.9048622059357,42.42524246707749,7141200
2024-07-19,41.564247131347656,41.84809057186162,41.54532375407804,41.81024381732238,8240500
2024-07-22,41.88593673706055,41.9332433749364,41.725089837164504,41.83863009918469,6633700
2024-07-23,41.450714111328125,41.58317415456418,41.431790732399335,41.55478728153825,7529800
2024-07-24,41.015480041503906,41.44124700714805,41.00602015749634,41.36555710729196,7505400
2024-07-25,40.91140365600586,41.204706957571666,40.77894002548353,40.88301678769006,9856100
2024-07-26,41.36555099487305,41.45070437541911,41.214167608265015,41.31824075403052,10790800
2024-07-29,41.2236328125,41.34663295789251,41.09117278327657,41.337169464796496,5465400
2024-07-30,41.11009979248047,41.27094309667304,40.96817625762139,41.27094309667304,6055000
2024-07-31,41.90486145019531,42.018398106570494,41.78186130038415,41.838631433204355,7014000
2024-08-01,41.21417236328125,41.79131910994229,41.119555479944566,41.69670583587066,23320700
2024-08-02,40.76948165893555,40.78840503542844,40.51402149017899,40.72217502233582,13596500
2024-08-05,39.6435661315918,39.870639421264876,38.70687888621199,38.76364901326269,17981300
2024-08-06,39.91794967651367,40.20179672824805,39.548952840377204,39.61518285664451,13328000
2024-08-07,40.23017501831055,40.80732532526071,40.211251643249014,40.76001869223925,13033700
2024-08-08,41.10062789916992,41.12901476589981,40.66540110813487,40.73163111506348,10484100
2024-08-09,41.2047119140625,41.28986531072318,40.98709848021083,41.12902201106707,7496800
2024-08-12,41.38447570800781,41.49801234932021,41.25201208233447,41.29932232470732,7570400
2024-08-13,41.69670867919922,41.734555435114686,41.393941850406044,41.460171868625466,5378800
2024-08-14,41.431785583496094,41.649399000235235,41.31824532403348,41.61155224708102,8553800
2024-08-15,41.88593673706055,41.96162663580889,41.63047656141279,41.63993644528192,7715100
2024-08-16,42.3211669921875,42.34009037071643,42.10355355300293,42.11301343763469,3570700
2024-08-19,42.75639343261719,42.822623452157366,42.49147335445649,42.519856617326454,6170400
2024-08-20,42.340084075927734,42.56716097524948,42.245470806614854,42.56716097524948,10259400
2024-08-21,42.53877639770508,42.59554652790874,42.38739299309373,42.38739299309373,8536500
2024-08-22,42.03731918334961,42.43469926354555,41.9805490536366,42.37793274309758,10341300
2024-08-23,42.642852783203125,42.71854628946342,42.302239223561855,42.4157794829523,8900700
2024-08-26,42.368473052978516,42.51985646986898,42.29278314916596,42.4630899443259,7267600
2024-08-27,42.41577911376953,42.45362225730526,42.273855595399276,42.34008560816806,7969600
2024-08-28,42.14139938354492,42.34008943983219,42.02785911486763,42.30224268360643,8009300
2024-08-29,42.198158264160156,42.40631177642823,42.188698381450095,42.264388270924606,9398100
2024-08-30,42.31169891357422,42.47254218602348,42.16031552392474,42.43469543629494,4305300
2024-09-03,41.6683235168457,42.05624372412712,41.583170124551486,42.05624372412712,12945100
2024-09-04,41.64939880371094,41.86701221942325,41.554781921271875,41.554781921271875,8069800
2024-09-05,41.762935638427734,41.92378253465436,41.668322364834445,41.74401226185607,8108800
2024-09-06,41.157405853271484,41.84809292068581,41.100635718276266,41.76293952282566,7794100
2024-09-09,41.441246032714844,41.526399423841404,41.28986262729707,41.30878600413243,6432800
2024-09-10,41.34663391113281,41.38448066585923,41.062790469215045,41.36555728849602,6925700
2024-09-11,41.60209655761719,41.64940319919673,40.968176010801976,41.28040634190471,5534800
2024-09-12,41.8764762878418,41.89539966622067,41.554786073931815,41.63993947200403,5350400
2024-09-13,42.065704345703125,42.13193436206391,41.97109106783492,41.97109106783492,5074900
2024-09-16,42.22655487060547,42.26439801943911,42.06570795331683,42.17924822761429,7750700
2024-09-17,42.273860931396484,42.434704237204464,42.17924764671714,42.387397594864794,7129300
2024-09-18,42.12247085571289,42.62392768196957,42.08462410411411,42.33062438024127,7547400
2024-09-19,43.00238800048828,43.06861801118613,42.671234337734134,42.84154111074715,7295500
2024-09-20,42.977718353271484,43.139037259825066,42.89231316158495,43.08210287865922,5975100
2024-09-23,43.32882308959961,43.46167479365131,43.19597138554791,43.24341790557531,8742600
2024-09-24,44.837646484375,44.91356381387622,44.28725670530367,44.439091364306115,9822000
2024-09-25,44.38215637207031,44.666839137099295,44.363177038410015,44.600413279257126,10615400
2024-09-26,45.79608154296875,45.95740406630353,45.45446440284474,45.81506087629859,9345700
2024-09-27,45.78659439086914,46.11872367940812,45.72965639000342,45.890978915820746,12020500
2024-09-30,45.40701675415039,45.853022062060276,45.283656510635744,45.834042727687745,13600800
2024-10-01,45.748634338378906,45.758125814871335,45.226715349362074,45.615782626986,15944400
2024-10-02,46.69758605957031,46.69758605957031,46.24209286003461,46.612180858411236,11686700
2024-10-03,45.995365142822266,46.19464272331988,45.65374436486185,45.710678747896665,12395300
2024-10-04,46.555240631103516,46.555240631103516,46.22310772606355,46.431876773806515,8533900
2024-10-07,46.96328353881836,47.039197246583925,46.5931919961724,46.868386879189615,11884500
2024-10-08,45.58731460571289,45.72016631468212,45.198247335186906,45.625273271114835,13781800
2024-10-09,45.2741584777832,45.37854299174833,44.809177522767904,44.885091229327855,14915900
2024-10-10,45.369056701660156,45.46394974311934,45.01794448439869,45.35956522555174,13793600
2024-10-11,45.69169998168945,45.75812583741863,45.17926884897491,45.217227515088055,8903100
2024-10-14,45.47343826293945,45.777103963903095,45.26467284469498,45.359565887539055,8111600
2024-10-15,44.56245422363281,45.1223318919509,44.48654050959086,45.074885368182464,7197200
2024-10-16,44.9799919128418,45.10335214953376,44.82816086619672,44.89458672285784,5157800
2024-10-17,44.837646484375,44.93253952631402,44.63836892434056,44.81866715199969,5971400
2024-10-18,45.388038635253906,45.64425058586542,45.33110063515262,45.64425058586542,4309000
2024-10-21,45.06539535522461,45.169776254545916,44.847134840444696,45.06539535522461,4572000
2024-10-22,45.00845718383789,45.11284170269408,44.894584808693665,44.90407266498171,5096100
2024-10-23,44.723777770996094,44.95152253826714,44.5529673855739,44.82816229763608,6341900
2024-10-24,44.67633056640625,44.742756424177806,44.46756151630263,44.657351232766125,5688700
2024-10-25,44.63836669921875,44.92304943078252,44.562449373501835,44.894582243607346,6644300
2024-10-28,44.78070831298828,44.88509283067751,44.62887727451419,44.63836875063366,5168900
2024-10-29,44.60989761352539,44.885092499962504,44.58143042525171,44.885092499962504,4484500
2024-10-30,44.28725814819336,44.42011347914896,44.14491858064738,44.19236510316271,5443000
2024-10-31,44.19236373901367,44.27776892487999,43.91716884900693,44.24930173623706,12630400
2024-11-01,44.20185470581055,44.60989767809459,44.17338389755819,44.42959945220455,9021100
2024-11-04,44.34419631958008,44.67632921835393,44.34419631958008,44.52449455381436,5748600
2024-11-05,44.989479064941406,45.07488425358782,44.837648020674195,44.91356535277662,5433600
2024-11-06,44.56245422363281,44.71428527165444,44.17338693683127,44.353688795064144,7592600
2024-11-07,45.53037643432617,45.64424881016104,45.30263168265643,45.350078204259496,7464700
2024-11-08,44.40113067626953,44.80917725390082,44.21134098110239,44.76172711515602,9563800
2024-11-11,44.144920349121094,44.32521858987725,44.031047966534985,44.31573073296915,7754800
2024-11-12,43.3952522277832,43.75585232318572,43.27188837042013,43.56606260876662,10307300
2024-11-13,43.16750717163086,43.51861578794889,43.110569171712655,43.480657121336755,8077600
2024-11-14,42.901798248291016,43.167505283013355,42.901798248291016,43.07260862063483,5310000
2024-11-15,42.8163948059082,42.97771732855313,42.74048109285117,42.97771732855313,5938200
2024-11-18,43.17699432373047,43.19597365672682,42.83537356967137,42.83537356967137,6150600
2024-11-19,43.24342346191406,43.319340799662456,43.05363373748097,43.05363373748097,6387500
2024-11-20,43.23393249511719,43.243420351684385,43.00618411819042,43.195973828973116,5727400
2024-11-21,43.08210372924805,43.12955025446893,42.8828225314198,43.05363291816525,7958500
2024-11-22,43.09158706665039,43.09158706665039,42.92077669782041,42.99669402616149,9676600
2024-11-25,43.110565185546875,43.23392903066078,42.98720134043297,43.21494969910962,7512400
2024-11-26,42.88282012939453,43.0821013160603,42.82588575029371,43.06312198304749,6829600
2024-11-27,43.04414367675781,43.2624005817048,42.882821152269685,43.214954058009845,6838300
2024-11-29,43.24342346191406,43.27189065360076,42.73099229192609,42.73099229192609,5041200
2024-12-02,43.461673736572266,43.51861173118276,43.252908329541825,43.271884041141305,7995000
2024-12-03,43.64198303222656,43.66095874706795,43.39525530003286,43.490151973929656,6459700
2024-12-04,43.708404541015625,43.765338919745574,43.61350787656969,43.708404541015625,5962800
2024-12-05,43.99308395385742,44.05001832826405,43.90767877231014,43.926658103758136,8518300
2024-12-06,44.01206588745117,44.220831305847305,43.97410722231095,44.21134344953103,5264300
2024-12-09,45.08436965942383,45.41650253941131,45.04641461537342,45.074881803395584,8016800
2024-12-10,44.24930191040039,44.60041051148274,44.239810434190375,44.60041051148274,4972700
2024-12-11,44.325218200683594,44.363176867858265,44.13542848474799,44.296751010271464,10085600
2024-12-12,44.059513092041016,44.287257846538395,44.04053375917663,44.12593894709755,5510300
2024-12-13,44.078495025634766,44.154408741633766,43.94564330768314,44.11645369360318,5686500
2024-12-16,43.85074234008789,44.02155270926733,43.84125448399457,43.87921314824277,7880700
2024-12-17,43.74635314941406,43.8317583248789,43.50911695311586,43.651460118869615,9017700
2024-12-18,42.730987548828125,43.746358298911396,42.71200821649771,43.62299806866997,10539000
2024-12-19,42.91128921508789,43.20545981512532,42.91128921508789,43.16750477056202,11289300
2024-12-20,43.150367736816406,43.325301950648516,42.771341135291514,42.9754335229843,12254500
2024-12-23,43.335018157958984,43.35445570443556,43.033741748571515,43.10177130757305,12668200
2024-12-24,43.509952545166016,43.568265184831944,43.31558078694586,43.568265184831944,6401300
2024-12-26,43.40304946899414,43.490516578003,43.28642789276002,43.40304946899414,9727900
2024-12-27,43.24755096435547,43.27670543034446,43.05317920731875,43.189238325044585,11621300
2024-12-30,42.8685302734375,43.07261896048226,42.80050071108924,43.062902040432405,9244100
2024-12-31,42.80049514770508,42.97542934452852,42.75190313910581,42.8879622461168,8915800
2025-01-02,42.683876037597656,42.907405982608594,42.60612955408646,42.75190930825304,9015000
2025-01-03,42.89768600463867,42.93656110064949,42.71303485958709,42.81021889228093,7090300
2025-01-06,42.88796615600586,43.296143514250375,42.839374142976695,43.296143514250375,14552900
2025-01-07,42.615840911865234,43.1114890454709,42.59640707402389,43.07261395512287,9112700
2025-01-08,42.343727111816406,42.39231912615471,42.188230441534,42.36316465901834,7991900
2025-01-10,41.60511779785156,41.8092064772875,41.517650691331454,41.78976893057937,13572400
2025-01-13,41.30384063720703,41.30384063720703,41.06087686875287,41.109468880977126,8281800
2025-01-14,41.79948425292969,41.984139085934004,41.624553753907264,41.984139085934004,20008000
2025-01-15,42.236820220947266,42.285412232714364,42.081323558892834,42.236820220947266,8989900
2025-01-16,42.217384338378906,42.38260163369698,42.217384338378906,42.372881006560796,7984200
2025-01-17,42.5672492980957,42.849088144738495,42.36316063287135,42.382598178225955,7930500
2025-01-21,42.96571350097656,43.0240261421861,42.75190789787431,42.89768393989861,8541700
2025-01-22,42.92683792114258,43.033742575150654,42.800499427617574,42.96571301484242,8276000
2025-01-23,43.0920524597168,43.111490005323574,42.82965115502441,42.89768071098176,5612200
2025-01-24,43.3253059387207,43.37389795651739,43.111496611615316,43.26699329296469,5863400
2025-01-27,42.62556457519531,42.761623693774965,42.5089430031746,42.761623693774965,8042500
2025-01-28,42.8685302734375,42.89768474092015,42.40204025704958,42.64500403895994,6716500
2025-01-29,42.89768600463867,43.198962437722706,42.84909398829175,43.08234085702345,8798900
2025-01-30,43.55854797363281,43.68489018248327,43.169804426708275,43.18924197478783,7179100
2025-01-31,43.150367736816406,43.70432484484043,43.09205509642804,43.61685773792438,9874200
2025-02-03,42.89768600463867,43.13093287337038,42.43119597450847,42.518663086866205,14712300
2025-02-04,43.58769989013672,43.714042091590166,43.26698963393398,43.33501919456284,5600900
2025-02-05,43.39332962036133,43.51966810803278,43.31557943656399,43.38360899372025,5502100
2025-02-06,43.59741973876953,43.59741973876953,43.44192307334695,43.50995263276102,6457500
2025-02-07,43.616859436035156,44.0930663754146,43.57798434092941,43.98616171754036,8334900
2025-02-10,44.05419158935547,44.0639085087158,43.87925738220696,43.927849393674244,4835700
2025-02-11,43.869537353515625,43.97644200460062,43.665448678171295,43.75291578293785,4066400
2025-02-12,44.083351135253906,44.20969334549572,43.70432821186172,43.79179532551632,7962200
2025-02-13,44.316593170166016,44.3263137977316,43.733481565558506,43.733481565558506,8905300
2025-02-14,44.58871078491211,44.60814833081509,44.404055952500215,44.48180613611213,5739800
2025-02-18,44.802520751953125,44.90942541119666,44.72477426807893,44.82195829975496,7226900
2025-02-19,44.67618179321289,44.7636489037559,44.60815223027201,44.724773808551646,4656800
2025-02-20,45.15238952636719,45.33704437816211,44.9094257380755,45.074643041927104,11032800
2025-02-21,45.09408187866211,45.56057192063448,44.958019039170196,45.39535461206095,8865400
2025-02-24,44.404056549072266,44.86082961559704,44.37490208349251,44.86082961559704,7218600
2025-02-25,44.384620666503906,44.51096286763976,44.22912399869554,44.43321638740208,8254500
2025-02-26,44.81224060058594,45.08435885041535,44.685898395736665,44.86083261557932,10751600
2025-02-27,44.0250358581543,44.540121588805206,43.98616076389139,44.510963414441505,7357200
2025-02-28,43.47107696533203,43.5002314311721,43.121208545919636,43.32530092879879,9729600
2025-03-03,43.05318069458008,43.77235510825976,42.917121572154116,43.66545045282993,15146500
2025-03-04,43.4224853515625,43.78207069377654,42.98514982328439,43.19895912762767,10263400
2025-03-05,44.715049743652344,44.78308300869636,44.093063097531484,44.199967747458416,12869100
2025-03-06,44.48180389404297,44.88026429663795,44.452649430324406,44.70533009966136,10690500
2025-03-07,44.66645812988281,44.83167541960494,44.30687279201635,44.608149198372665,7457100
2025-03-10,43.66545104980469,44.15137861215966,43.39333280123249,44.15137861215966,9895200
2025-03-11,43.976444244384766,44.22912494472816,43.71404291672062,43.99588179169319,7704600
2025-03-12,44.13193893432617,44.19025157363365,43.830662525570226,44.08334692190306,9465600
2025-03-13,43.99588394165039,44.102788603404335,43.675169956388565,43.752920149421705,7420000
2025-03-14,44.783084869384766,44.81223933609151,44.50124600010964,44.530400466816374,6944600
2025-03-17,45.39535140991211,45.45366405129532,44.783085358387076,44.8316773725399,9626800
2025-03-18,45.27872848510742,45.41478760361378,45.11351119311189,45.41478760361378,7580400
2025-03-19,45.34675598144531,45.51197326592478,45.16210485863439,45.405068618437966,8007900
2025-03-20,44.93858337402344,45.035767405239824,44.744211604257515,44.8413956354739,6651900
2025-03-21,44.73136520385742,44.82865182732176,44.57571031741972,44.672993229778825,5581000
2025-03-24,44.86756134033203,45.02321622182518,44.80919307921279,44.925933312556374,6227100
2025-03-25,44.81891632080078,45.00375531815145,44.78000167574649,44.86755777156624,5974200
2025-03-26,44.54652404785156,44.86756061211213,44.488152076574615,44.79946183450822,9811700
2025-03-27,44.83837890625,44.955119144010496,44.52706913148518,44.52706913148518,5447700
2025-03-28,44.079559326171875,44.54652396217415,44.00173003128564,44.54652396217415,9167400
2025-03-31,44.030914306640625,44.06010214787182,43.50558140884484,43.71960454827829,8140100
2025-04-01,44.17684555053711,44.23521752608443,43.82662111946377,44.06983211758633,13223500
2025-04-02,44.215755462646484,44.35195301322304,44.050370071871434,44.07955791206992,6058600
2025-04-03,43.418025970458984,43.68069427892098,43.35965399821017,43.4277527769479,11227700
2025-04-04,40.98591232299805,41.89065739781229,40.557858655108866,41.62798911372705,31160900
2025-04-07,39.33208084106445,40.73297478044661,38.84565887044639,39.00131375259997,38745400
2025-04-08,38.80674362182617,40.56759246422263,38.456519214622006,40.56759246422263,21585800
2025-04-09,41.33613967895508,41.50152136356563,38.74837500738179,39.01103959928031,29071700
2025-04-10,40.80107498168945,41.161029924489824,40.05198467549323,40.97618719410443,17617000
2025-04-11,41.929569244384766,41.987941212487605,41.180482731474974,41.3945058589757,16757000
2025-04-14,42.31871032714844,42.5619213060401,42.09495667190072,42.299253003504504,7442500
2025-04-15,42.32844161987305,42.571652624543006,42.31871481257263,42.571652624543006,5598400
2025-04-16,41.79337692260742,42.231157460358574,41.65717935777491,42.07550257039209,7211500
2025-04-17,42.1241455078125,42.45491262450179,42.104688181994845,42.29925772906597,7553700
2025-04-21,42.17278289794922,42.47436585236784,41.88093046105334,42.41599388054663,6689400
2025-04-22,42.83431625366211,43.096984555209296,42.63001992282708,42.70784921710995,8785500
2025-04-23,43.25263977050781,43.7001470828147,43.20399831675359,43.54449220413817,8130700
2025-04-24,43.79743194580078,43.8460733976052,43.36938197437504,43.52503684681212,4305200
2025-04-25,43.65150451660156,43.67096183982839,43.38883621969683,43.544491094406496,7557900
2025-04-28,43.76824951171875,43.82661777170221,43.554222662165955,43.77797631801432,5881000
2025-04-29,43.92390823364258,43.98227649873342,43.807164281250174,43.84607893204764,5248700
2025-04-30,44.02118682861328,44.11846973495275,43.61259416866152,43.875258757999084,39652200
2025-05-01,44.001731872558594,44.27412699384883,43.982274548022836,44.22548553806203,10333800
2025-05-02,45.178871154785156,45.28588458176581,45.03294679071572,45.15941383068821,10651000
2025-05-05,45.538822174072266,45.72366117046579,45.52909165730667,45.56800630215945,6050500
2025-05-06,45.3150749206543,45.480456617934415,45.159416319300796,45.159416319300796,10111600
2025-05-07,44.75082015991211,45.04267259264705,44.682721382644125,44.98430433276308,6294700
2025-05-08,44.67298889160156,44.95511450559317,44.66326208575231,44.8870157313338,11808600
2025-05-09,44.9940299987793,45.25669829491557,44.916200706099694,45.18859951937338,6544300
2025-05-12,46.00579071044922,46.132257750370904,45.830678504752164,46.01551751694123,8861800
2025-05-13,46.0836181640625,46.23927305198113,45.73339373846928,45.79176571310324,8319500
2025-05-14,46.46302795410156,46.56031458107254,46.37547184538036,46.54085725567835,9528500
2025-05-15,46.38520050048828,46.46302608783371,46.20036148332584,46.46302608783371,6978000
2025-05-16,46.433841705322266,46.463025836530804,46.23927217135325,46.31710146938293,5940400
2025-05-19,46.62841033935547,46.62841033935547,46.20036034176922,46.219813954795995,6980600
2025-05-20,46.5311279296875,46.540854736305384,46.36574252834224,46.44357182570593,6938500
2025-05-21,46.41437911987305,46.774334015802644,46.33655354176987,46.68677792099609,8524100
2025-05-22,46.307369232177734,46.42411317488754,46.17117167678801,46.25872777826784,10094800
2025-05-23,46.5019416809082,46.55058313787452,46.13225992797468,46.141990446031116,7399000
2025-05-27,46.33655548095703,46.38519693319526,46.19062741313742,46.297640834724476,5895500
2025-05-28,46.05443572998047,46.17117597244646,46.02525159714032,46.17117597244646,15196400
2025-05-29,46.258731842041016,46.46302819307278,46.11280746749206,46.45330138587834,10474100
2025-05-30,45.723663330078125,45.90850233520193,45.460995031572736,45.84040355904553,9403000
2025-06-02,46.04470443725586,46.05443124355323,45.71393735656964,45.84040439396067,16323000
2025-06-03,46.15171432495117,46.18090216616341,45.94741799199077,46.02524728708333,7926200
2025-06-04,46.60895538330078,46.67705416566976,46.453300493442356,46.50194195069087,8385800
2025-06-05,46.72568893432617,46.95917309124415,46.64786335609003,46.93971576890892,9619000
2025-06-06,46.929988861083984,46.949442472272075,46.72568883256141,46.80351812173283,6974600
2025-06-09,47.27048873901367,47.35804484492137,47.0856497203664,47.14401798356804,7796900
2025-06-10,47.62071228027344,47.62071228027344,47.37750129182578,47.523425658231275,6603200
2025-06-11,47.7763671875,47.912564747319614,47.69853788982869,47.825008642991975,8005700
2025-06-12,47.78609085083008,47.80554817396802,47.60125184767703,47.669350623107356,8442200
2025-06-13,47.066192626953125,47.221847514764704,46.92026454602122,46.98836332749471,8019000
2025-06-16,47.503971099853516,47.77636621394204,47.4942405822903,47.52342471276976,7234000
2025-06-17,46.968902587890625,47.2899428581584,46.91053432864557,47.22184408163584,7342700
2025-06-18,46.842437744140625,47.05646088989615,46.7646084466985,46.90080600611706,8555900
2025-06-20,46.40241241455078,46.83170167335749,46.38289875889831,46.83170167335749,7903000
2025-06-23,46.78292465209961,46.80243830994481,46.30484933951625,46.382903970897075,9587100
2025-06-24,47.797607421875,47.836631011546146,47.39758678341386,47.39758678341386,10711500
2025-06-25,47.91468811035156,47.95371542388853,47.81711982650912,47.91468811035156,7019000
2025-06-26,48.23665237426758,48.304948309529124,48.04152325743421,48.148842782952826,7417500
2025-06-27,48.187870025634766,48.285438305760216,48.03176449928337,48.15860140252179,8246100
2025-06-30,48.25616455078125,48.31470551714599,47.963467162655995,48.07079040673341,9388200
2025-07-01,48.45130157470703,48.50984254613579,48.29519603941321,48.39276060327827,12817900
2025-07-02,48.587894439697266,48.5976531293917,48.21714239015075,48.29519702030775,13396200
2025-07-03,48.80253982543945,48.84156713961802,48.6366756011053,48.64643429057471,5099600
2025-07-07,48.226898193359375,48.509840627969346,48.15860225698447,48.3830037224805,8273700
2025-07-08,48.41227340698242,48.45130072058027,48.29519518803836,48.43178706378135,8605100
2025-07-09,48.40251541137695,48.47081134497575,48.25616485546568,48.46105265626207,7040500
2025-07-10,48.45130157470703,48.48057019949664,48.27568238227029,48.45130157470703,9290200
2025-07-11,48.38300704956055,48.46105795856362,48.34397973413419,48.46105795856362,7209600
2025-07-14,48.44154357910156,48.4805671690986,48.30494798763937,48.37324764429512,5039700
2025-07-15,48.79277801513672,48.909859950183744,48.66594483494304,48.85131898266023,7898700
2025-07-16,49.01718521118164,49.02694017857854,48.617164554618455,48.78302505331199,7597200
2025-07-17,49.319637298583984,49.35866461164423,48.97815761393041,49.026939894331,10502400
2025-07-18,49.26110076904297,49.55379817756332,49.2318284228963,49.47574355030484,5386100
2025-07-21,49.5147705078125,49.69038969603152,49.33915131959348,49.436715881115404,5867900
2025-07-22,49.5245246887207,49.553797034191966,49.21231363058948,49.436715096005706,16282800
2025-07-23,49.98308563232422,50.00259928842455,49.768439137069926,49.807466449270585,15946900
2025-07-24,49.739173889160156,49.92454805191883,49.719660231735624,49.91479308413136,5681800
2025-07-25,49.60258102416992,49.60258102416992,49.35866589398062,49.50501646083401,5360100
2025-07-28,49.21231460571289,49.41720614067399,49.15377735730927,49.387933794622704,6660200
2025-07-29,49.24158477783203,49.38793161422961,49.19279877718354,49.36841795834007,8877100
2025-07-30,48.84156799316406,49.10499678569873,48.76351336344286,49.03669712376788,10545200
2025-07-31,48.587894439697266,48.831809576163465,48.50008484169545,48.675704037699084,6256200
2025-08-01,48.33422088623047,48.57813600529075,48.16835666990781,48.55862234914401,14479400
2025-08-04,48.783023834228516,48.90010204931285,48.65618693014171,48.890347082159714,7863300
2025-08-05,48.93913269042969,49.1049969181097,48.851323092681355,49.0074286306951,9528700
2025-08-06,49.153778076171875,49.192801668395184,48.90010425654801,49.04645482339636,6443800
2025-08-07,49.5147705078125,49.70014466344393,49.41720594629058,49.592825134509596,5728600
2025-08-08,49.45623016357422,49.495257477416594,49.3391519438966,49.36842056835363,5063700
2025-08-11,49.3976936340332,49.53428551262118,49.27085672312313,49.35866631962248,5237100
2025-08-12,49.96356964111328,50.00259695148995,49.57330770289408,49.602576324752,6045300
2025-08-13,50.529457092285156,50.60750799523056,50.441647500315725,50.470916123689086,7072400
2025-08-14,49.96356964111328,50.10016150558246,49.81722280997452,50.01235191815954,9942400
2025-08-15,50.10992431640625,50.246516192112196,50.07089700281899,50.168461564937665,5513000
2025-08-18,50.49042892456055,50.519697547438085,50.35383705533299,50.42213298994677,7465800
2025-08-19,50.12944030761719,50.412379039676985,50.090412992212514,50.412379039676985,7113300
2025-08-20,50.10992431640625,50.13919294067196,49.826981875672814,50.1001656270847,8344100
2025-08-21,50.02211380004883,50.10016470393571,49.90503558329381,49.983086487180685,5551700
2025-08-22,50.90020751953125,50.92947986597605,50.21724813331116,50.27578538250173,6505000
2025-08-25,50.68556594848633,50.97826336698907,50.68556594848633,50.841671486477765,6631000
2025-08-26,50.57823944091797,50.67580400019528,50.50018481601662,50.65629034396994,8479300
2025-08-27,50.23676300048828,50.25627293612211,49.93430689226952,50.002602832536724,5998700
2025-08-28,50.42213439941406,50.42213439941406,50.158705620604636,50.20748790071392,5949800
2025-08-29,50.27578353881836,50.33432450771167,50.080654419539435,50.2465149152964,6356500
2025-09-02,50.20748519897461,50.23675754294451,49.76843725791805,49.82697822400866,10064300
2025-09-03,50.344078063964844,50.363591719715714,50.18797253980717,50.305054474312385,10285300
2025-09-04,50.12944030761719,50.14895396531953,49.856252821634094,49.98308973577447,10215600
2025-09-05,50.705078125,50.90996593978271,50.50994527774764,50.82215634461162,11562200
2025-09-08,51.20266342163086,51.20266342163086,50.94899332514125,51.01728926349805,8471500
2025-09-09,51.39779281616211,51.49535737244597,51.329496882393556,51.3685241936468,9703100
2025-09-10,51.631954193115234,51.817332078427114,51.592930599967644,51.690495165611026,9247400
2025-09-11,52.2758903503418,52.285645317536556,51.9051383255016,51.94416563797939,8570400
2025-09-12,52.178321838378906,52.295400053445086,52.12953955892211,52.217349150684086,7096200
2025-09-15,52.52956008911133,52.58810105743947,52.392968218195016,52.51004643300195,11818100
2025-09-16,52.86128616333008,52.910068443937654,52.61737103844275,52.744207945502,9032500
2025-09-17,53.19301223754883,53.52473696472279,52.939338416966045,53.17349858043865,11017700
2025-09-18,52.9490966796875,53.01739261809791,52.69542286114927,52.83201845981959,10529600
2025-09-19,52.88044357299805,53.05697354896627,52.831408299929436,53.05697354896627,8883100
2025-09-22,53.02755355834961,53.066783273579524,52.83140872335162,52.90005885442819,7307000
2025-09-23,53.01774597167969,53.23350191488633,52.96870695894273,53.10601095699422,7973800
2025-09-24,52.91967010498047,53.12562048417235,52.86082927729782,52.97851467381442,12004400
2025-09-25,52.61565017700195,52.76275599013184,52.468540622720695,52.59603532035436,7593600
2025-09-26,52.517578125,52.52738742431623,52.213557186924255,52.27239801821554,8561200
2025-09-29,52.90005874633789,53.13543329608485,52.88044388876302,52.93928846148764,7232800
2025-09-30,53.135433197021484,53.204083327829785,53.00793849359826,53.08639792375149,15944300
2025-10-01,53.468875885009766,53.52772045497474,53.30215147401802,53.30215147401802,11430800
2025-10-02,53.61598205566406,53.88077701054484,53.42964652792636,53.841551038124706,9704400
2025-10-03,53.733673095703125,53.880778915069044,53.586563535185675,53.82193808378329,8222000
2025-10-06,53.920005798339844,53.97885036768682,53.763090687899236,53.82193525724622,8798700
2025-10-07,53.62579345703125,54.125959230647446,53.566948884366944,54.125959230647446,8179600
2025-10-08,53.92981719970703,53.93962275773815,53.66502223904905,53.78270764117988,7099900
2025-10-09,53.459068298339844,54.02788793609915,53.34138289579194,54.02788793609915,9095700
2025-10-10,51.52705001831055,53.46887593515959,51.39955532050921,53.419840664051804,20103500
2025-10-13,52.958900451660156,53.14523597680521,52.723525914657294,52.958900451660156,7688800
2025-10-14,52.488155364990234,52.82160044496995,52.08606015746922,52.17432514161536,11937500
2025-10-15,53.28253936767578,53.46887489070607,52.96870540818332,53.311959781535485,9739600
2025-10-16,53.459068298339844,53.81212824713507,53.34138289579194,53.58656300010512,11303400
2025-10-17,53.33157730102539,53.44926270349231,52.96870805326252,53.0177470670126,7325300
2025-10-20,53.96904373168945,54.02788830393979,53.56694850752429,53.596372664225214,6237500
2025-10-21,53.48849105834961,53.71405629949045,53.48849105834961,53.704247000529186,6480900
2025-10-22,53.459068298339844,53.792513389851834,53.194277077894924,53.58656300010512,7893600
2025-10-23,53.86116409301758,53.97885323796956,53.62579328541668,53.66502300040067,5989300
2025-10-24,54.116153717041016,54.24364842067631,54.06711844368946,54.174998289753816,5573300
2025-10-27,54.567283630371094,54.59670404583505,54.390753655284364,54.54766877301129,5513400
2025-10-28,54.53786087036133,54.58689614107709,54.204415791882255,54.29268077563117,7194100
2025-10-29,54.69477844238281,54.95957340554423,54.459403894744376,54.90072883334675,11930300
2025-10-30,54.12595748901367,54.361332030945604,54.03769250343312,54.1651872028609,6294200
2025-10-31,53.91020202636719,53.96904285651183,53.70424789740659,53.94942799941313,9610300
2025-11-03,54.02788543701172,54.08673000613954,53.77289978642716,54.02788543701172,6643100
2025-11-04,53.27273178100586,53.62579172327395,53.27273178100586,53.311961494847075,6179200
2025-11-05,53.74347686767578,53.87097156647678,53.35119095458629,53.468876354398,7337800
2025-11-06,53.53752517700195,53.96904079322167,53.410030481310386,53.83174053993137,6675800
2025-11-07,53.48849105834961,53.49829661615948,52.90005657867007,53.174660832314416,10780600
2025-11-10,54.20441818237305,54.23383859786971,53.85135823180696,54.02788820709,5852400
2025-11-11,54.26325988769531,54.37113598586765,54.10634103693267,54.194606019911,6931800
2025-11-12,54.25345230102539,54.292682014954025,54.00827220069858,54.23383744406107,11239000
2025-11-13,53.77289962768555,54.38094520893937,53.66501978851202,54.38094520893937,6675400
2025-11-14,53.792510986328125,54.08673009127902,53.36099536883218,53.47868076612174,7539600
2025-11-17,53.174659729003906,53.6454050582893,53.01774461924211,53.370800810342665,13415300
2025-11-18,52.998130798339844,53.1550459111674,52.654876416987975,52.821600828764915,10004800
2025-11-19,52.88044357299805,53.12562367949263,52.67449318141897,52.860832456691824,7685900
2025-11-20,52.25278091430664,53.360995996850924,52.233166057668974,53.282540311451626,10361100
2025-11-21,52.04683303833008,52.282207588168234,51.48782269125995,51.74280835752903,9722900
2025-11-24,52.576419830322266,52.615649543144855,52.17432462676906,52.20374504081033,10067900
2025-11-25,52.811790466308594,52.83140532266096,52.30181916575221,52.654875356640936,7507900
2025-11-26,53.06678009033203,53.16485063137242,52.851020410661576,52.958900250496804,7627500
2025-11-28,53.253116607666016,53.27273146447007,53.04716622295049,53.13543120799306,4432100
2025-12-01,53.20408248901367,53.3904180209625,53.07658778760053,53.086397086790804,9267400
2025-12-02,53.086395263671875,53.14523609218683,52.860830025011396,53.10601012022731,7200000
2025-12-03,53.01774597167969,53.066781243265225,52.801986287321625,52.86083085791512,6788600
2025-12-04,53.135433197021484,53.204083327829785,52.978518077866575,53.204083327829785,7373000
2025-12-05,53.351192474365234,53.69444312574041,53.29234790220741,53.49829829303252,7700400
2025-12-08,53.15504837036133,53.32176904870013,53.017748107929,53.14523907095813,10205700
2025-12-09,53.06678009033203,53.08639494677037,52.81179069778489,52.87063526709992,9442500
2025-12-10,53.50810623168945,53.61598233284177,53.05697200558735,53.15504629002321,11644100
2025-12-11,53.390419006347656,53.4296487215298,53.00793863620058,53.16485375577762,11380000
2025-12-12,52.90005874633789,53.4786839507663,52.743143626890436,53.45906909319143,13708300
2025-12-15,52.743141174316406,53.145236383024915,52.7333356165607,53.145236383024915,9769800
2025-12-16,52.44892501831055,52.566610415366895,52.26258949454205,52.46853987467849,11144700
2025-12-17,52.105674743652344,52.6941054741385,52.06644503064624,52.63526090462935,13055400
2025-12-18,52.547000885009766,52.851021815004124,52.52738602805022,52.6646862856156,12955900
2025-12-19,53.11000061035156,53.279998779296875,52.959999084472656,53.029998779296875,12086400
2025-12-22,53.45000076293945,53.5,53.29999923706055,53.43000030517578,11853200
2025-12-23,53.70000076293945,53.720001220703125,53.279998779296875,53.400001525878906,12384600
2025-12-24,53.68000030517578,53.72999954223633,53.619998931884766,53.68000030517578,4991600
2025-12-26,54.02000045776367,54.02000045776367,53.75,53.84000015258789,8209900
2025-12-29,53.61000061035156,53.630001068115234,53.439998626708984,53.5,11570500
2025-12-30,53.810001373291016,53.90999984741211,53.7599983215332,53.81999969482422,6283500
2025-12-31,53.7599983215332,53.93000030517578,53.720001220703125,53.93000030517578,7619600
2026-01-02,54.93000030517578,54.95000076293945,54.63999938964844,54.689998626708984,13654000
2026-01-05,55.290000915527344,55.29999923706055,54.849998474121094,55.040000915527344,17010600
2026-01-06,55.59000015258789,55.81999969482422,55.560001373291016,55.61000061035156,16666000
2026-01-07,55.25,55.41999816894531,55.189998626708984,55.369998931884766,11228500
2026-01-08,55.310001373291016,55.34000015258789,55.0099983215332,55.04999923706055,10794600
2026-01-09,55.43000030517578,55.439998626708984,55.060001373291016,55.2400016784668,8923800
2026-01-12,56.290000915527344,56.34000015258789,55.630001068115234,55.630001068115234,10116900
2026-01-13,55.959999084472656,56.189998626708984,55.83000183105469,56.13999938964844,18907200
2026-01-14,56.08000183105469,56.099998474121094,55.84000015258789,55.95000076293945,22873100
2026-01-15,56.34000015258789,56.56999969482422,56.119998931884766,56.310001373291016,17565400
2026-01-16,56.0,56.150001525878906,55.779998779296875,56.09000015258789,12321400
2026-01-20,55.540000915527344,55.88999938964844,55.47999954223633,55.63999938964844,13740900
2026-01-21,56.11000061035156,56.31999969482422,55.81999969482422,56.0099983215332,17088600
2026-01-22,56.54999923706055,56.790000915527344,56.43000030517578,56.52000045776367,11880500
2026-01-23,56.77000045776367,56.86000061035156,56.33000183105469,56.41999816894531,15530000
2026-01-26,56.93000030517578,57.099998474121094,56.79999923706055,56.84000015258789,11402600
2026-01-27,57.63999938964844,57.689998626708984,57.279998779296875,57.369998931884766,12136800
2026-01-28,57.86000061035156,58.099998474121094,57.619998931884766,58.029998779296875,11659200
2026-01-29,57.63999938964844,58.060001373291016,56.88999938964844,58.0,19033300
2026-01-30,56.470001220703125,57.119998931884766,56.18000030517578,56.959999084472656,21105100
2026-02-02,56.779998779296875,56.90999984741211,56.060001373291016,56.08000183105469,25275000
2026-02-03,56.75,57.08000183105469,56.29999923706055,57.0099983215332,19002300
2026-02-04,56.40999984741211,57.04999923706055,56.119998931884766,57.04999923706055,15093700
2026-02-05,56.040000915527344,56.52000045776367,55.900001525878906,56.15999984741211,11123600
2026-02-06,57.2599983215332,57.290000915527344,56.65999984741211,56.65999984741211,10467300
2026-02-09,57.75,57.86000061035156,57.290000915527344,57.31999969482422,11064400
2026-02-10,58.0099983215332,58.150001525878906,57.83000183105469,58.02000045776367,9922800
2026-02-11,58.5099983215332,58.599998474121094,58.0,58.33000183105469,8333100
2026-02-12,57.7599983215332,58.61000061035156,57.650001525878906,58.61000061035156,10097600
2026-02-13,57.75,57.849998474121094,57.18000030517578,57.459999084472656,9795400
2026-02-17,57.790000915527344,57.880001068115234,57.150001525878906,57.52000045776367,9303300
2026-02-18,57.95000076293945,58.290000915527344,57.779998779296875,57.9900016784668,8544800
2026-02-19,57.59000015258789,57.599998474121094,57.2400016784668,57.470001220703125,6588400
2026-02-20,58.529998779296875,58.540000915527344,57.41999816894531,57.47999954223633,7897400
2026-02-23,58.060001373291016,58.529998779296875,57.95000076293945,58.349998474121094,8877800
2026-02-24,58.68000030517578,58.81999969482422,58.25,58.36000061035156,9636600
2026-02-25,59.0099983215332,59.09000015258789,58.7400016784668,59.09000015258789,6894800
2026-02-26,58.27000045776367,58.650001525878906,57.880001068115234,58.650001525878906,10228300
2026-02-27,58.099998474121094,58.220001220703125,57.83000183105469,57.91999816894531,10701000
2026-03-02,57.2400016784668,57.5,56.7599983215332,56.810001373291016,12725500
2026-03-03,55.22999954223633,55.47999954223633,53.939998626708984,54.880001068115234,31763800
2026-03-04,55.58000183105469,55.66999816894531,55.09000015258789,55.41999816894531,21718700
2026-03-05,54.849998474121094,55.349998474121094,54.2400016784668,54.939998626708984,15623300
2026-03-06,54.470001220703125,54.779998779296875,54.119998931884766,54.33000183105469,9830000
2026-03-09,55.130001068115234,55.34000015258789,53.65999984741211,53.97999954223633,21269100
2026-03-10,55.5099983215332,56.27000045776367,55.20000076293945,55.38999938964844,14404000
2026-03-11,55.560001373291016,55.810001373291016,55.27000045776367,55.52000045776367,12626300
2026-03-12,54.310001373291016,55.09000015258789,54.20000076293945,55.06999969482422,12484500
2026-03-13,54.02000045776367,54.959999084472656,53.88999938964844,54.689998626708984,12987400
2026-03-16,55.02000045776367,55.20000076293945,54.72999954223633,54.79999923706055,10707500
2026-03-17,55.2599983215332,55.47999954223633,55.099998474121094,55.43000030517578,6363500
2026-03-18,54.209999084472656,55.060001373291016,54.20000076293945,54.880001068115234,8065500
2026-03-19,54.0099983215332,54.25,53.150001525878906,53.31999969482422,17655800
2026-03-20,52.560001373291016,53.61000061035156,52.38999938964844,53.560001373291016,15722800
2026-03-23,53.79999923706055,54.27000045776367,53.25,53.31999969482422,21109500
2026-03-24,53.310001373291016,53.560001373291016,52.90999984741211,53.0,15654700
2026-03-25,54.34000015258789,54.599998474121094,54.060001373291016,54.36000061035156,9518500
2026-03-26,52.849998474121094,53.7400016784668,52.84000015258789,53.369998931884766,11507600
2026-03-27,52.4900016784668,52.95000076293945,52.38999938964844,52.709999084472656,13712900
2026-03-30,52.41999816894531,52.849998474121094,52.20000076293945,52.810001373291016,11231200
2026-03-31,54.04999923706055,54.099998474121094,52.66999816894531,52.66999816894531,15494800
2026-04-01,54.209999084472656,54.619998931884766,54.09000015258789,54.209999084472656,20099400
2026-04-02,53.81999969482422,54.150001525878906,53.04999923706055,53.18000030517578,10256100
2026-04-06,54.0099983215332,54.29999923706055,53.790000915527344,53.88999938964844,8924300
2026-04-07,54.09000015258789,54.11000061035156,53.40999984741211,53.91999816894531,7711400
2026-04-08,56.5,56.93000030517578,56.15999984741211,56.81999969482422,13739000
2026-04-09,56.439998626708984,56.619998931884766,55.900001525878906,56.119998931884766,6776400
2026-04-10,56.75,57.06999969482422,56.650001525878906,56.939998626708984,7160400
2026-04-13,57.18000030517578,57.22999954223633,56.45000076293945,56.45000076293945,6327900
2026-04-14,57.97999954223633,58.029998779296875,57.59000015258789,57.650001525878906,4706300
2026-04-15,58.09000015258789,58.189998626708984,57.810001373291016,57.970001220703125,7012400
2026-04-16,58.209999084472656,58.45000076293945,57.95000076293945,58.27000045776367,4837500
2026-04-17,59.18000030517578,59.619998931884766,59.040000915527344,59.099998474121094,7123800
2026-04-20,58.90999984741211,58.95000076293945,58.59000015258789,58.810001373291016,6691700
2026-04-21,58.20000076293945,58.95000076293945,58.119998931884766,58.939998626708984,7712700
2026-04-22,58.7599983215332,58.81999969482422,58.540000915527344,58.599998474121094,4763700
2026-04-23,57.91999816894531,58.400001525878906,57.41999816894531,58.220001220703125,6906600
2026-04-24,59.02000045776367,59.06999969482422,58.529998779296875,58.61000061035156,5426500
2026-04-27,58.72999954223633,58.959999084472656,58.619998931884766,58.95000076293945,5036300
2026-04-28,58.31999969482422,58.369998931884766,58.0,58.130001068115234,8273900
2026-04-29,58.08000183105469,58.31999969482422,57.869998931884766,58.25,7061600
2026-04-30,58.93000030517578,59.029998779296875,58.16999816894531,58.380001068115234,7341700
2026-05-01,58.9900016784668,59.43000030517578,58.86000061035156,58.88999938964844,10537600
2026-05-04,58.72999954223633,59.22999954223633,58.5,58.9900016784668,7068000
2026-05-05,59.36000061035156,59.47999954223633,59.16999816894531,59.279998779296875,7505700
2026-05-06,60.75,60.79999923706055,60.09000015258789,60.11000061035156,11277600
2026-05-07,60.209999084472656,61.029998779296875,60.15999984741211,60.9900016784668,7522900
2026-05-08,60.540000915527344,60.70000076293945,60.38999938964844,60.5099983215332,7629600
2026-05-11,60.38999938964844,60.54999923706055,60.279998779296875,60.41999816894531,5425700
2026-05-12,59.38999938964844,59.630001068115234,58.900001525878906,59.560001373291016,8088100
2026-05-13,59.939998626708984,60.099998474121094,59.290000915527344,59.38999938964844,10806900
2026-05-14,59.959999084472656,60.04999923706055,59.560001373291016,59.65999984741211,6763500
2026-05-15,58.439998626708984,58.720001220703125,58.220001220703125,58.61000061035156,6194200
2026-05-18,58.47999954223633,58.77000045776367,58.11000061035156,58.7599983215332,6597100
2026-05-19,57.869998931884766,58.189998626708984,57.58000183105469,57.65999984741211,5940700
2026-05-20,58.66999816894531,58.75,57.91999816894531,58.13999938964844,18616100
2026-05-21,58.70000076293945,58.91999816894531,58.08000183105469,58.220001220703125,11031600
2026-05-22,58.97999954223633,59.279998779296875,58.790000915527344,58.90999984741211,7554100
2026-05-26,60.22999954223633,60.290000915527344,59.9900016784668,60.02000045776367,5973900
2026-05-27,60.290000915527344,60.56999969482422,60.060001373291016,60.36000061035156,5130300
2026-05-28,59.900001525878906,60.130001068115234,59.40999984741211,59.56999969482422,8932700
2026-05-29,59.880001068115234,60.27000045776367,59.869998931884766,60.220001220703125,7541600
